/* Generated by tools/gen_assets.py: do not edit. */
#ifndef ASSETS_H
#define ASSETS_H

enum {  /* sprite ids */
    SPR_BEE_A, SPR_BEE_B, SPR_BFLY_A, SPR_BFLY_B, SPR_BOSS_A, SPR_BOSS_B, SPR_BOSSP_A, SPR_BOSSP_B, SPR_SHIP, SPR_CAPTIVE, SPR_PBUL, SPR_EBUL, SPR_EXPL1, SPR_EXPL2, SPR_EXPL3, SPR_PEXP1, SPR_PEXP2, SPR_PEXP3, SPR_PEXP4, SPR_LIFE, SPR_COUNT
};
static const unsigned short sprite_words[10140] = {
    0x0000, 0x0000, 0x0000, 0x0c00, 0x3000, 0x0000, 0x0000, 0x0000, 0x0000, 0x0000, 0x0000, 0x0000,
    0x0c00, 0x3000, 0x0000, 0x0000, 0x0000, 0x0000, 0x0c00, 0x3000, 0x0000, 0x0000, 0x0000, 0x0000,
    0x0000, 0x0000, 0x0000, 0x0c00, 0x3000, 0x0000, 0x0000, 0x0000, 0x0000, 0x0200, 0x4000, 0x0000,
    0x0000, 0x0000, 0x0000, 0x0000, 0x0000, 0x0000, 0x0200, 0x4000, 0x0000, 0xe000, 0x0700, 0x0000,
    0xe000, 0x0700, 0x0000, 0x01ff, 0x8000, 0x0000, 0x0000, 0x0000, 0x0000, 0x0000, 0x0000, 0x0000,
    0xe000, 0x0700, 0x0000, 0xe000, 0x0700, 0x0000, 0x01ff, 0x8000, 0x0000, 0x0000, 0x0000, 0x0000,
    0x0000, 0x0000, 0x0000, 0xf1c3, 0x8f00, 0x0000, 0x9000, 0x0900, 0x0000, 0x63ff, 0xc600, 0x0000,
    0x0000, 0x0000, 0x0000, 0x0000, 0x0000, 0x0000, 0xfdc3, 0xbf00, 0x0000, 0x8dc3, 0xb100, 0x0000,
    0x73ff, 0xce00, 0x0000, 0x0000, 0x0000, 0x0000, 0x0000, 0x0000, 0x0000, 0xfdc3, 0xbf00, 0x0000,
    0x8dc3, 0xb100, 0x0000, 0x73ff, 0xce00, 0x0000, 0x0000, 0x0000, 0x0000, 0x0000, 0x0000, 0x0000,
    0xfc00, 0x3f00, 0x0000, 0x8c00, 0x3100, 0x0000, 0x73bd, 0xce00, 0x0000, 0x0000, 0x0000, 0x0000,
    0x0000, 0x0000, 0x0000, 0x7000, 0x0e00, 0x0000, 0x6000, 0x0600, 0x0000, 0x1fff, 0xf800, 0x0000,
    0x0000, 0x0000, 0x0000, 0x0000, 0x0000, 0x0000, 0x7000, 0x0e00, 0x0000, 0x6000, 0x0600, 0x0000,
    0x1fff, 0xf800, 0x0000, 0x0000, 0x0000, 0x0000, 0x0000, 0x0000, 0x0000, 0x1181, 0x8800, 0x0000,
    0x11ff, 0x8800, 0x0000, 0x0e00, 0x7000, 0x0000, 0x0000, 0x0000, 0x0000, 0x01ff, 0x8000, 0x0000,
    0x0c00, 0x3000, 0x0000, 0x0c00, 0x3000, 0x0000, 0x03ff, 0xc000, 0x0000, 0x0000, 0x0000, 0x0000,
    0x0000, 0x0000, 0x0000, 0x0c00, 0x3000, 0x0000, 0x0c00, 0x3000, 0x0000, 0x03ff, 0xc000, 0x0000,
    0x0000, 0x0000, 0x0000, 0x0000, 0x0000, 0x0000, 0x0181, 0x8000, 0x0000, 0x01ff, 0x8000, 0x0000,
    0x0200, 0x4000, 0x0000, 0x0000, 0x0000, 0x0000, 0x01ff, 0x8000, 0x0000, 0x0200, 0x4000, 0x0000,
    0x0200, 0x4000, 0x0000, 0x01ff, 0x8000, 0x0000, 0x0000, 0x0000, 0x0000, 0x0000, 0x0000, 0x0000,
    0x0200, 0x4000, 0x0000, 0x0200, 0x4000, 0x0000, 0x01ff, 0x8000, 0x0000, 0x0000, 0x0000, 0x0000,
    0x0000, 0x0000, 0x0000, 0x0181, 0x8000, 0x0000, 0x0181, 0x8000, 0x0000, 0x007e, 0x0000, 0x0000,
    0x0000, 0x0000, 0x0000, 0x0000, 0x0000, 0x0000, 0x007e, 0x0000, 0x0000, 0x007e, 0x0000, 0x0000,
    0x0000, 0x0000, 0x0000, 0x0000, 0x0000, 0x0000, 0x0000, 0x0000, 0x0000, 0x007e, 0x0000, 0x0000,
    0x007e, 0x0000, 0x0000, 0x0000, 0x0000, 0x0000, 0x0000, 0x0000, 0x0000, 0x0000, 0x0000, 0x0000,
    0x003c, 0x0000, 0x0000, 0x003c, 0x0000, 0x0000, 0x0000, 0x0000, 0x0000, 0x0000, 0x0000, 0x0000,
    0x0000, 0x0000, 0x0000, 0x0c00, 0x3000, 0x0000, 0x0c00, 0x3000, 0x0000, 0x0c00, 0x3000, 0x0000,
    0x0c00, 0x3000, 0x0000, 0x0c00, 0x3000, 0x0000, 0x0c00, 0x3000, 0x0000, 0x0c00, 0x3000, 0x0000,
    0x0c00, 0x3000, 0x0000, 0x0c00, 0x3000, 0x0000, 0x0c00, 0x3000, 0x0000, 0x0200, 0x4000, 0x0000,
    0x0200, 0x4000, 0x0000, 0x0200, 0x4000, 0x0000, 0x0200, 0x4000, 0x0000, 0x0200, 0x4000, 0x0000,
    0xe1ff, 0x8700, 0x0000, 0xe1ff, 0x8700, 0x0000, 0xe1ff, 0x8700, 0x0000, 0xe1ff, 0x8700, 0x0000,
    0xe1ff, 0x8700, 0x0000, 0xe1ff, 0x8700, 0x0000, 0xe1ff, 0x8700, 0x0000, 0xe1ff, 0x8700, 0x0000,
    0xe1ff, 0x8700, 0x0000, 0xe1ff, 0x8700, 0x0000, 0xf3ff, 0xcf00, 0x0000, 0xf3ff, 0xcf00, 0x0000,
    0xf3ff, 0xcf00, 0x0000, 0xf3ff, 0xcf00, 0x0000, 0xf3ff, 0xcf00, 0x0000, 0xffff, 0xff00, 0x0000,
    0xffff, 0xff00, 0x0000, 0xffff, 0xff00, 0x0000, 0xffff, 0xff00, 0x0000, 0xffff, 0xff00, 0x0000,
    0xffff, 0xff00, 0x0000, 0xffff, 0xff00, 0x0000, 0xffff, 0xff00, 0x0000, 0xffff, 0xff00, 0x0000,
    0xffff, 0xff00, 0x0000, 0xffbd, 0xff00, 0x0000, 0xffbd, 0xff00, 0x0000, 0xffbd, 0xff00, 0x0000,
    0xffbd, 0xff00, 0x0000, 0xffbd, 0xff00, 0x0000, 0x7fff, 0xfe00, 0x0000, 0x7fff, 0xfe00, 0x0000,
    0x7fff, 0xfe00, 0x0000, 0x7fff, 0xfe00, 0x0000, 0x7fff, 0xfe00, 0x0000, 0x7fff, 0xfe00, 0x0000,
    0x7fff, 0xfe00, 0x0000, 0x7fff, 0xfe00, 0x0000, 0x7fff, 0xfe00, 0x0000, 0x7fff, 0xfe00, 0x0000,
    0x1fff, 0xf800, 0x0000, 0x1fff, 0xf800, 0x0000, 0x1fff, 0xf800, 0x0000, 0x1fff, 0xf800, 0x0000,
    0x1fff, 0xf800, 0x0000, 0x0fff, 0xf000, 0x0000, 0x0fff, 0xf000, 0x0000, 0x0fff, 0xf000, 0x0000,
    0x0fff, 0xf000, 0x0000, 0x0fff, 0xf000, 0x0000, 0x0fff, 0xf000, 0x0000, 0x0fff, 0xf000, 0x0000,
    0x0fff, 0xf000, 0x0000, 0x0fff, 0xf000, 0x0000, 0x0fff, 0xf000, 0x0000, 0x03ff, 0xc000, 0x0000,
    0x03ff, 0xc000, 0x0000, 0x03ff, 0xc000, 0x0000, 0x03ff, 0xc000, 0x0000, 0x03ff, 0xc000, 0x0000,
    0x03ff, 0xc000, 0x0000, 0x03ff, 0xc000, 0x0000, 0x03ff, 0xc000, 0x0000, 0x03ff, 0xc000, 0x0000,
    0x03ff, 0xc000, 0x0000, 0x03ff, 0xc000, 0x0000, 0x03ff, 0xc000, 0x0000, 0x03ff, 0xc000, 0x0000,
    0x03ff, 0xc000, 0x0000, 0x03ff, 0xc000, 0x0000, 0x01ff, 0x8000, 0x0000, 0x01ff, 0x8000, 0x0000,
    0x01ff, 0x8000, 0x0000, 0x01ff, 0x8000, 0x0000, 0x01ff, 0x8000, 0x0000, 0x007e, 0x0000, 0x0000,
    0x007e, 0x0000, 0x0000, 0x007e, 0x0000, 0x0000, 0x007e, 0x0000, 0x0000, 0x007e, 0x0000, 0x0000,
    0x007e, 0x0000, 0x0000, 0x007e, 0x0000, 0x0000, 0x007e, 0x0000, 0x0000, 0x007e, 0x0000, 0x0000,
    0x007e, 0x0000, 0x0000, 0x003c, 0x0000, 0x0000, 0x003c, 0x0000, 0x0000, 0x003c, 0x0000, 0x0000,
    0x003c, 0x0000, 0x0000, 0x003c, 0x0000, 0x0000, 0x0000, 0x0000, 0x0000, 0x0c00, 0x3000, 0x0000,
    0x0000, 0x0000, 0x0000, 0x0000, 0x0000, 0x0000, 0x0c00, 0x3000, 0x0000, 0x0000, 0x0000, 0x0000,
    0x0c00, 0x3000, 0x0000, 0x0000, 0x0000, 0x0000, 0x0000, 0x0000, 0x0000, 0x0c00, 0x3000, 0x0000,
    0x0000, 0x0000, 0x0000, 0x0200, 0x4000, 0x0000, 0x0000, 0x0000, 0x0000, 0x0000, 0x0000, 0x0000,
    0x0200, 0x4000, 0x0000, 0x0000, 0x0000, 0x0000, 0x0000, 0x0000, 0x0000, 0x01ff, 0x8000, 0x0000,
    0x0000, 0x0000, 0x0000, 0x0000, 0x0000, 0x0000, 0x0000, 0x0000, 0x0000, 0x0000, 0x0000, 0x0000,
    0x01ff, 0x8000, 0x0000, 0x0000, 0x0000, 0x0000, 0x0000, 0x0000, 0x0000, 0x01c3, 0x8000, 0x0000,
    0x0000, 0x0000, 0x0000, 0x03ff, 0xc000, 0x0000, 0x0000, 0x0000, 0x0000, 0x0000, 0x0000, 0x0000,
    0x0dc3, 0xb000, 0x0000, 0x0dc3, 0xb000, 0x0000, 0x03ff, 0xc000, 0x0000, 0x0000, 0x0000, 0x0000,
    0x0000, 0x0000, 0x0000, 0x0dc3, 0xb000, 0x0000, 0x0dc3, 0xb000, 0x0000, 0x03ff, 0xc000, 0x0000,
    0x0000, 0x0000, 0x0000, 0x0000, 0x0000, 0x0000, 0x0c00, 0x3000, 0x0000, 0x0c00, 0x3000, 0x0000,
    0x03bd, 0xc000, 0x0000, 0x0000, 0x0000, 0x0000, 0x0000, 0x0000, 0x0000, 0x6c00, 0x3600, 0x0000,
    0x6c00, 0x3600, 0x0000, 0x03ff, 0xc000, 0x0000, 0x0000, 0x0000, 0x0000, 0x0000, 0x0000, 0x0000,
    0x6c00, 0x3600, 0x0000, 0x6c00, 0x3600, 0x0000, 0x03ff, 0xc000, 0x0000, 0x0000, 0x0000, 0x0000,
    0x0000, 0x0000, 0x0000, 0xf181, 0x8f00, 0x0000, 0x91ff, 0x8900, 0x0000, 0x6200, 0x4600, 0x0000,
    0x0000, 0x0000, 0x0000, 0x01ff, 0x8000, 0x0000, 0xfc00, 0x3f00, 0x0000, 0x8c00, 0x3100, 0x0000,
    0x73ff, 0xce00, 0x0000, 0x0000, 0x0000, 0x0000, 0x0000, 0x0000, 0x0000, 0xfc00, 0x3f00, 0x0000,
    0x8c00, 0x3100, 0x0000, 0x73ff, 0xce00, 0x0000, 0x0000, 0x0000, 0x0000, 0x0000, 0x0000, 0x0000,
    0xfd81, 0xbf00, 0x0000, 0x8dff, 0xb100, 0x0000, 0x7200, 0x4e00, 0x0000, 0x0000, 0x0000, 0x0000,
    0x01ff, 0x8000, 0x0000, 0x7200, 0x4e00, 0x0000, 0x6200, 0x4600, 0x0000, 0x1dff, 0xb800, 0x0000,
    0x0000, 0x0000, 0x0000, 0x0000, 0x0000, 0x0000, 0x7200, 0x4e00, 0x0000, 0x6200, 0x4600, 0x0000,
    0x1dff, 0xb800, 0x0000, 0x0000, 0x0000, 0x0000, 0x0000, 0x0000, 0x0000, 0x1181, 0x8800, 0x0000,
    0x1181, 0x8800, 0x0000, 0x0c7e, 0x3000, 0x0000, 0x0000, 0x0000, 0x0000, 0x0000, 0x0000, 0x0000,
    0x007e, 0x0000, 0x0000, 0x007e, 0x0000, 0x0000, 0x0000, 0x0000, 0x0000, 0x0000, 0x0000, 0x0000,
    0x0000, 0x0000, 0x0000, 0x007e, 0x0000, 0x0000, 0x007e, 0x0000, 0x0000, 0x0000, 0x0000, 0x0000,
    0x0000, 0x0000, 0x0000, 0x0000, 0x0000, 0x0000, 0x003c, 0x0000, 0x0000, 0x003c, 0x0000, 0x0000,
    0x0000, 0x0000, 0x0000, 0x0000, 0x0000, 0x0000, 0x0000, 0x0000, 0x0000, 0x0c00, 0x3000, 0x0000,
    0x0c00, 0x3000, 0x0000, 0x0c00, 0x3000, 0x0000, 0x0c00, 0x3000, 0x0000, 0x0c00, 0x3000, 0x0000,
    0x0c00, 0x3000, 0x0000, 0x0c00, 0x3000, 0x0000, 0x0c00, 0x3000, 0x0000, 0x0c00, 0x3000, 0x0000,
    0x0c00, 0x3000, 0x0000, 0x0200, 0x4000, 0x0000, 0x0200, 0x4000, 0x0000, 0x0200, 0x4000, 0x0000,
    0x0200, 0x4000, 0x0000, 0x0200, 0x4000, 0x0000, 0x01ff, 0x8000, 0x0000, 0x01ff, 0x8000, 0x0000,
    0x01ff, 0x8000, 0x0000, 0x01ff, 0x8000, 0x0000, 0x01ff, 0x8000, 0x0000, 0x01ff, 0x8000, 0x0000,
    0x01ff, 0x8000, 0x0000, 0x01ff, 0x8000, 0x0000, 0x01ff, 0x8000, 0x0000, 0x01ff, 0x8000, 0x0000,
    0x03ff, 0xc000, 0x0000, 0x03ff, 0xc000, 0x0000, 0x03ff, 0xc000, 0x0000, 0x03ff, 0xc000, 0x0000,
    0x03ff, 0xc000, 0x0000, 0x0fff, 0xf000, 0x0000, 0x0fff, 0xf000, 0x0000, 0x0fff, 0xf000, 0x0000,
    0x0fff, 0xf000, 0x0000, 0x0fff, 0xf000, 0x0000, 0x0fff, 0xf000, 0x0000, 0x0fff, 0xf000, 0x0000,
    0x0fff, 0xf000, 0x0000, 0x0fff, 0xf000, 0x0000, 0x0fff, 0xf000, 0x0000, 0x0fbd, 0xf000, 0x0000,
    0x0fbd, 0xf000, 0x0000, 0x0fbd, 0xf000, 0x0000, 0x0fbd, 0xf000, 0x0000, 0x0fbd, 0xf000, 0x0000,
    0x6fff, 0xf600, 0x0000, 0x6fff, 0xf600, 0x0000, 0x6fff, 0xf600, 0x0000, 0x6fff, 0xf600, 0x0000,
    0x6fff, 0xf600, 0x0000, 0x6fff, 0xf600, 0x0000, 0x6fff, 0xf600, 0x0000, 0x6fff, 0xf600, 0x0000,
    0x6fff, 0xf600, 0x0000, 0x6fff, 0xf600, 0x0000, 0xf3ff, 0xcf00, 0x0000, 0xf3ff, 0xcf00, 0x0000,
    0xf3ff, 0xcf00, 0x0000, 0xf3ff, 0xcf00, 0x0000, 0xf3ff, 0xcf00, 0x0000, 0xffff, 0xff00, 0x0000,
    0xffff, 0xff00, 0x0000, 0xffff, 0xff00, 0x0000, 0xffff, 0xff00, 0x0000, 0xffff, 0xff00, 0x0000,
    0xffff, 0xff00, 0x0000, 0xffff, 0xff00, 0x0000, 0xffff, 0xff00, 0x0000, 0xffff, 0xff00, 0x0000,
    0xffff, 0xff00, 0x0000, 0xffff, 0xff00, 0x0000, 0xffff, 0xff00, 0x0000, 0xffff, 0xff00, 0x0000,
    0xffff, 0xff00, 0x0000, 0xffff, 0xff00, 0x0000, 0x7fff, 0xfe00, 0x0000, 0x7fff, 0xfe00, 0x0000,
    0x7fff, 0xfe00, 0x0000, 0x7fff, 0xfe00, 0x0000, 0x7fff, 0xfe00, 0x0000, 0x7fff, 0xfe00, 0x0000,
    0x7fff, 0xfe00, 0x0000, 0x7fff, 0xfe00, 0x0000, 0x7fff, 0xfe00, 0x0000, 0x7fff, 0xfe00, 0x0000,
    0x1dff, 0xb800, 0x0000, 0x1dff, 0xb800, 0x0000, 0x1dff, 0xb800, 0x0000, 0x1dff, 0xb800, 0x0000,
    0x1dff, 0xb800, 0x0000, 0x007e, 0x0000, 0x0000, 0x007e, 0x0000, 0x0000, 0x007e, 0x0000, 0x0000,
    0x007e, 0x0000, 0x0000, 0x007e, 0x0000, 0x0000, 0x007e, 0x0000, 0x0000, 0x007e, 0x0000, 0x0000,
    0x007e, 0x0000, 0x0000, 0x007e, 0x0000, 0x0000, 0x007e, 0x0000, 0x0000, 0x003c, 0x0000, 0x0000,
    0x003c, 0x0000, 0x0000, 0x003c, 0x0000, 0x0000, 0x003c, 0x0000, 0x0000, 0x003c, 0x0000, 0x0000,
    0x0000, 0x0000, 0x0000, 0x1042, 0x0800, 0x0000, 0x0000, 0x0000, 0x0000, 0x0000, 0x0000, 0x0000,
    0x1042, 0x0800, 0x0000, 0x0000, 0x0000, 0x0000, 0x1042, 0x0800, 0x0000, 0x0000, 0x0000, 0x0000,
    0x0000, 0x0000, 0x0000, 0x1042, 0x0800, 0x0000, 0x0000, 0x0000, 0x0000, 0x0d81, 0xb000, 0x0000,
    0x0000, 0x0000, 0x0000, 0x0000, 0x0000, 0x0000, 0x0d81, 0xb000, 0x0000, 0x6000, 0x0600, 0x0000,
    0x6000, 0x0600, 0x0000, 0x61ff, 0x8600, 0x0000, 0x8000, 0x0100, 0x0000, 0x01ff, 0x8000, 0x0000,
    0x6000, 0x0600, 0x0000, 0x6000, 0x0600, 0x0000, 0x61ff, 0x8600, 0x0000, 0x8000, 0x0100, 0x0000,
    0x01ff, 0x8000, 0x0000, 0x1042, 0x0800, 0x0000, 0x1c00, 0x3800, 0x0000, 0x1dbd, 0xb800, 0x0000,
    0xe000, 0x0700, 0x0000, 0x01bd, 0x8000, 0x0000, 0x0c42, 0x3000, 0x0000, 0x6e00, 0x7600, 0x0000,
    0x0fbd, 0xf000, 0x0000, 0x9000, 0x0900, 0x0000, 0x61bd, 0x8600, 0x0000, 0x0c42, 0x3000, 0x0000,
    0x6e00, 0x7600, 0x0000, 0x0fbd, 0xf000, 0x0000, 0x9000, 0x0900, 0x0000, 0x61bd, 0x8600, 0x0000,
    0x8000, 0x0100, 0x0000, 0x9200, 0x4900, 0x0000, 0x83ff, 0xc100, 0x0000, 0x6c00, 0x3600, 0x0000,
    0x11ff, 0x8800, 0x0000, 0x7fff, 0xfe00, 0x0000, 0x7fff, 0xfe00, 0x0000, 0x7fff, 0xfe00, 0x0000,
    0x0000, 0x0000, 0x0000, 0x0000, 0x0000, 0x0000, 0x7fff, 0xfe00, 0x0000, 0x7fff, 0xfe00, 0x0000,
    0x7fff, 0xfe00, 0x0000, 0x0000, 0x0000, 0x0000, 0x0000, 0x0000, 0x0000, 0x1e3c, 0x7800, 0x0000,
    0x7fff, 0xfe00, 0x0000, 0x7e3c, 0x7e00, 0x0000, 0x0000, 0x0000, 0x0000, 0x01c3, 0x8000, 0x0000,
    0x0fff, 0xf000, 0x0000, 0x1fff, 0xf800, 0x0000, 0x1fff, 0xf800, 0x0000, 0x0000, 0x0000, 0x0000,
    0x0000, 0x0000, 0x0000, 0x0fff, 0xf000, 0x0000, 0x1fff, 0xf800, 0x0000, 0x1fff, 0xf800, 0x0000,
    0x0000, 0x0000, 0x0000, 0x0000, 0x0000, 0x0000, 0x03c3, 0xc000, 0x0000, 0x1fc3, 0xf800, 0x0000,
    0x1fc3, 0xf800, 0x0000, 0x003c, 0x0000, 0x0000, 0x0000, 0x0000, 0x0000, 0x03bd, 0xc000, 0x0000,
    0x0fbd, 0xf000, 0x0000, 0x0fbd, 0xf000, 0x0000, 0x0042, 0x0000, 0x0000, 0x0000, 0x0000, 0x0000,
    0x03bd, 0xc000, 0x0000, 0x0fbd, 0xf000, 0x0000, 0x0fbd, 0xf000, 0x0000, 0x0042, 0x0000, 0x0000,
    0x0000, 0x0000, 0x0000, 0x01ff, 0x8000, 0x0000, 0x03ff, 0xc000, 0x0000, 0x03ff, 0xc000, 0x0000,
    0x0000, 0x0000, 0x0000, 0x0000, 0x0000, 0x0000, 0x003c, 0x0000, 0x0000, 0x01ff, 0x8000, 0x0000,
    0x01ff, 0x8000, 0x0000, 0x0000, 0x0000, 0x0000, 0x0000, 0x0000, 0x0000, 0x1042, 0x0800, 0x0000,
    0x1042, 0x0800, 0x0000, 0x1042, 0x0800, 0x0000, 0x1042, 0x0800, 0x0000, 0x1042, 0x0800, 0x0000,
    0x1042, 0x0800, 0x0000, 0x1042, 0x0800, 0x0000, 0x1042, 0x0800, 0x0000, 0x1042, 0x0800, 0x0000,
    0x1042, 0x0800, 0x0000, 0x0d81, 0xb000, 0x0000, 0x0d81, 0xb000, 0x0000, 0x0d81, 0xb000, 0x0000,
    0x0d81, 0xb000, 0x0000, 0x0d81, 0xb000, 0x0000, 0xe1ff, 0x8700, 0x0000, 0xe1ff, 0x8700, 0x0000,
    0xe1ff, 0x8700, 0x0000, 0xe1ff, 0x8700, 0x0000, 0xe1ff, 0x8700, 0x0000, 0xe1ff, 0x8700, 0x0000,
    0xe1ff, 0x8700, 0x0000, 0xe1ff, 0x8700, 0x0000, 0xe1ff, 0x8700, 0x0000, 0xe1ff, 0x8700, 0x0000,
    0xfdff, 0xbf00, 0x0000, 0xfdff, 0xbf00, 0x0000, 0xfdff, 0xbf00, 0x0000, 0xfdff, 0xbf00, 0x0000,
    0xfdff, 0xbf00, 0x0000, 0xffff, 0xff00, 0x0000, 0xffff, 0xff00, 0x0000, 0xffff, 0xff00, 0x0000,
    0xffff, 0xff00, 0x0000, 0xffff, 0xff00, 0x0000, 0xffff, 0xff00, 0x0000, 0xffff, 0xff00, 0x0000,
    0xffff, 0xff00, 0x0000, 0xffff, 0xff00, 0x0000, 0xffff, 0xff00, 0x0000, 0xffff, 0xff00, 0x0000,
    0xffff, 0xff00, 0x0000, 0xffff, 0xff00, 0x0000, 0xffff, 0xff00, 0x0000, 0xffff, 0xff00, 0x0000,
    0x7fff, 0xfe00, 0x0000, 0x7fff, 0xfe00, 0x0000, 0x7fff, 0xfe00, 0x0000, 0x7fff, 0xfe00, 0x0000,
    0x7fff, 0xfe00, 0x0000, 0x7fff, 0xfe00, 0x0000, 0x7fff, 0xfe00, 0x0000, 0x7fff, 0xfe00, 0x0000,
    0x7fff, 0xfe00, 0x0000, 0x7fff, 0xfe00, 0x0000, 0x7fff, 0xfe00, 0x0000, 0x7fff, 0xfe00, 0x0000,
    0x7fff, 0xfe00, 0x0000, 0x7fff, 0xfe00, 0x0000, 0x7fff, 0xfe00, 0x0000, 0x1fff, 0xf800, 0x0000,
    0x1fff, 0xf800, 0x0000, 0x1fff, 0xf800, 0x0000, 0x1fff, 0xf800, 0x0000, 0x1fff, 0xf800, 0x0000,
    0x1fff, 0xf800, 0x0000, 0x1fff, 0xf800, 0x0000, 0x1fff, 0xf800, 0x0000, 0x1fff, 0xf800, 0x0000,
    0x1fff, 0xf800, 0x0000, 0x1fff, 0xf800, 0x0000, 0x1fff, 0xf800, 0x0000, 0x1fff, 0xf800, 0x0000,
    0x1fff, 0xf800, 0x0000, 0x1fff, 0xf800, 0x0000, 0x0fff, 0xf000, 0x0000, 0x0fff, 0xf000, 0x0000,
    0x0fff, 0xf000, 0x0000, 0x0fff, 0xf000, 0x0000, 0x0fff, 0xf000, 0x0000, 0x0fff, 0xf000, 0x0000,
    0x0fff, 0xf000, 0x0000, 0x0fff, 0xf000, 0x0000, 0x0fff, 0xf000, 0x0000, 0x0fff, 0xf000, 0x0000,
    0x03ff, 0xc000, 0x0000, 0x03ff, 0xc000, 0x0000, 0x03ff, 0xc000, 0x0000, 0x03ff, 0xc000, 0x0000,
    0x03ff, 0xc000, 0x0000, 0x01ff, 0x8000, 0x0000, 0x01ff, 0x8000, 0x0000, 0x01ff, 0x8000, 0x0000,
    0x01ff, 0x8000, 0x0000, 0x01ff, 0x8000, 0x0000, 0x0000, 0x0000, 0x0000, 0x0c42, 0x3000, 0x0000,
    0x0000, 0x0000, 0x0000, 0x0000, 0x0000, 0x0000, 0x0c42, 0x3000, 0x0000, 0x0000, 0x0000, 0x0000,
    0x0c42, 0x3000, 0x0000, 0x0000, 0x0000, 0x0000, 0x0000, 0x0000, 0x0000, 0x0c42, 0x3000, 0x0000,
    0x0000, 0x0000, 0x0000, 0x0181, 0x8000, 0x0000, 0x0000, 0x0000, 0x0000, 0x0000, 0x0000, 0x0000,
    0x0181, 0x8000, 0x0000, 0x0200, 0x4000, 0x0000, 0x0200, 0x4000, 0x0000, 0x03ff, 0xc000, 0x0000,
    0x0c00, 0x3000, 0x0000, 0x01ff, 0x8000, 0x0000, 0x0200, 0x4000, 0x0000, 0x0200, 0x4000, 0x0000,
    0x03ff, 0xc000, 0x0000, 0x0c00, 0x3000, 0x0000, 0x01ff, 0x8000, 0x0000, 0x0042, 0x0000, 0x0000,
    0x0000, 0x0000, 0x0000, 0x01bd, 0x8000, 0x0000, 0x0e00, 0x7000, 0x0000, 0x01bd, 0x8000, 0x0000,
    0x0042, 0x0000, 0x0000, 0x0c00, 0x3000, 0x0000, 0x01bd, 0x8000, 0x0000, 0x1200, 0x4800, 0x0000,
    0x0dbd, 0xb000, 0x0000, 0x0042, 0x0000, 0x0000, 0x0c00, 0x3000, 0x0000, 0x01bd, 0x8000, 0x0000,
    0x1200, 0x4800, 0x0000, 0x0dbd, 0xb000, 0x0000, 0x1000, 0x0800, 0x0000, 0x1200, 0x4800, 0x0000,
    0x11ff, 0x8800, 0x0000, 0x0c00, 0x3000, 0x0000, 0x03ff, 0xc000, 0x0000, 0x0fff, 0xf000, 0x0000,
    0x0fff, 0xf000, 0x0000, 0x0fff, 0xf000, 0x0000, 0x0000, 0x0000, 0x0000, 0x0000, 0x0000, 0x0000,
    0x0fff, 0xf000, 0x0000, 0x0fff, 0xf000, 0x0000, 0x0fff, 0xf000, 0x0000, 0x0000, 0x0000, 0x0000,
    0x0000, 0x0000, 0x0000, 0x023c, 0x4000, 0x0000, 0x0fff, 0xf000, 0x0000, 0x0e3c, 0x7000, 0x0000,
    0x0000, 0x0000, 0x0000, 0x01c3, 0x8000, 0x0000, 0x03ff, 0xc000, 0x0000, 0x03ff, 0xc000, 0x0000,
    0x03ff, 0xc000, 0x0000, 0x0000, 0x0000, 0x0000, 0x0000, 0x0000, 0x0000, 0x03ff, 0xc000, 0x0000,
    0x03ff, 0xc000, 0x0000, 0x03ff, 0xc000, 0x0000, 0x0000, 0x0000, 0x0000, 0x0000, 0x0000, 0x0000,
    0x03c3, 0xc000, 0x0000, 0x0fc3, 0xf000, 0x0000, 0x0fc3, 0xf000, 0x0000, 0x003c, 0x0000, 0x0000,
    0x0000, 0x0000, 0x0000, 0x0fbd, 0xf000, 0x0000, 0x0fbd, 0xf000, 0x0000, 0x0fbd, 0xf000, 0x0000,
    0x0042, 0x0000, 0x0000, 0x0000, 0x0000, 0x0000, 0x0fbd, 0xf000, 0x0000, 0x0fbd, 0xf000, 0x0000,
    0x0fbd, 0xf000, 0x0000, 0x0042, 0x0000, 0x0000, 0x0000, 0x0000, 0x0000, 0x0dff, 0xb000, 0x0000,
    0x0fff, 0xf000, 0x0000, 0x0fff, 0xf000, 0x0000, 0x0000, 0x0000, 0x0000, 0x0000, 0x0000, 0x0000,
    0x003c, 0x0000, 0x0000, 0x01ff, 0x8000, 0x0000, 0x01ff, 0x8000, 0x0000, 0x0000, 0x0000, 0x0000,
    0x0000, 0x0000, 0x0000, 0x0c42, 0x3000, 0x0000, 0x0c42, 0x3000, 0x0000, 0x0c42, 0x3000, 0x0000,
    0x0c42, 0x3000, 0x0000, 0x0c42, 0x3000, 0x0000, 0x0c42, 0x3000, 0x0000, 0x0c42, 0x3000, 0x0000,
    0x0c42, 0x3000, 0x0000, 0x0c42, 0x3000, 0x0000, 0x0c42, 0x3000, 0x0000, 0x0181, 0x8000, 0x0000,
    0x0181, 0x8000, 0x0000, 0x0181, 0x8000, 0x0000, 0x0181, 0x8000, 0x0000, 0x0181, 0x8000, 0x0000,
    0x0fff, 0xf000, 0x0000, 0x0fff, 0xf000, 0x0000, 0x0fff, 0xf000, 0x0000, 0x0fff, 0xf000, 0x0000,
    0x0fff, 0xf000, 0x0000, 0x0fff, 0xf000, 0x0000, 0x0fff, 0xf000, 0x0000, 0x0fff, 0xf000, 0x0000,
    0x0fff, 0xf000, 0x0000, 0x0fff, 0xf000, 0x0000, 0x0fff, 0xf000, 0x0000, 0x0fff, 0xf000, 0x0000,
    0x0fff, 0xf000, 0x0000, 0x0fff, 0xf000, 0x0000, 0x0fff, 0xf000, 0x0000, 0x1fff, 0xf800, 0x0000,
    0x1fff, 0xf800, 0x0000, 0x1fff, 0xf800, 0x0000, 0x1fff, 0xf800, 0x0000, 0x1fff, 0xf800, 0x0000,
    0x1fff, 0xf800, 0x0000, 0x1fff, 0xf800, 0x0000, 0x1fff, 0xf800, 0x0000, 0x1fff, 0xf800, 0x0000,
    0x1fff, 0xf800, 0x0000, 0x1fff, 0xf800, 0x0000, 0x1fff, 0xf800, 0x0000, 0x1fff, 0xf800, 0x0000,
    0x1fff, 0xf800, 0x0000, 0x1fff, 0xf800, 0x0000, 0x0fff, 0xf000, 0x0000, 0x0fff, 0xf000, 0x0000,
    0x0fff, 0xf000, 0x0000, 0x0fff, 0xf000, 0x0000, 0x0fff, 0xf000, 0x0000, 0x0fff, 0xf000, 0x0000,
    0x0fff, 0xf000, 0x0000, 0x0fff, 0xf000, 0x0000, 0x0fff, 0xf000, 0x0000, 0x0fff, 0xf000, 0x0000,
    0x0fff, 0xf000, 0x0000, 0x0fff, 0xf000, 0x0000, 0x0fff, 0xf000, 0x0000, 0x0fff, 0xf000, 0x0000,
    0x0fff, 0xf000, 0x0000, 0x03ff, 0xc000, 0x0000, 0x03ff, 0xc000, 0x0000, 0x03ff, 0xc000, 0x0000,
    0x03ff, 0xc000, 0x0000, 0x03ff, 0xc000, 0x0000, 0x03ff, 0xc000, 0x0000, 0x03ff, 0xc000, 0x0000,
    0x03ff, 0xc000, 0x0000, 0x03ff, 0xc000, 0x0000, 0x03ff, 0xc000, 0x0000, 0x0fff, 0xf000, 0x0000,
    0x0fff, 0xf000, 0x0000, 0x0fff, 0xf000, 0x0000, 0x0fff, 0xf000, 0x0000, 0x0fff, 0xf000, 0x0000,
    0x0fff, 0xf000, 0x0000, 0x0fff, 0xf000, 0x0000, 0x0fff, 0xf000, 0x0000, 0x0fff, 0xf000, 0x0000,
    0x0fff, 0xf000, 0x0000, 0x0fff, 0xf000, 0x0000, 0x0fff, 0xf000, 0x0000, 0x0fff, 0xf000, 0x0000,
    0x0fff, 0xf000, 0x0000, 0x0fff, 0xf000, 0x0000, 0x0fff, 0xf000, 0x0000, 0x0fff, 0xf000, 0x0000,
    0x0fff, 0xf000, 0x0000, 0x0fff, 0xf000, 0x0000, 0x0fff, 0xf000, 0x0000, 0x01ff, 0x8000, 0x0000,
    0x01ff, 0x8000, 0x0000, 0x01ff, 0x8000, 0x0000, 0x01ff, 0x8000, 0x0000, 0x01ff, 0x8000, 0x0000,
    0x0000, 0x0000, 0x0000, 0x0000, 0x0000, 0x0000, 0x007e, 0x0000, 0x0000, 0x0000, 0x0000, 0x0000,
    0x007e, 0x0000, 0x0000, 0x0000, 0x0000, 0x0000, 0x0000, 0x0000, 0x0000, 0x007e, 0x0000, 0x0000,
    0x0000, 0x0000, 0x0000, 0x007e, 0x0000, 0x0000, 0x003c, 0x0000, 0x0000, 0x0000, 0x0000, 0x0000,
    0x0dc3, 0xb000, 0x0000, 0x0000, 0x0000, 0x0000, 0x0dc3, 0xb000, 0x0000, 0x0000, 0x0000, 0x0000,
    0x0381, 0xc000, 0x0000, 0x1c7e, 0x3800, 0x0000, 0x0000, 0x0000, 0x0000, 0x1fff, 0xf800, 0x0000,
    0x0000, 0x0000, 0x0000, 0x0381, 0xc000, 0x0000, 0x1c7e, 0x3800, 0x0000, 0x0000, 0x0000, 0x0000,
    0x1fff, 0xf800, 0x0000, 0x0000, 0x0000, 0x0000, 0x1fc3, 0xf800, 0x0000, 0x003c, 0x0000, 0x0000,
    0x0000, 0x0000, 0x0000, 0x1fff, 0xf800, 0x0000, 0x103c, 0x0800, 0x0000, 0x0fff, 0xf000, 0x0000,
    0x0000, 0x0000, 0x0000, 0x1fff, 0xf800, 0x0000, 0x0000, 0x0000, 0x0000, 0x103c, 0x0800, 0x0000,
    0x0fff, 0xf000, 0x0000, 0x0000, 0x0000, 0x0000, 0x1fff, 0xf800, 0x0000, 0x0000, 0x0000, 0x0000,
    0x7c00, 0x3e00, 0x0000, 0x1fff, 0xf800, 0x0000, 0x0000, 0x0000, 0x0000, 0x7fff, 0xfe00, 0x0000,
    0x0000, 0x0000, 0x0000, 0x1c3c, 0x3800, 0x0000, 0x7fff, 0xfe00, 0x0000, 0x0000, 0x0000, 0x0000,
    0x71c3, 0x8e00, 0x0000, 0x0e3c, 0x7000, 0x0000, 0x1c3c, 0x3800, 0x0000, 0x7fff, 0xfe00, 0x0000,
    0x0000, 0x0000, 0x0000, 0x71c3, 0x8e00, 0x0000, 0x0e3c, 0x7000, 0x0000, 0x8d81, 0xb100, 0x0000,
    0x7fff, 0xfe00, 0x0000, 0x0000, 0x0000, 0x0000, 0xf07e, 0x0f00, 0x0000, 0x0f81, 0xf000, 0x0000,
    0xe000, 0x0700, 0x0000, 0x1fff, 0xf800, 0x0000, 0x0000, 0x0000, 0x0000, 0xffff, 0xff00, 0x0000,
    0x0000, 0x0000, 0x0000, 0xe000, 0x0700, 0x0000, 0x1fff, 0xf800, 0x0000, 0x0000, 0x0000, 0x0000,
    0xffff, 0xff00, 0x0000, 0x0000, 0x0000, 0x0000, 0xfc00, 0x3f00, 0x0000, 0x0fff, 0xf000, 0x0000,
    0x0000, 0x0000, 0x0000, 0xffff, 0xff00, 0x0000, 0x0000, 0x0000, 0x0000, 0x1c00, 0x3800, 0x0000,
    0x03ff, 0xc000, 0x0000, 0x0000, 0x0000, 0x0000, 0x1fff, 0xf800, 0x0000, 0x0000, 0x0000, 0x0000,
    0x1c00, 0x3800, 0x0000, 0x03ff, 0xc000, 0x0000, 0x0000, 0x0000, 0x0000, 0x1fff, 0xf800, 0x0000,
    0x0000, 0x0000, 0x0000, 0x6c00, 0x3600, 0x0000, 0x11ff, 0x8800, 0x0000, 0x0000, 0x0000, 0x0000,
    0x7dff, 0xbe00, 0x0000, 0x0000, 0x0000, 0x0000, 0x8d81, 0xb100, 0x0000, 0x607e, 0x0600, 0x0000,
    0x0000, 0x0000, 0x0000, 0xedff, 0xb700, 0x0000, 0x0000, 0x0000, 0x0000, 0x8d81, 0xb100, 0x0000,
    0x607e, 0x0600, 0x0000, 0x0000, 0x0000, 0x0000, 0xedff, 0xb700, 0x0000, 0x0000, 0x0000, 0x0000,
    0x8c7e, 0x3100, 0x0000, 0x0000, 0x0000, 0x0000, 0x0000, 0x0000, 0x0000, 0x8c7e, 0x3100, 0x0000,
    0x0000, 0x0000, 0x0000, 0x007e, 0x0000, 0x0000, 0x007e, 0x0000, 0x0000, 0x007e, 0x0000, 0x0000,
    0x007e, 0x0000, 0x0000, 0x007e, 0x0000, 0x0000, 0x007e, 0x0000, 0x0000, 0x007e, 0x0000, 0x0000,
    0x007e, 0x0000, 0x0000, 0x007e, 0x0000, 0x0000, 0x007e, 0x0000, 0x0000, 0x0dff, 0xb000, 0x0000,
    0x0dff, 0xb000, 0x0000, 0x0dff, 0xb000, 0x0000, 0x0dff, 0xb000, 0x0000, 0x0dff, 0xb000, 0x0000,
    0x1fff, 0xf800, 0x0000, 0x1fff, 0xf800, 0x0000, 0x1fff, 0xf800, 0x0000, 0x1fff, 0xf800, 0x0000,
    0x1fff, 0xf800, 0x0000, 0x1fff, 0xf800, 0x0000, 0x1fff, 0xf800, 0x0000, 0x1fff, 0xf800, 0x0000,
    0x1fff, 0xf800, 0x0000, 0x1fff, 0xf800, 0x0000, 0x1fff, 0xf800, 0x0000, 0x1fff, 0xf800, 0x0000,
    0x1fff, 0xf800, 0x0000, 0x1fff, 0xf800, 0x0000, 0x1fff, 0xf800, 0x0000, 0x1fff, 0xf800, 0x0000,
    0x1fff, 0xf800, 0x0000, 0x1fff, 0xf800, 0x0000, 0x1fff, 0xf800, 0x0000, 0x1fff, 0xf800, 0x0000,
    0x1fff, 0xf800, 0x0000, 0x1fff, 0xf800, 0x0000, 0x1fff, 0xf800, 0x0000, 0x1fff, 0xf800, 0x0000,
    0x1fff, 0xf800, 0x0000, 0x7fff, 0xfe00, 0x0000, 0x7fff, 0xfe00, 0x0000, 0x7fff, 0xfe00, 0x0000,
    0x7fff, 0xfe00, 0x0000, 0x7fff, 0xfe00, 0x0000, 0x7fff, 0xfe00, 0x0000, 0x7fff, 0xfe00, 0x0000,
    0x7fff, 0xfe00, 0x0000, 0x7fff, 0xfe00, 0x0000, 0x7fff, 0xfe00, 0x0000, 0x7fff, 0xfe00, 0x0000,
    0x7fff, 0xfe00, 0x0000, 0x7fff, 0xfe00, 0x0000, 0x7fff, 0xfe00, 0x0000, 0x7fff, 0xfe00, 0x0000,
    0xffff, 0xff00, 0x0000, 0xffff, 0xff00, 0x0000, 0xffff, 0xff00, 0x0000, 0xffff, 0xff00, 0x0000,
    0xffff, 0xff00, 0x0000, 0xffff, 0xff00, 0x0000, 0xffff, 0xff00, 0x0000, 0xffff, 0xff00, 0x0000,
    0xffff, 0xff00, 0x0000, 0xffff, 0xff00, 0x0000, 0xffff, 0xff00, 0x0000, 0xffff, 0xff00, 0x0000,
    0xffff, 0xff00, 0x0000, 0xffff, 0xff00, 0x0000, 0xffff, 0xff00, 0x0000, 0xffff, 0xff00, 0x0000,
    0xffff, 0xff00, 0x0000, 0xffff, 0xff00, 0x0000, 0xffff, 0xff00, 0x0000, 0xffff, 0xff00, 0x0000,
    0x1fff, 0xf800, 0x0000, 0x1fff, 0xf800, 0x0000, 0x1fff, 0xf800, 0x0000, 0x1fff, 0xf800, 0x0000,
    0x1fff, 0xf800, 0x0000, 0x1fff, 0xf800, 0x0000, 0x1fff, 0xf800, 0x0000, 0x1fff, 0xf800, 0x0000,
    0x1fff, 0xf800, 0x0000, 0x1fff, 0xf800, 0x0000, 0x7dff, 0xbe00, 0x0000, 0x7dff, 0xbe00, 0x0000,
    0x7dff, 0xbe00, 0x0000, 0x7dff, 0xbe00, 0x0000, 0x7dff, 0xbe00, 0x0000, 0xedff, 0xb700, 0x0000,
    0xedff, 0xb700, 0x0000, 0xedff, 0xb700, 0x0000, 0xedff, 0xb700, 0x0000, 0xedff, 0xb700, 0x0000,
    0xedff, 0xb700, 0x0000, 0xedff, 0xb700, 0x0000, 0xedff, 0xb700, 0x0000, 0xedff, 0xb700, 0x0000,
    0xedff, 0xb700, 0x0000, 0x8c7e, 0x3100, 0x0000, 0x8c7e, 0x3100, 0x0000, 0x8c7e, 0x3100, 0x0000,
    0x8c7e, 0x3100, 0x0000, 0x8c7e, 0x3100, 0x0000, 0x0000, 0x0000, 0x0000, 0x0000, 0x0000, 0x0000,
    0x007e, 0x0000, 0x0000, 0x0000, 0x0000, 0x0000, 0x007e, 0x0000, 0x0000, 0x0000, 0x0000, 0x0000,
    0x0000, 0x0000, 0x0000, 0x007e, 0x0000, 0x0000, 0x0000, 0x0000, 0x0000, 0x007e, 0x0000, 0x0000,
    0x003c, 0x0000, 0x0000, 0x0000, 0x0000, 0x0000, 0x0dc3, 0xb000, 0x0000, 0x0000, 0x0000, 0x0000,
    0x0dc3, 0xb000, 0x0000, 0x0000, 0x0000, 0x0000, 0x0381, 0xc000, 0x0000, 0x1c7e, 0x3800, 0x0000,
    0x0000, 0x0000, 0x0000, 0x1fff, 0xf800, 0x0000, 0x0000, 0x0000, 0x0000, 0x0381, 0xc000, 0x0000,
    0x1c7e, 0x3800, 0x0000, 0x0000, 0x0000, 0x0000, 0x1fff, 0xf800, 0x0000, 0x0000, 0x0000, 0x0000,
    0x1fc3, 0xf800, 0x0000, 0x003c, 0x0000, 0x0000, 0x0000, 0x0000, 0x0000, 0x1fff, 0xf800, 0x0000,
    0x103c, 0x0800, 0x0000, 0x0fff, 0xf000, 0x0000, 0x0000, 0x0000, 0x0000, 0x1fff, 0xf800, 0x0000,
    0x0000, 0x0000, 0x0000, 0x103c, 0x0800, 0x0000, 0x0fff, 0xf000, 0x0000, 0x0000, 0x0000, 0x0000,
    0x1fff, 0xf800, 0x0000, 0x0000, 0x0000, 0x0000, 0x7c00, 0x3e00, 0x0000, 0x1fff, 0xf800, 0x0000,
    0x0000, 0x0000, 0x0000, 0x7fff, 0xfe00, 0x0000, 0x0000, 0x0000, 0x0000, 0x1c3c, 0x3800, 0x0000,
    0x7fff, 0xfe00, 0x0000, 0x0000, 0x0000, 0x0000, 0x71c3, 0x8e00, 0x0000, 0x0e3c, 0x7000, 0x0000,
    0x1c3c, 0x3800, 0x0000, 0x7fff, 0xfe00, 0x0000, 0x0000, 0x0000, 0x0000, 0x71c3, 0x8e00, 0x0000,
    0x0e3c, 0x7000, 0x0000, 0x8d81, 0xb100, 0x0000, 0x7fff, 0xfe00, 0x0000, 0x0000, 0x0000, 0x0000,
    0xf07e, 0x0f00, 0x0000, 0x0f81, 0xf000, 0x0000, 0xe000, 0x0700, 0x0000, 0x1fff, 0xf800, 0x0000,
    0x0000, 0x0000, 0x0000, 0xffff, 0xff00, 0x0000, 0x0000, 0x0000, 0x0000, 0xe000, 0x0700, 0x0000,
    0x1fff, 0xf800, 0x0000, 0x0000, 0x0000, 0x0000, 0xffff, 0xff00, 0x0000, 0x0000, 0x0000, 0x0000,
    0xfc00, 0x3f00, 0x0000, 0x0fff, 0xf000, 0x0000, 0x0000, 0x0000, 0x0000, 0xffff, 0xff00, 0x0000,
    0x0000, 0x0000, 0x0000, 0x1c00, 0x3800, 0x0000, 0x03ff, 0xc000, 0x0000, 0x0000, 0x0000, 0x0000,
    0x1fff, 0xf800, 0x0000, 0x0000, 0x0000, 0x0000, 0x1c00, 0x3800, 0x0000, 0x03ff, 0xc000, 0x0000,
    0x0000, 0x0000, 0x0000, 0x1fff, 0xf800, 0x0000, 0x0000, 0x0000, 0x0000, 0x1c00, 0x3800, 0x0000,
    0x03ff, 0xc000, 0x0000, 0x0000, 0x0000, 0x0000, 0x1fff, 0xf800, 0x0000, 0x0000, 0x0000, 0x0000,
    0x0d81, 0xb000, 0x0000, 0x027e, 0x4000, 0x0000, 0x0000, 0x0000, 0x0000, 0x0fff, 0xf000, 0x0000,
    0x0000, 0x0000, 0x0000, 0x0d81, 0xb000, 0x0000, 0x027e, 0x4000, 0x0000, 0x0000, 0x0000, 0x0000,
    0x0fff, 0xf000, 0x0000, 0x0000, 0x0000, 0x0000, 0x0e7e, 0x7000, 0x0000, 0x0000, 0x0000, 0x0000,
    0x0000, 0x0000, 0x0000, 0x0e7e, 0x7000, 0x0000, 0x0000, 0x0000, 0x0000, 0x007e, 0x0000, 0x0000,
    0x007e, 0x0000, 0x0000, 0x007e, 0x0000, 0x0000, 0x007e, 0x0000, 0x0000, 0x007e, 0x0000, 0x0000,
    0x007e, 0x0000, 0x0000, 0x007e, 0x0000, 0x0000, 0x007e, 0x0000, 0x0000, 0x007e, 0x0000, 0x0000,
    0x007e, 0x0000, 0x0000, 0x0dff, 0xb000, 0x0000, 0x0dff, 0xb000, 0x0000, 0x0dff, 0xb000, 0x0000,
    0x0dff, 0xb000, 0x0000, 0x0dff, 0xb000, 0x0000, 0x1fff, 0xf800, 0x0000, 0x1fff, 0xf800, 0x0000,
    0x1fff, 0xf800, 0x0000, 0x1fff, 0xf800, 0x0000, 0x1fff, 0xf800, 0x0000, 0x1fff, 0xf800, 0x0000,
    0x1fff, 0xf800, 0x0000, 0x1fff, 0xf800, 0x0000, 0x1fff, 0xf800, 0x0000, 0x1fff, 0xf800, 0x0000,
    0x1fff, 0xf800, 0x0000, 0x1fff, 0xf800, 0x0000, 0x1fff, 0xf800, 0x0000, 0x1fff, 0xf800, 0x0000,
    0x1fff, 0xf800, 0x0000, 0x1fff, 0xf800, 0x0000, 0x1fff, 0xf800, 0x0000, 0x1fff, 0xf800, 0x0000,
    0x1fff, 0xf800, 0x0000, 0x1fff, 0xf800, 0x0000, 0x1fff, 0xf800, 0x0000, 0x1fff, 0xf800, 0x0000,
    0x1fff, 0xf800, 0x0000, 0x1fff, 0xf800, 0x0000, 0x1fff, 0xf800, 0x0000, 0x7fff, 0xfe00, 0x0000,
    0x7fff, 0xfe00, 0x0000, 0x7fff, 0xfe00, 0x0000, 0x7fff, 0xfe00, 0x0000, 0x7fff, 0xfe00, 0x0000,
    0x7fff, 0xfe00, 0x0000, 0x7fff, 0xfe00, 0x0000, 0x7fff, 0xfe00, 0x0000, 0x7fff, 0xfe00, 0x0000,
    0x7fff, 0xfe00, 0x0000, 0x7fff, 0xfe00, 0x0000, 0x7fff, 0xfe00, 0x0000, 0x7fff, 0xfe00, 0x0000,
    0x7fff, 0xfe00, 0x0000, 0x7fff, 0xfe00, 0x0000, 0xffff, 0xff00, 0x0000, 0xffff, 0xff00, 0x0000,
    0xffff, 0xff00, 0x0000, 0xffff, 0xff00, 0x0000, 0xffff, 0xff00, 0x0000, 0xffff, 0xff00, 0x0000,
    0xffff, 0xff00, 0x0000, 0xffff, 0xff00, 0x0000, 0xffff, 0xff00, 0x0000, 0xffff, 0xff00, 0x0000,
    0xffff, 0xff00, 0x0000, 0xffff, 0xff00, 0x0000, 0xffff, 0xff00, 0x0000, 0xffff, 0xff00, 0x0000,
    0xffff, 0xff00, 0x0000, 0xffff, 0xff00, 0x0000, 0xffff, 0xff00, 0x0000, 0xffff, 0xff00, 0x0000,
    0xffff, 0xff00, 0x0000, 0xffff, 0xff00, 0x0000, 0x1fff, 0xf800, 0x0000, 0x1fff, 0xf800, 0x0000,
    0x1fff, 0xf800, 0x0000, 0x1fff, 0xf800, 0x0000, 0x1fff, 0xf800, 0x0000, 0x1fff, 0xf800, 0x0000,
    0x1fff, 0xf800, 0x0000, 0x1fff, 0xf800, 0x0000, 0x1fff, 0xf800, 0x0000, 0x1fff, 0xf800, 0x0000,
    0x1fff, 0xf800, 0x0000, 0x1fff, 0xf800, 0x0000, 0x1fff, 0xf800, 0x0000, 0x1fff, 0xf800, 0x0000,
    0x1fff, 0xf800, 0x0000, 0x0fff, 0xf000, 0x0000, 0x0fff, 0xf000, 0x0000, 0x0fff, 0xf000, 0x0000,
    0x0fff, 0xf000, 0x0000, 0x0fff, 0xf000, 0x0000, 0x0fff, 0xf000, 0x0000, 0x0fff, 0xf000, 0x0000,
    0x0fff, 0xf000, 0x0000, 0x0fff, 0xf000, 0x0000, 0x0fff, 0xf000, 0x0000, 0x0e7e, 0x7000, 0x0000,
    0x0e7e, 0x7000, 0x0000, 0x0e7e, 0x7000, 0x0000, 0x0e7e, 0x7000, 0x0000, 0x0e7e, 0x7000, 0x0000,
    0x0000, 0x0000, 0x0000, 0x0000, 0x0000, 0x0000, 0x007e, 0x0000, 0x0000, 0x0000, 0x0000, 0x0000,
    0x007e, 0x0000, 0x0000, 0x0000, 0x0000, 0x0000, 0x0000, 0x0000, 0x0000, 0x007e, 0x0000, 0x0000,
    0x0000, 0x0000, 0x0000, 0x007e, 0x0000, 0x0000, 0x003c, 0x0000, 0x0000, 0x0000, 0x0000, 0x0000,
    0x0dc3, 0xb000, 0x0000, 0x0000, 0x0000, 0x0000, 0x0dc3, 0xb000, 0x0000, 0x0000, 0x0000, 0x0000,
    0x0381, 0xc000, 0x0000, 0x1c7e, 0x3800, 0x0000, 0x0000, 0x0000, 0x0000, 0x1fff, 0xf800, 0x0000,
    0x0000, 0x0000, 0x0000, 0x0381, 0xc000, 0x0000, 0x1c7e, 0x3800, 0x0000, 0x0000, 0x0000, 0x0000,
    0x1fff, 0xf800, 0x0000, 0x0000, 0x0000, 0x0000, 0x1fc3, 0xf800, 0x0000, 0x003c, 0x0000, 0x0000,
    0x0000, 0x0000, 0x0000, 0x1fff, 0xf800, 0x0000, 0x0fc3, 0xf000, 0x0000, 0x003c, 0x0000, 0x0000,
    0x1fff, 0xf800, 0x0000, 0x1fff, 0xf800, 0x0000, 0x0000, 0x0000, 0x0000, 0x0fc3, 0xf000, 0x0000,
    0x003c, 0x0000, 0x0000, 0x1fff, 0xf800, 0x0000, 0x1fff, 0xf800, 0x0000, 0x0000, 0x0000, 0x0000,
    0x03ff, 0xc000, 0x0000, 0x1c00, 0x3800, 0x0000, 0x7fff, 0xfe00, 0x0000, 0x7fff, 0xfe00, 0x0000,
    0x0000, 0x0000, 0x0000, 0x6dff, 0xb600, 0x0000, 0x1e3c, 0x7800, 0x0000, 0x71c3, 0x8e00, 0x0000,
    0x71c3, 0x8e00, 0x0000, 0x0e3c, 0x7000, 0x0000, 0x6dff, 0xb600, 0x0000, 0x1e3c, 0x7800, 0x0000,
    0x71c3, 0x8e00, 0x0000, 0x71c3, 0x8e00, 0x0000, 0x0e3c, 0x7000, 0x0000, 0x7dff, 0xbe00, 0x0000,
    0x0f81, 0xf000, 0x0000, 0xf07e, 0x0f00, 0x0000, 0xf07e, 0x0f00, 0x0000, 0x0f81, 0xf000, 0x0000,
    0x1fff, 0xf800, 0x0000, 0x0000, 0x0000, 0x0000, 0xffff, 0xff00, 0x0000, 0xffff, 0xff00, 0x0000,
    0x0000, 0x0000, 0x0000, 0x1fff, 0xf800, 0x0000, 0x0000, 0x0000, 0x0000, 0xffff, 0xff00, 0x0000,
    0xffff, 0xff00, 0x0000, 0x0000, 0x0000, 0x0000, 0x03ff, 0xc000, 0x0000, 0x0c00, 0x3000, 0x0000,
    0xffff, 0xff00, 0x0000, 0xffff, 0xff00, 0x0000, 0x0000, 0x0000, 0x0000, 0x03ff, 0xc000, 0x0000,
    0x0000, 0x0000, 0x0000, 0x1fff, 0xf800, 0x0000, 0x1fff, 0xf800, 0x0000, 0x0000, 0x0000, 0x0000,
    0x03ff, 0xc000, 0x0000, 0x0000, 0x0000, 0x0000, 0x1fff, 0xf800, 0x0000, 0x1fff, 0xf800, 0x0000,
    0x0000, 0x0000, 0x0000, 0x11ff, 0x8800, 0x0000, 0x0000, 0x0000, 0x0000, 0x7dff, 0xbe00, 0x0000,
    0x7dff, 0xbe00, 0x0000, 0x0000, 0x0000, 0x0000, 0x607e, 0x0600, 0x0000, 0x0000, 0x0000, 0x0000,
    0xedff, 0xb700, 0x0000, 0xedff, 0xb700, 0x0000, 0x0000, 0x0000, 0x0000, 0x607e, 0x0600, 0x0000,
    0x0000, 0x0000, 0x0000, 0xedff, 0xb700, 0x0000, 0xedff, 0xb700, 0x0000, 0x0000, 0x0000, 0x0000,
    0x0000, 0x0000, 0x0000, 0x0000, 0x0000, 0x0000, 0x8c7e, 0x3100, 0x0000, 0x8c7e, 0x3100, 0x0000,
    0x0000, 0x0000, 0x0000, 0x007e, 0x0000, 0x0000, 0x007e, 0x0000, 0x0000, 0x007e, 0x0000, 0x0000,
    0x007e, 0x0000, 0x0000, 0x007e, 0x0000, 0x0000, 0x007e, 0x0000, 0x0000, 0x007e, 0x0000, 0x0000,
    0x007e, 0x0000, 0x0000, 0x007e, 0x0000, 0x0000, 0x007e, 0x0000, 0x0000, 0x0dff, 0xb000, 0x0000,
    0x0dff, 0xb000, 0x0000, 0x0dff, 0xb000, 0x0000, 0x0dff, 0xb000, 0x0000, 0x0dff, 0xb000, 0x0000,
    0x1fff, 0xf800, 0x0000, 0x1fff, 0xf800, 0x0000, 0x1fff, 0xf800, 0x0000, 0x1fff, 0xf800, 0x0000,
    0x1fff, 0xf800, 0x0000, 0x1fff, 0xf800, 0x0000, 0x1fff, 0xf800, 0x0000, 0x1fff, 0xf800, 0x0000,
    0x1fff, 0xf800, 0x0000, 0x1fff, 0xf800, 0x0000, 0x1fff, 0xf800, 0x0000, 0x1fff, 0xf800, 0x0000,
    0x1fff, 0xf800, 0x0000, 0x1fff, 0xf800, 0x0000, 0x1fff, 0xf800, 0x0000, 0x1fff, 0xf800, 0x0000,
    0x1fff, 0xf800, 0x0000, 0x1fff, 0xf800, 0x0000, 0x1fff, 0xf800, 0x0000, 0x1fff, 0xf800, 0x0000,
    0x1fff, 0xf800, 0x0000, 0x1fff, 0xf800, 0x0000, 0x1fff, 0xf800, 0x0000, 0x1fff, 0xf800, 0x0000,
    0x1fff, 0xf800, 0x0000, 0x7fff, 0xfe00, 0x0000, 0x7fff, 0xfe00, 0x0000, 0x7fff, 0xfe00, 0x0000,
    0x7fff, 0xfe00, 0x0000, 0x7fff, 0xfe00, 0x0000, 0x7fff, 0xfe00, 0x0000, 0x7fff, 0xfe00, 0x0000,
    0x7fff, 0xfe00, 0x0000, 0x7fff, 0xfe00, 0x0000, 0x7fff, 0xfe00, 0x0000, 0x7fff, 0xfe00, 0x0000,
    0x7fff, 0xfe00, 0x0000, 0x7fff, 0xfe00, 0x0000, 0x7fff, 0xfe00, 0x0000, 0x7fff, 0xfe00, 0x0000,
    0xffff, 0xff00, 0x0000, 0xffff, 0xff00, 0x0000, 0xffff, 0xff00, 0x0000, 0xffff, 0xff00, 0x0000,
    0xffff, 0xff00, 0x0000, 0xffff, 0xff00, 0x0000, 0xffff, 0xff00, 0x0000, 0xffff, 0xff00, 0x0000,
    0xffff, 0xff00, 0x0000, 0xffff, 0xff00, 0x0000, 0xffff, 0xff00, 0x0000, 0xffff, 0xff00, 0x0000,
    0xffff, 0xff00, 0x0000, 0xffff, 0xff00, 0x0000, 0xffff, 0xff00, 0x0000, 0xffff, 0xff00, 0x0000,
    0xffff, 0xff00, 0x0000, 0xffff, 0xff00, 0x0000, 0xffff, 0xff00, 0x0000, 0xffff, 0xff00, 0x0000,
    0x1fff, 0xf800, 0x0000, 0x1fff, 0xf800, 0x0000, 0x1fff, 0xf800, 0x0000, 0x1fff, 0xf800, 0x0000,
    0x1fff, 0xf800, 0x0000, 0x1fff, 0xf800, 0x0000, 0x1fff, 0xf800, 0x0000, 0x1fff, 0xf800, 0x0000,
    0x1fff, 0xf800, 0x0000, 0x1fff, 0xf800, 0x0000, 0x7dff, 0xbe00, 0x0000, 0x7dff, 0xbe00, 0x0000,
    0x7dff, 0xbe00, 0x0000, 0x7dff, 0xbe00, 0x0000, 0x7dff, 0xbe00, 0x0000, 0xedff, 0xb700, 0x0000,
    0xedff, 0xb700, 0x0000, 0xedff, 0xb700, 0x0000, 0xedff, 0xb700, 0x0000, 0xedff, 0xb700, 0x0000,
    0xedff, 0xb700, 0x0000, 0xedff, 0xb700, 0x0000, 0xedff, 0xb700, 0x0000, 0xedff, 0xb700, 0x0000,
    0xedff, 0xb700, 0x0000, 0x8c7e, 0x3100, 0x0000, 0x8c7e, 0x3100, 0x0000, 0x8c7e, 0x3100, 0x0000,
    0x8c7e, 0x3100, 0x0000, 0x8c7e, 0x3100, 0x0000, 0x0000, 0x0000, 0x0000, 0x0000, 0x0000, 0x0000,
    0x007e, 0x0000, 0x0000, 0x0000, 0x0000, 0x0000, 0x007e, 0x0000, 0x0000, 0x0000, 0x0000, 0x0000,
    0x0000, 0x0000, 0x0000, 0x007e, 0x0000, 0x0000, 0x0000, 0x0000, 0x0000, 0x007e, 0x0000, 0x0000,
    0x003c, 0x0000, 0x0000, 0x0000, 0x0000, 0x0000, 0x0dc3, 0xb000, 0x0000, 0x0000, 0x0000, 0x0000,
    0x0dc3, 0xb000, 0x0000, 0x0000, 0x0000, 0x0000, 0x0381, 0xc000, 0x0000, 0x1c7e, 0x3800, 0x0000,
    0x0000, 0x0000, 0x0000, 0x1fff, 0xf800, 0x0000, 0x0000, 0x0000, 0x0000, 0x0381, 0xc000, 0x0000,
    0x1c7e, 0x3800, 0x0000, 0x0000, 0x0000, 0x0000, 0x1fff, 0xf800, 0x0000, 0x0000, 0x0000, 0x0000,
    0x1fc3, 0xf800, 0x0000, 0x003c, 0x0000, 0x0000, 0x0000, 0x0000, 0x0000, 0x1fff, 0xf800, 0x0000,
    0x0fc3, 0xf000, 0x0000, 0x003c, 0x0000, 0x0000, 0x1fff, 0xf800, 0x0000, 0x1fff, 0xf800, 0x0000,
    0x0000, 0x0000, 0x0000, 0x0fc3, 0xf000, 0x0000, 0x003c, 0x0000, 0x0000, 0x1fff, 0xf800, 0x0000,
    0x1fff, 0xf800, 0x0000, 0x0000, 0x0000, 0x0000, 0x03ff, 0xc000, 0x0000, 0x1c00, 0x3800, 0x0000,
    0x7fff, 0xfe00, 0x0000, 0x7fff, 0xfe00, 0x0000, 0x0000, 0x0000, 0x0000, 0x6dff, 0xb600, 0x0000,
    0x1e3c, 0x7800, 0x0000, 0x71c3, 0x8e00, 0x0000, 0x71c3, 0x8e00, 0x0000, 0x0e3c, 0x7000, 0x0000,
    0x6dff, 0xb600, 0x0000, 0x1e3c, 0x7800, 0x0000, 0x71c3, 0x8e00, 0x0000, 0x71c3, 0x8e00, 0x0000,
    0x0e3c, 0x7000, 0x0000, 0x7dff, 0xbe00, 0x0000, 0x0f81, 0xf000, 0x0000, 0xf07e, 0x0f00, 0x0000,
    0xf07e, 0x0f00, 0x0000, 0x0f81, 0xf000, 0x0000, 0x1fff, 0xf800, 0x0000, 0x0000, 0x0000, 0x0000,
    0xffff, 0xff00, 0x0000, 0xffff, 0xff00, 0x0000, 0x0000, 0x0000, 0x0000, 0x1fff, 0xf800, 0x0000,
    0x0000, 0x0000, 0x0000, 0xffff, 0xff00, 0x0000, 0xffff, 0xff00, 0x0000, 0x0000, 0x0000, 0x0000,
    0x03ff, 0xc000, 0x0000, 0x0c00, 0x3000, 0x0000, 0xffff, 0xff00, 0x0000, 0xffff, 0xff00, 0x0000,
    0x0000, 0x0000, 0x0000, 0x03ff, 0xc000, 0x0000, 0x0000, 0x0000, 0x0000, 0x1fff, 0xf800, 0x0000,
    0x1fff, 0xf800, 0x0000, 0x0000, 0x0000, 0x0000, 0x03ff, 0xc000, 0x0000, 0x0000, 0x0000, 0x0000,
    0x1fff, 0xf800, 0x0000, 0x1fff, 0xf800, 0x0000, 0x0000, 0x0000, 0x0000, 0x03ff, 0xc000, 0x0000,
    0x0000, 0x0000, 0x0000, 0x1fff, 0xf800, 0x0000, 0x1fff, 0xf800, 0x0000, 0x0000, 0x0000, 0x0000,
    0x027e, 0x4000, 0x0000, 0x0000, 0x0000, 0x0000, 0x0fff, 0xf000, 0x0000, 0x0fff, 0xf000, 0x0000,
    0x0000, 0x0000, 0x0000, 0x027e, 0x4000, 0x0000, 0x0000, 0x0000, 0x0000, 0x0fff, 0xf000, 0x0000,
    0x0fff, 0xf000, 0x0000, 0x0000, 0x0000, 0x0000, 0x0000, 0x0000, 0x0000, 0x0000, 0x0000, 0x0000,
    0x0e7e, 0x7000, 0x0000, 0x0e7e, 0x7000, 0x0000, 0x0000, 0x0000, 0x0000, 0x007e, 0x0000, 0x0000,
    0x007e, 0x0000, 0x0000, 0x007e, 0x0000, 0x0000, 0x007e, 0x0000, 0x0000, 0x007e, 0x0000, 0x0000,
    0x007e, 0x0000, 0x0000, 0x007e, 0x0000, 0x0000, 0x007e, 0x0000, 0x0000, 0x007e, 0x0000, 0x0000,
    0x007e, 0x0000, 0x0000, 0x0dff, 0xb000, 0x0000, 0x0dff, 0xb000, 0x0000, 0x0dff, 0xb000, 0x0000,
    0x0dff, 0xb000, 0x0000, 0x0dff, 0xb000, 0x0000, 0x1fff, 0xf800, 0x0000, 0x1fff, 0xf800, 0x0000,
    0x1fff, 0xf800, 0x0000, 0x1fff, 0xf800, 0x0000, 0x1fff, 0xf800, 0x0000, 0x1fff, 0xf800, 0x0000,
    0x1fff, 0xf800, 0x0000, 0x1fff, 0xf800, 0x0000, 0x1fff, 0xf800, 0x0000, 0x1fff, 0xf800, 0x0000,
    0x1fff, 0xf800, 0x0000, 0x1fff, 0xf800, 0x0000, 0x1fff, 0xf800, 0x0000, 0x1fff, 0xf800, 0x0000,
    0x1fff, 0xf800, 0x0000, 0x1fff, 0xf800, 0x0000, 0x1fff, 0xf800, 0x0000, 0x1fff, 0xf800, 0x0000,
    0x1fff, 0xf800, 0x0000, 0x1fff, 0xf800, 0x0000, 0x1fff, 0xf800, 0x0000, 0x1fff, 0xf800, 0x0000,
    0x1fff, 0xf800, 0x0000, 0x1fff, 0xf800, 0x0000, 0x1fff, 0xf800, 0x0000, 0x7fff, 0xfe00, 0x0000,
    0x7fff, 0xfe00, 0x0000, 0x7fff, 0xfe00, 0x0000, 0x7fff, 0xfe00, 0x0000, 0x7fff, 0xfe00, 0x0000,
    0x7fff, 0xfe00, 0x0000, 0x7fff, 0xfe00, 0x0000, 0x7fff, 0xfe00, 0x0000, 0x7fff, 0xfe00, 0x0000,
    0x7fff, 0xfe00, 0x0000, 0x7fff, 0xfe00, 0x0000, 0x7fff, 0xfe00, 0x0000, 0x7fff, 0xfe00, 0x0000,
    0x7fff, 0xfe00, 0x0000, 0x7fff, 0xfe00, 0x0000, 0xffff, 0xff00, 0x0000, 0xffff, 0xff00, 0x0000,
    0xffff, 0xff00, 0x0000, 0xffff, 0xff00, 0x0000, 0xffff, 0xff00, 0x0000, 0xffff, 0xff00, 0x0000,
    0xffff, 0xff00, 0x0000, 0xffff, 0xff00, 0x0000, 0xffff, 0xff00, 0x0000, 0xffff, 0xff00, 0x0000,
    0xffff, 0xff00, 0x0000, 0xffff, 0xff00, 0x0000, 0xffff, 0xff00, 0x0000, 0xffff, 0xff00, 0x0000,
    0xffff, 0xff00, 0x0000, 0xffff, 0xff00, 0x0000, 0xffff, 0xff00, 0x0000, 0xffff, 0xff00, 0x0000,
    0xffff, 0xff00, 0x0000, 0xffff, 0xff00, 0x0000, 0x1fff, 0xf800, 0x0000, 0x1fff, 0xf800, 0x0000,
    0x1fff, 0xf800, 0x0000, 0x1fff, 0xf800, 0x0000, 0x1fff, 0xf800, 0x0000, 0x1fff, 0xf800, 0x0000,
    0x1fff, 0xf800, 0x0000, 0x1fff, 0xf800, 0x0000, 0x1fff, 0xf800, 0x0000, 0x1fff, 0xf800, 0x0000,
    0x1fff, 0xf800, 0x0000, 0x1fff, 0xf800, 0x0000, 0x1fff, 0xf800, 0x0000, 0x1fff, 0xf800, 0x0000,
    0x1fff, 0xf800, 0x0000, 0x0fff, 0xf000, 0x0000, 0x0fff, 0xf000, 0x0000, 0x0fff, 0xf000, 0x0000,
    0x0fff, 0xf000, 0x0000, 0x0fff, 0xf000, 0x0000, 0x0fff, 0xf000, 0x0000, 0x0fff, 0xf000, 0x0000,
    0x0fff, 0xf000, 0x0000, 0x0fff, 0xf000, 0x0000, 0x0fff, 0xf000, 0x0000, 0x0e7e, 0x7000, 0x0000,
    0x0e7e, 0x7000, 0x0000, 0x0e7e, 0x7000, 0x0000, 0x0e7e, 0x7000, 0x0000, 0x0e7e, 0x7000, 0x0000,
    0x00f0, 0x0000, 0x0000, 0x0000, 0x0000, 0x0000, 0x0000, 0x0000, 0x0000, 0x0000, 0x0000, 0x0000,
    0x0000, 0x0000, 0x0000, 0x00f0, 0x0000, 0x0000, 0x0000, 0x0000, 0x0000, 0x0000, 0x0000, 0x0000,
    0x0000, 0x0000, 0x0000, 0x0000, 0x0000, 0x0000, 0x01f8, 0x0000, 0x0000, 0x0000, 0x0000, 0x0000,
    0x0000, 0x0000, 0x0000, 0x0000, 0x0000, 0x0000, 0x0000, 0x0000, 0x0000, 0x01f8, 0x0000, 0x0000,
    0x0000, 0x0000, 0x0000, 0x0000, 0x0000, 0x0000, 0x0000, 0x0000, 0x0000, 0x0000, 0x0000, 0x0000,
    0x01f8, 0x0000, 0x0000, 0x0000, 0x0000, 0x0000, 0x0000, 0x0000, 0x0000, 0x0000, 0x0000, 0x0000,
    0x0000, 0x0000, 0x0000, 0x0108, 0x0000, 0x0000, 0x0000, 0x0000, 0x0000, 0x00f0, 0x0000, 0x0000,
    0x0000, 0x0000, 0x0000, 0x00f0, 0x0000, 0x0000, 0x030c, 0x0000, 0x0000, 0x0000, 0x0000, 0x0000,
    0x00f0, 0x0000, 0x0000, 0x0000, 0x0000, 0x0000, 0x00f0, 0x0000, 0x0000, 0x030c, 0x0000, 0x0000,
    0x0000, 0x0000, 0x0000, 0x00f0, 0x0000, 0x0000, 0x0000, 0x0000, 0x0000, 0x00f0, 0x0000, 0x0000,
    0x030c, 0x0000, 0x0000, 0x0000, 0x0000, 0x0000, 0x00f0, 0x0000, 0x0000, 0x0000, 0x0000, 0x0000,
    0x00f0, 0x0000, 0x0000, 0x01f8, 0x0000, 0x0000, 0x0000, 0x0000, 0x0000, 0x0204, 0x0000, 0x0000,
    0x0000, 0x0000, 0x0000, 0x0000, 0x0000, 0x0000, 0x01f8, 0x0000, 0x0000, 0x0000, 0x0000, 0x0000,
    0x0204, 0x0000, 0x0000, 0x0000, 0x0000, 0x0000, 0x0000, 0x0000, 0x0000, 0x01f8, 0x0000, 0x0000,
    0x0000, 0x0000, 0x0000, 0x0606, 0x0000, 0x0000, 0x0000, 0x0000, 0x0000, 0x0000, 0x0000, 0x0000,
    0x21f8, 0x4000, 0x0000, 0x2000, 0x4000, 0x0000, 0x2606, 0x4000, 0x0000, 0x0000, 0x0000, 0x0000,
    0x0000, 0x0000, 0x0000, 0x21f8, 0x4000, 0x0000, 0x2000, 0x4000, 0x0000, 0x2606, 0x4000, 0x0000,
    0x0000, 0x0000, 0x0000, 0x0000, 0x0000, 0x0000, 0x60f0, 0x6000, 0x0000, 0x6000, 0x6000, 0x0000,
    0x7f0f, 0xe000, 0x0000, 0x0000, 0x0000, 0x0000, 0x0000, 0x0000, 0x0000, 0x4000, 0x2000, 0x0000,
    0x4000, 0x2000, 0x0000, 0x7fff, 0xe000, 0x0000, 0x0000, 0x0000, 0x0000, 0x0204, 0x0000, 0x0000,
    0x4000, 0x2000, 0x0000, 0x4000, 0x2000, 0x0000, 0x7fff, 0xe000, 0x0000, 0x0000, 0x0000, 0x0000,
    0x0204, 0x0000, 0x0000, 0xc108, 0x3000, 0x0000, 0x4000, 0x2000, 0x0000, 0x7ef7, 0xe000, 0x0000,
    0x0000, 0x0000, 0x0000, 0x0000, 0x0000, 0x0000, 0x8108, 0x1000, 0x0000, 0x0000, 0x0000, 0x0000,
    0x7ef7, 0xe000, 0x0000, 0x0000, 0x0000, 0x0000, 0x0000, 0x0000, 0x0000, 0x8108, 0x1000, 0x0000,
    0x0000, 0x0000, 0x0000, 0x7ef7, 0xe000, 0x0000, 0x0000, 0x0000, 0x0000, 0x0000, 0x0000, 0x0000,
    0x8000, 0x1000, 0x0000, 0x0000, 0x0000, 0x0000, 0x470e, 0x2000, 0x0000, 0x0000, 0x0000, 0x0000,
    0x0000, 0x0000, 0x0000, 0x61f8, 0x6000, 0x0000, 0x61f8, 0x6000, 0x0000, 0x61f8, 0x6000, 0x0000,
    0x0000, 0x0000, 0x0000, 0x0000, 0x0000, 0x0000, 0x00f0, 0x0000, 0x0000, 0x00f0, 0x0000, 0x0000,
    0x00f0, 0x0000, 0x0000, 0x00f0, 0x0000, 0x0000, 0x00f0, 0x0000, 0x0000, 0x00f0, 0x0000, 0x0000,
    0x00f0, 0x0000, 0x0000, 0x00f0, 0x0000, 0x0000, 0x00f0, 0x0000, 0x0000, 0x00f0, 0x0000, 0x0000,
    0x01f8, 0x0000, 0x0000, 0x01f8, 0x0000, 0x0000, 0x01f8, 0x0000, 0x0000, 0x01f8, 0x0000, 0x0000,
    0x01f8, 0x0000, 0x0000, 0x01f8, 0x0000, 0x0000, 0x01f8, 0x0000, 0x0000, 0x01f8, 0x0000, 0x0000,
    0x01f8, 0x0000, 0x0000, 0x01f8, 0x0000, 0x0000, 0x01f8, 0x0000, 0x0000, 0x01f8, 0x0000, 0x0000,
    0x01f8, 0x0000, 0x0000, 0x01f8, 0x0000, 0x0000, 0x01f8, 0x0000, 0x0000, 0x01f8, 0x0000, 0x0000,
    0x01f8, 0x0000, 0x0000, 0x01f8, 0x0000, 0x0000, 0x01f8, 0x0000, 0x0000, 0x01f8, 0x0000, 0x0000,
    0x03fc, 0x0000, 0x0000, 0x03fc, 0x0000, 0x0000, 0x03fc, 0x0000, 0x0000, 0x03fc, 0x0000, 0x0000,
    0x03fc, 0x0000, 0x0000, 0x03fc, 0x0000, 0x0000, 0x03fc, 0x0000, 0x0000, 0x03fc, 0x0000, 0x0000,
    0x03fc, 0x0000, 0x0000, 0x03fc, 0x0000, 0x0000, 0x03fc, 0x0000, 0x0000, 0x03fc, 0x0000, 0x0000,
    0x03fc, 0x0000, 0x0000, 0x03fc, 0x0000, 0x0000, 0x03fc, 0x0000, 0x0000, 0x03fc, 0x0000, 0x0000,
    0x03fc, 0x0000, 0x0000, 0x03fc, 0x0000, 0x0000, 0x03fc, 0x0000, 0x0000, 0x03fc, 0x0000, 0x0000,
    0x03fc, 0x0000, 0x0000, 0x03fc, 0x0000, 0x0000, 0x03fc, 0x0000, 0x0000, 0x03fc, 0x0000, 0x0000,
    0x03fc, 0x0000, 0x0000, 0x07fe, 0x0000, 0x0000, 0x07fe, 0x0000, 0x0000, 0x07fe, 0x0000, 0x0000,
    0x07fe, 0x0000, 0x0000, 0x07fe, 0x0000, 0x0000, 0x27fe, 0x4000, 0x0000, 0x27fe, 0x4000, 0x0000,
    0x27fe, 0x4000, 0x0000, 0x27fe, 0x4000, 0x0000, 0x27fe, 0x4000, 0x0000, 0x27fe, 0x4000, 0x0000,
    0x27fe, 0x4000, 0x0000, 0x27fe, 0x4000, 0x0000, 0x27fe, 0x4000, 0x0000, 0x27fe, 0x4000, 0x0000,
    0x7fff, 0xe000, 0x0000, 0x7fff, 0xe000, 0x0000, 0x7fff, 0xe000, 0x0000, 0x7fff, 0xe000, 0x0000,
    0x7fff, 0xe000, 0x0000, 0x7fff, 0xe000, 0x0000, 0x7fff, 0xe000, 0x0000, 0x7fff, 0xe000, 0x0000,
    0x7fff, 0xe000, 0x0000, 0x7fff, 0xe000, 0x0000, 0x7fff, 0xe000, 0x0000, 0x7fff, 0xe000, 0x0000,
    0x7fff, 0xe000, 0x0000, 0x7fff, 0xe000, 0x0000, 0x7fff, 0xe000, 0x0000, 0xffff, 0xf000, 0x0000,
    0xffff, 0xf000, 0x0000, 0xffff, 0xf000, 0x0000, 0xffff, 0xf000, 0x0000, 0xffff, 0xf000, 0x0000,
    0xffff, 0xf000, 0x0000, 0xffff, 0xf000, 0x0000, 0xffff, 0xf000, 0x0000, 0xffff, 0xf000, 0x0000,
    0xffff, 0xf000, 0x0000, 0xffff, 0xf000, 0x0000, 0xffff, 0xf000, 0x0000, 0xffff, 0xf000, 0x0000,
    0xffff, 0xf000, 0x0000, 0xffff, 0xf000, 0x0000, 0xc70e, 0x3000, 0x0000, 0xc70e, 0x3000, 0x0000,
    0xc70e, 0x3000, 0x0000, 0xc70e, 0x3000, 0x0000, 0xc70e, 0x3000, 0x0000, 0x61f8, 0x6000, 0x0000,
    0x61f8, 0x6000, 0x0000, 0x61f8, 0x6000, 0x0000, 0x61f8, 0x6000, 0x0000, 0x61f8, 0x6000, 0x0000,
    0x0000, 0x0000, 0x0000, 0x0000, 0x0000, 0x0000, 0x0000, 0x0000, 0x0000, 0x0000, 0x0000, 0x0000,
    0x00f0, 0x0000, 0x0000, 0x0000, 0x0000, 0x0000, 0x0000, 0x0000, 0x0000, 0x0000, 0x0000, 0x0000,
    0x0000, 0x0000, 0x0000, 0x00f0, 0x0000, 0x0000, 0x0000, 0x0000, 0x0000, 0x0000, 0x0000, 0x0000,
    0x0000, 0x0000, 0x0000, 0x0000, 0x0000, 0x0000, 0x01f8, 0x0000, 0x0000, 0x0000, 0x0000, 0x0000,
    0x0000, 0x0000, 0x0000, 0x0000, 0x0000, 0x0000, 0x0000, 0x0000, 0x0000, 0x01f8, 0x0000, 0x0000,
    0x0000, 0x0000, 0x0000, 0x0000, 0x0000, 0x0000, 0x0000, 0x0000, 0x0000, 0x0000, 0x0000, 0x0000,
    0x01f8, 0x0000, 0x0000, 0x00f0, 0x0000, 0x0000, 0x0000, 0x0000, 0x0000, 0x0000, 0x0000, 0x0000,
    0x0000, 0x0000, 0x0000, 0x01f8, 0x0000, 0x0000, 0x00f0, 0x0000, 0x0000, 0x0000, 0x0000, 0x0000,
    0x0000, 0x0000, 0x0000, 0x0000, 0x0000, 0x0000, 0x03fc, 0x0000, 0x0000, 0x00f0, 0x0000, 0x0000,
    0x0000, 0x0000, 0x0000, 0x0000, 0x0000, 0x0000, 0x0000, 0x0000, 0x0000, 0x03fc, 0x0000, 0x0000,
    0x00f0, 0x0000, 0x0000, 0x0000, 0x0000, 0x0000, 0x0000, 0x0000, 0x0000, 0x0000, 0x0000, 0x0000,
    0x03fc, 0x0000, 0x0000, 0x0204, 0x0000, 0x0000, 0x0204, 0x0000, 0x0000, 0x0204, 0x0000, 0x0000,
    0x0000, 0x0000, 0x0000, 0x01f8, 0x0000, 0x0000, 0x0204, 0x0000, 0x0000, 0x0204, 0x0000, 0x0000,
    0x0204, 0x0000, 0x0000, 0x0000, 0x0000, 0x0000, 0x01f8, 0x0000, 0x0000, 0x0606, 0x0000, 0x0000,
    0x0606, 0x0000, 0x0000, 0x0606, 0x0000, 0x0000, 0x0000, 0x0000, 0x0000, 0x01f8, 0x0000, 0x0000,
    0x0606, 0x0000, 0x0000, 0x2606, 0x4000, 0x0000, 0x0606, 0x0000, 0x0000, 0x0000, 0x0000, 0x0000,
    0x21f8, 0x4000, 0x0000, 0x0606, 0x0000, 0x0000, 0x2606, 0x4000, 0x0000, 0x0606, 0x0000, 0x0000,
    0x0000, 0x0000, 0x0000, 0x21f8, 0x4000, 0x0000, 0x1f0f, 0x8000, 0x0000, 0x7f0f, 0xe000, 0x0000,
    0x1f0f, 0x8000, 0x0000, 0x0000, 0x0000, 0x0000, 0x60f0, 0x6000, 0x0000, 0x3fff, 0xc000, 0x0000,
    0x7dfb, 0xe000, 0x0000, 0x3dfb, 0xc000, 0x0000, 0x0000, 0x0000, 0x0000, 0x4204, 0x2000, 0x0000,
    0x3fff, 0xc000, 0x0000, 0x7dfb, 0xe000, 0x0000, 0x3dfb, 0xc000, 0x0000, 0x0000, 0x0000, 0x0000,
    0x4204, 0x2000, 0x0000, 0x3ef7, 0xc000, 0x0000, 0x7ef7, 0xe000, 0x0000, 0x3ef7, 0xc000, 0x0000,
    0x0000, 0x0000, 0x0000, 0xc108, 0x3000, 0x0000, 0x7ef7, 0xe000, 0x0000, 0x7ef7, 0xe000, 0x0000,
    0x7ef7, 0xe000, 0x0000, 0x0000, 0x0000, 0x0000, 0x8108, 0x1000, 0x0000, 0x7ef7, 0xe000, 0x0000,
    0x7ef7, 0xe000, 0x0000, 0x7ef7, 0xe000, 0x0000, 0x0000, 0x0000, 0x0000, 0x8108, 0x1000, 0x0000,
    0x470e, 0x2000, 0x0000, 0x470e, 0x2000, 0x0000, 0x470e, 0x2000, 0x0000, 0x0000, 0x0000, 0x0000,
    0x8000, 0x1000, 0x0000, 0x0000, 0x0000, 0x0000, 0x61f8, 0x6000, 0x0000, 0x0000, 0x0000, 0x0000,
    0x0000, 0x0000, 0x0000, 0x61f8, 0x6000, 0x0000, 0x00f0, 0x0000, 0x0000, 0x00f0, 0x0000, 0x0000,
    0x00f0, 0x0000, 0x0000, 0x00f0, 0x0000, 0x0000, 0x00f0, 0x0000, 0x0000, 0x00f0, 0x0000, 0x0000,
    0x00f0, 0x0000, 0x0000, 0x00f0, 0x0000, 0x0000, 0x00f0, 0x0000, 0x0000, 0x00f0, 0x0000, 0x0000,
    0x01f8, 0x0000, 0x0000, 0x01f8, 0x0000, 0x0000, 0x01f8, 0x0000, 0x0000, 0x01f8, 0x0000, 0x0000,
    0x01f8, 0x0000, 0x0000, 0x01f8, 0x0000, 0x0000, 0x01f8, 0x0000, 0x0000, 0x01f8, 0x0000, 0x0000,
    0x01f8, 0x0000, 0x0000, 0x01f8, 0x0000, 0x0000, 0x01f8, 0x0000, 0x0000, 0x01f8, 0x0000, 0x0000,
    0x01f8, 0x0000, 0x0000, 0x01f8, 0x0000, 0x0000, 0x01f8, 0x0000, 0x0000, 0x01f8, 0x0000, 0x0000,
    0x01f8, 0x0000, 0x0000, 0x01f8, 0x0000, 0x0000, 0x01f8, 0x0000, 0x0000, 0x01f8, 0x0000, 0x0000,
    0x03fc, 0x0000, 0x0000, 0x03fc, 0x0000, 0x0000, 0x03fc, 0x0000, 0x0000, 0x03fc, 0x0000, 0x0000,
    0x03fc, 0x0000, 0x0000, 0x03fc, 0x0000, 0x0000, 0x03fc, 0x0000, 0x0000, 0x03fc, 0x0000, 0x0000,
    0x03fc, 0x0000, 0x0000, 0x03fc, 0x0000, 0x0000, 0x03fc, 0x0000, 0x0000, 0x03fc, 0x0000, 0x0000,
    0x03fc, 0x0000, 0x0000, 0x03fc, 0x0000, 0x0000, 0x03fc, 0x0000, 0x0000, 0x03fc, 0x0000, 0x0000,
    0x03fc, 0x0000, 0x0000, 0x03fc, 0x0000, 0x0000, 0x03fc, 0x0000, 0x0000, 0x03fc, 0x0000, 0x0000,
    0x03fc, 0x0000, 0x0000, 0x03fc, 0x0000, 0x0000, 0x03fc, 0x0000, 0x0000, 0x03fc, 0x0000, 0x0000,
    0x03fc, 0x0000, 0x0000, 0x07fe, 0x0000, 0x0000, 0x07fe, 0x0000, 0x0000, 0x07fe, 0x0000, 0x0000,
    0x07fe, 0x0000, 0x0000, 0x07fe, 0x0000, 0x0000, 0x27fe, 0x4000, 0x0000, 0x27fe, 0x4000, 0x0000,
    0x27fe, 0x4000, 0x0000, 0x27fe, 0x4000, 0x0000, 0x27fe, 0x4000, 0x0000, 0x27fe, 0x4000, 0x0000,
    0x27fe, 0x4000, 0x0000, 0x27fe, 0x4000, 0x0000, 0x27fe, 0x4000, 0x0000, 0x27fe, 0x4000, 0x0000,
    0x7fff, 0xe000, 0x0000, 0x7fff, 0xe000, 0x0000, 0x7fff, 0xe000, 0x0000, 0x7fff, 0xe000, 0x0000,
    0x7fff, 0xe000, 0x0000, 0x7fff, 0xe000, 0x0000, 0x7fff, 0xe000, 0x0000, 0x7fff, 0xe000, 0x0000,
    0x7fff, 0xe000, 0x0000, 0x7fff, 0xe000, 0x0000, 0x7fff, 0xe000, 0x0000, 0x7fff, 0xe000, 0x0000,
    0x7fff, 0xe000, 0x0000, 0x7fff, 0xe000, 0x0000, 0x7fff, 0xe000, 0x0000, 0xffff, 0xf000, 0x0000,
    0xffff, 0xf000, 0x0000, 0xffff, 0xf000, 0x0000, 0xffff, 0xf000, 0x0000, 0xffff, 0xf000, 0x0000,
    0xffff, 0xf000, 0x0000, 0xffff, 0xf000, 0x0000, 0xffff, 0xf000, 0x0000, 0xffff, 0xf000, 0x0000,
    0xffff, 0xf000, 0x0000, 0xffff, 0xf000, 0x0000, 0xffff, 0xf000, 0x0000, 0xffff, 0xf000, 0x0000,
    0xffff, 0xf000, 0x0000, 0xffff, 0xf000, 0x0000, 0xc70e, 0x3000, 0x0000, 0xc70e, 0x3000, 0x0000,
    0xc70e, 0x3000, 0x0000, 0xc70e, 0x3000, 0x0000, 0xc70e, 0x3000, 0x0000, 0x61f8, 0x6000, 0x0000,
    0x61f8, 0x6000, 0x0000, 0x61f8, 0x6000, 0x0000, 0x61f8, 0x6000, 0x0000, 0x61f8, 0x6000, 0x0000,
    0x4000, 0x0000, 0x0000, 0x0000, 0x8000, 0x0000, 0x0000, 0x0000, 0x8000, 0x0000, 0x4000, 0x0000,
    0x0000, 0x0000, 0x8000, 0x0000, 0x0000, 0x0000, 0x8000, 0x0000, 0x4000, 0x0000, 0x0000, 0x0000,
    0x8000, 0x0000, 0x0000, 0x0000, 0x8000, 0x0000, 0x0000, 0x0000, 0x0000, 0x0000, 0xc000, 0x0000,
    0x0000, 0x0000, 0xc000, 0x0000, 0x0000, 0x0000, 0x0000, 0x0000, 0xc000, 0x0000, 0x0000, 0x0000,
    0xc000, 0x0000, 0x0000, 0x0000, 0x0000, 0x0000, 0xc000, 0x0000, 0x0000, 0x0000, 0xc000, 0x0000,
    0x8000, 0x0000, 0x0000, 0x0000, 0xc000, 0x0000, 0x0000, 0x0000, 0xc000, 0x0000, 0x8000, 0x0000,
    0x0000, 0x0000, 0xc000, 0x0000, 0x0000, 0x0000, 0xc000, 0x0000, 0x8000, 0x0000, 0x0000, 0x0000,
    0x8000, 0x0000, 0x0000, 0x0000, 0x8000, 0x0000, 0x8000, 0x0000, 0x0000, 0x0000, 0x8000, 0x0000,
    0x0000, 0x0000, 0x8000, 0x0000, 0xc000, 0x0000, 0xc000, 0x0000, 0xc000, 0x0000, 0xc000, 0x0000,
    0xc000, 0x0000, 0xc000, 0x0000, 0xc000, 0x0000, 0xc000, 0x0000, 0xc000, 0x0000, 0xc000, 0x0000,
    0xc000, 0x0000, 0xc000, 0x0000, 0xc000, 0x0000, 0xc000, 0x0000, 0xc000, 0x0000, 0xc000, 0x0000,
    0xc000, 0x0000, 0xc000, 0x0000, 0xc000, 0x0000, 0xc000, 0x0000, 0xc000, 0x0000, 0xc000, 0x0000,
    0xc000, 0x0000, 0xc000, 0x0000, 0xc000, 0x0000, 0xc000, 0x0000, 0xc000, 0x0000, 0xc000, 0x0000,
    0xc000, 0x0000, 0xc000, 0x0000, 0xc000, 0x0000, 0xc000, 0x0000, 0xc000, 0x0000, 0xc000, 0x0000,
    0xc000, 0x0000, 0xc000, 0x0000, 0xc000, 0x0000, 0xc000, 0x0000, 0xc000, 0x0000, 0xc000, 0x0000,
    0x8000, 0x0000, 0x8000, 0x0000, 0x8000, 0x0000, 0x8000, 0x0000, 0x8000, 0x0000, 0x8000, 0x0000,
    0x8000, 0x0000, 0x8000, 0x0000, 0x8000, 0x0000, 0x8000, 0x0000, 0x0000, 0x0000, 0x6000, 0x0000,
    0x0000, 0x0000, 0x0000, 0x0000, 0x6000, 0x0000, 0x0000, 0x0000, 0xf000, 0x0000, 0x0000, 0x0000,
    0x0000, 0x0000, 0xf000, 0x0000, 0x6000, 0x0000, 0xf000, 0x0000, 0x6000, 0x0000, 0x0000, 0x0000,
    0x9000, 0x0000, 0x6000, 0x0000, 0xf000, 0x0000, 0x6000, 0x0000, 0x0000, 0x0000, 0x9000, 0x0000,
    0x6000, 0x0000, 0xf000, 0x0000, 0xf000, 0x0000, 0x0000, 0x0000, 0x0000, 0x0000, 0x6000, 0x0000,
    0xf000, 0x0000, 0xf000, 0x0000, 0x0000, 0x0000, 0x0000, 0x0000, 0x6000, 0x0000, 0xf000, 0x0000,
    0xf000, 0x0000, 0x0000, 0x0000, 0x0000, 0x0000, 0x6000, 0x0000, 0xf000, 0x0000, 0xf000, 0x0000,
    0x0000, 0x0000, 0x0000, 0x0000, 0x0000, 0x0000, 0x6000, 0x0000, 0x6000, 0x0000, 0x0000, 0x0000,
    0x0000, 0x0000, 0x6000, 0x0000, 0x6000, 0x0000, 0x6000, 0x0000, 0x6000, 0x0000, 0x6000, 0x0000,
    0xf000, 0x0000, 0xf000, 0x0000, 0xf000, 0x0000, 0xf000, 0x0000, 0xf000, 0x0000, 0xf000, 0x0000,
    0xf000, 0x0000, 0xf000, 0x0000, 0xf000, 0x0000, 0xf000, 0x0000, 0xf000, 0x0000, 0xf000, 0x0000,
    0xf000, 0x0000, 0xf000, 0x0000, 0xf000, 0x0000, 0xf000, 0x0000, 0xf000, 0x0000, 0xf000, 0x0000,
    0xf000, 0x0000, 0xf000, 0x0000, 0xf000, 0x0000, 0xf000, 0x0000, 0xf000, 0x0000, 0xf000, 0x0000,
    0xf000, 0x0000, 0xf000, 0x0000, 0xf000, 0x0000, 0xf000, 0x0000, 0xf000, 0x0000, 0xf000, 0x0000,
    0xf000, 0x0000, 0xf000, 0x0000, 0xf000, 0x0000, 0xf000, 0x0000, 0xf000, 0x0000, 0x6000, 0x0000,
    0x6000, 0x0000, 0x6000, 0x0000, 0x6000, 0x0000, 0x6000, 0x0000, 0x0000, 0x0000, 0x0000, 0x0018,
    0x0000, 0x0000, 0x0000, 0x0000, 0x0000, 0x0000, 0x0000, 0x0000, 0x0018, 0x0000, 0x0000, 0x0000,
    0x0000, 0x0000, 0x007e, 0x0000, 0x0000, 0x0000, 0x0000, 0x0000, 0x0000, 0x0000, 0x0000, 0x007e,
    0x0000, 0x0000, 0x0000, 0x0000, 0x0000, 0x007e, 0x0000, 0x0000, 0x0000, 0x0000, 0x0000, 0x0000,
    0x0000, 0x0000, 0x007e, 0x0000, 0x0000, 0x0001, 0x8000, 0x0000, 0x01ff, 0x8000, 0x0000, 0x0002,
    0x0000, 0x0000, 0x0000, 0x0000, 0x0000, 0x01ff, 0x8000, 0x0000, 0x0007, 0xc000, 0x0000, 0x03ff,
    0xc000, 0x0000, 0x0003, 0x0000, 0x0000, 0x0000, 0x0000, 0x0000, 0x03ff, 0xc000, 0x0000, 0x000f,
    0xc000, 0x0000, 0x03ff, 0xc000, 0x0000, 0x0003, 0x0000, 0x0000, 0x0000, 0x0000, 0x0000, 0x03ff,
    0xc000, 0x0000, 0x003f, 0x8000, 0x0000, 0x01ff, 0x8000, 0x0000, 0x007e, 0x0000, 0x0000, 0x0000,
    0x0000, 0x0000, 0x01ff, 0x8000, 0x0000, 0x007e, 0x0000, 0x0000, 0x007e, 0x0000, 0x0000, 0x003c,
    0x0000, 0x0000, 0x0000, 0x0000, 0x0000, 0x007e, 0x0000, 0x0000, 0x007e, 0x0000, 0x0000, 0x007e,
    0x0000, 0x0000, 0x0000, 0x0000, 0x0000, 0x0000, 0x0000, 0x0000, 0x007e, 0x0000, 0x0000, 0x0018,
    0x0000, 0x0000, 0x0018, 0x0000, 0x0000, 0x0000, 0x0000, 0x0000, 0x0000, 0x0000, 0x0000, 0x0018,
    0x0000, 0x0000, 0x0018, 0x0000, 0x0000, 0x0018, 0x0000, 0x0000, 0x0018, 0x0000, 0x0000, 0x0018,
    0x0000, 0x0000, 0x0018, 0x0000, 0x0000, 0x007e, 0x0000, 0x0000, 0x007e, 0x0000, 0x0000, 0x007e,
    0x0000, 0x0000, 0x007e, 0x0000, 0x0000, 0x007e, 0x0000, 0x0000, 0x007e, 0x0000, 0x0000, 0x007e,
    0x0000, 0x0000, 0x007e, 0x0000, 0x0000, 0x007e, 0x0000, 0x0000, 0x007e, 0x0000, 0x0000, 0x01ff,
    0x8000, 0x0000, 0x01ff, 0x8000, 0x0000, 0x01ff, 0x8000, 0x0000, 0x01ff, 0x8000, 0x0000, 0x01ff,
    0x8000, 0x0000, 0x03ff, 0xc000, 0x0000, 0x03ff, 0xc000, 0x0000, 0x03ff, 0xc000, 0x0000, 0x03ff,
    0xc000, 0x0000, 0x03ff, 0xc000, 0x0000, 0x03ff, 0xc000, 0x0000, 0x03ff, 0xc000, 0x0000, 0x03ff,
    0xc000, 0x0000, 0x03ff, 0xc000, 0x0000, 0x03ff, 0xc000, 0x0000, 0x01ff, 0x8000, 0x0000, 0x01ff,
    0x8000, 0x0000, 0x01ff, 0x8000, 0x0000, 0x01ff, 0x8000, 0x0000, 0x01ff, 0x8000, 0x0000, 0x007e,
    0x0000, 0x0000, 0x007e, 0x0000, 0x0000, 0x007e, 0x0000, 0x0000, 0x007e, 0x0000, 0x0000, 0x007e,
    0x0000, 0x0000, 0x007e, 0x0000, 0x0000, 0x007e, 0x0000, 0x0000, 0x007e, 0x0000, 0x0000, 0x007e,
    0x0000, 0x0000, 0x007e, 0x0000, 0x0000, 0x0018, 0x0000, 0x0000, 0x0018, 0x0000, 0x0000, 0x0018,
    0x0000, 0x0000, 0x0018, 0x0000, 0x0000, 0x0018, 0x0000, 0x0000, 0x0000, 0x0000, 0x0000, 0x00c3,
    0x0000, 0x0000, 0x0000, 0x0000, 0x0000, 0x0000, 0x0000, 0x0000, 0x00c3, 0x0000, 0x0000, 0x0000,
    0x0000, 0x0000, 0x00c3, 0x0000, 0x0000, 0x0000, 0x0000, 0x0000, 0x0000, 0x0000, 0x0000, 0x00c3,
    0x0000, 0x0000, 0x0000, 0x0000, 0x0000, 0x0cff, 0x3000, 0x0000, 0x0000, 0x0000, 0x0000, 0x0000,
    0x0000, 0x0000, 0x0cff, 0x3000, 0x0000, 0x0000, 0x0000, 0x0000, 0x0dff, 0xb000, 0x0000, 0x0000,
    0x0000, 0x0000, 0x0000, 0x0000, 0x0000, 0x0dff, 0xb000, 0x0000, 0x0000, 0x0000, 0x0000, 0x01ff,
    0x8000, 0x0000, 0x0000, 0x8000, 0x0000, 0x0000, 0x0000, 0x0000, 0x01ff, 0x8000, 0x0000, 0x0000,
    0xe000, 0x0000, 0x07ff, 0xe000, 0x0000, 0x0000, 0xe000, 0x0000, 0x0000, 0x0000, 0x0000, 0x07ff,
    0xe000, 0x0000, 0x0003, 0xfc00, 0x0000, 0x3fc3, 0xfc00, 0x0000, 0x003c, 0xf000, 0x0000, 0x0000,
    0x0000, 0x0000, 0x3fff, 0xfc00, 0x0000, 0x0007, 0xfc00, 0x0000, 0x3fc3, 0xfc00, 0x0000, 0x003c,
    0xf000, 0x0000, 0x0000, 0x0000, 0x0000, 0x3fff, 0xfc00, 0x0000, 0x000f, 0xe000, 0x0000, 0x07ff,
    0xe000, 0x0000, 0x0000, 0xe000, 0x0000, 0x0000, 0x0000, 0x0000, 0x07ff, 0xe000, 0x0000, 0x00ff,
    0x8000, 0x0000, 0x01ff, 0x8000, 0x0000, 0x0181, 0x8000, 0x0000, 0x0000, 0x0000, 0x0000, 0x01ff,
    0x8000, 0x0000, 0x01ff, 0xb000, 0x0000, 0x0dff, 0xb000, 0x0000, 0x01ff, 0x8000, 0x0000, 0x0000,
    0x0000, 0x0000, 0x0dff, 0xb000, 0x0000, 0x00ff, 0x3000, 0x0000, 0x0cff, 0x3000, 0x0000, 0x00ff,
    0x0000, 0x0000, 0x0000, 0x0000, 0x0000, 0x0cff, 0x3000, 0x0000, 0x00c3, 0x0000, 0x0000, 0x00c3,
    0x0000, 0x0000, 0x0000, 0x0000, 0x0000, 0x0000, 0x0000, 0x0000, 0x00c3, 0x0000, 0x0000, 0x00c3,
    0x0000, 0x0000, 0x00c3, 0x0000, 0x0000, 0x0000, 0x0000, 0x0000, 0x0000, 0x0000, 0x0000, 0x00c3,
    0x0000, 0x0000, 0x00c3, 0x0000, 0x0000, 0x00c3, 0x0000, 0x0000, 0x00c3, 0x0000, 0x0000, 0x00c3,
    0x0000, 0x0000, 0x00c3, 0x0000, 0x0000, 0x00c3, 0x0000, 0x0000, 0x00c3, 0x0000, 0x0000, 0x00c3,
    0x0000, 0x0000, 0x00c3, 0x0000, 0x0000, 0x00c3, 0x0000, 0x0000, 0x0cff, 0x3000, 0x0000, 0x0cff,
    0x3000, 0x0000, 0x0cff, 0x3000, 0x0000, 0x0cff, 0x3000, 0x0000, 0x0cff, 0x3000, 0x0000, 0x0dff,
    0xb000, 0x0000, 0x0dff, 0xb000, 0x0000, 0x0dff, 0xb000, 0x0000, 0x0dff, 0xb000, 0x0000, 0x0dff,
    0xb000, 0x0000, 0x01ff, 0x8000, 0x0000, 0x01ff, 0x8000, 0x0000, 0x01ff, 0x8000, 0x0000, 0x01ff,
    0x8000, 0x0000, 0x01ff, 0x8000, 0x0000, 0x07ff, 0xe000, 0x0000, 0x07ff, 0xe000, 0x0000, 0x07ff,
    0xe000, 0x0000, 0x07ff, 0xe000, 0x0000, 0x07ff, 0xe000, 0x0000, 0x3fff, 0xfc00, 0x0000, 0x3fff,
    0xfc00, 0x0000, 0x3fff, 0xfc00, 0x0000, 0x3fff, 0xfc00, 0x0000, 0x3fff, 0xfc00, 0x0000, 0x3fff,
    0xfc00, 0x0000, 0x3fff, 0xfc00, 0x0000, 0x3fff, 0xfc00, 0x0000, 0x3fff, 0xfc00, 0x0000, 0x3fff,
    0xfc00, 0x0000, 0x07ff, 0xe000, 0x0000, 0x07ff, 0xe000, 0x0000, 0x07ff, 0xe000, 0x0000, 0x07ff,
    0xe000, 0x0000, 0x07ff, 0xe000, 0x0000, 0x01ff, 0x8000, 0x0000, 0x01ff, 0x8000, 0x0000, 0x01ff,
    0x8000, 0x0000, 0x01ff, 0x8000, 0x0000, 0x01ff, 0x8000, 0x0000, 0x0dff, 0xb000, 0x0000, 0x0dff,
    0xb000, 0x0000, 0x0dff, 0xb000, 0x0000, 0x0dff, 0xb000, 0x0000, 0x0dff, 0xb000, 0x0000, 0x0cff,
    0x3000, 0x0000, 0x0cff, 0x3000, 0x0000, 0x0cff, 0x3000, 0x0000, 0x0cff, 0x3000, 0x0000, 0x0cff,
    0x3000, 0x0000, 0x00c3, 0x0000, 0x0000, 0x00c3, 0x0000, 0x0000, 0x00c3, 0x0000, 0x0000, 0x00c3,
    0x0000, 0x0000, 0x00c3, 0x0000, 0x0000, 0x00c3, 0x0000, 0x0000, 0x00c3, 0x0000, 0x0000, 0x00c3,
    0x0000, 0x0000, 0x00c3, 0x0000, 0x0000, 0x00c3, 0x0000, 0x0000, 0x0000, 0x0000, 0x0000, 0x0c00,
    0x3000, 0x0000, 0x0000, 0x0000, 0x0000, 0x0000, 0x0000, 0x0000, 0x0c00, 0x3000, 0x0000, 0x0000,
    0x0000, 0x0000, 0x0c00, 0x3000, 0x0000, 0x0000, 0x0000, 0x0000, 0x0000, 0x0000, 0x0000, 0x0c00,
    0x3000, 0x0000, 0x0080, 0x0000, 0x0000, 0x00c3, 0x0000, 0x0000, 0x0000, 0x0000, 0x0000, 0x0000,
    0x0000, 0x0000, 0x00c3, 0x0000, 0x0000, 0x0080, 0x0000, 0x0000, 0x00c3, 0x0000, 0x0000, 0x0000,
    0x0000, 0x0000, 0x0000, 0x0000, 0x0000, 0x00c3, 0x0000, 0x0000, 0x0000, 0x0000, 0x0000, 0x3000,
    0x0c00, 0x0000, 0x0000, 0x0000, 0x0000, 0x0000, 0x0000, 0x0000, 0x3000, 0x0c00, 0x0000, 0x0000,
    0x0000, 0x0000, 0x3000, 0x0c00, 0x0000, 0x0000, 0x0000, 0x0000, 0x0000, 0x0000, 0x0000, 0x3000,
    0x0c00, 0x0000, 0x0000, 0x0000, 0x0000, 0x0000, 0x0000, 0x0000, 0x0000, 0x0000, 0x0000, 0x0000,
    0x0000, 0x0000, 0x0000, 0x0000, 0x0000, 0x0000, 0x0000, 0x0000, 0x0000, 0x0000, 0x0000, 0x0000,
    0x0000, 0x0000, 0x0000, 0x0000, 0x0000, 0x0000, 0x0000, 0x0000, 0x0000, 0x0000, 0x0000, 0xc030,
    0x3000, 0x0000, 0x0000, 0x0000, 0x0000, 0x0000, 0x0000, 0x0000, 0xc030, 0x3000, 0x0000, 0x0000,
    0x0000, 0x0000, 0xc030, 0x3000, 0x0000, 0x0000, 0x0000, 0x0000, 0x0000, 0x0000, 0x0000, 0xc030,
    0x3000, 0x0000, 0x0000, 0x0000, 0x0000, 0x0000, 0x0000, 0x0000, 0x0000, 0x0000, 0x0000, 0x0000,
    0x0000, 0x0000, 0x0000, 0x0000, 0x0000, 0x0000, 0x0000, 0x0000, 0x0000, 0x0000, 0x0000, 0x0000,
    0x0000, 0x0000, 0x0000, 0x0000, 0x0000, 0x0000, 0x0000, 0x0000, 0x0000, 0x0000, 0x0000, 0x3000,
    0x0c00, 0x0000, 0x0000, 0x0000, 0x0000, 0x0000, 0x0000, 0x0000, 0x3000, 0x0c00, 0x0000, 0x0000,
    0x0000, 0x0000, 0x3000, 0x0c00, 0x0000, 0x0000, 0x0000, 0x0000, 0x0000, 0x0000, 0x0000, 0x3000,
    0x0c00, 0x0000, 0x0000, 0x0000, 0x0000, 0x00c3, 0x0000, 0x0000, 0x0000, 0x0000, 0x0000, 0x0000,
    0x0000, 0x0000, 0x00c3, 0x0000, 0x0000, 0x0080, 0x0000, 0x0000, 0x00c3, 0x0000, 0x0000, 0x0000,
    0x0000, 0x0000, 0x0000, 0x0000, 0x0000, 0x00c3, 0x0000, 0x0000, 0x0000, 0x3000, 0x0000, 0x0c00,
    0x3000, 0x0000, 0x0000, 0x0000, 0x0000, 0x0000, 0x0000, 0x0000, 0x0c00, 0x3000, 0x0000, 0x0000,
    0x3000, 0x0000, 0x0c00, 0x3000, 0x0000, 0x0000, 0x0000, 0x0000, 0x0000, 0x0000, 0x0000, 0x0c00,
    0x3000, 0x0000, 0x0c00, 0x3000, 0x0000, 0x0c00, 0x3000, 0x0000, 0x0c00, 0x3000, 0x0000, 0x0c00,
    0x3000, 0x0000, 0x0c00, 0x3000, 0x0000, 0x0c00, 0x3000, 0x0000, 0x0c00, 0x3000, 0x0000, 0x0c00,
    0x3000, 0x0000, 0x0c00, 0x3000, 0x0000, 0x0c00, 0x3000, 0x0000, 0x00c3, 0x0000, 0x0000, 0x00c3,
    0x0000, 0x0000, 0x00c3, 0x0000, 0x0000, 0x00c3, 0x0000, 0x0000, 0x00c3, 0x0000, 0x0000, 0x00c3,
    0x0000, 0x0000, 0x00c3, 0x0000, 0x0000, 0x00c3, 0x0000, 0x0000, 0x00c3, 0x0000, 0x0000, 0x00c3,
    0x0000, 0x0000, 0x3000, 0x0c00, 0x0000, 0x3000, 0x0c00, 0x0000, 0x3000, 0x0c00, 0x0000, 0x3000,
    0x0c00, 0x0000, 0x3000, 0x0c00, 0x0000, 0x3000, 0x0c00, 0x0000, 0x3000, 0x0c00, 0x0000, 0x3000,
    0x0c00, 0x0000, 0x3000, 0x0c00, 0x0000, 0x3000, 0x0c00, 0x0000, 0x0000, 0x0000, 0x0000, 0x0000,
    0x0000, 0x0000, 0x0000, 0x0000, 0x0000, 0x0000, 0x0000, 0x0000, 0x0000, 0x0000, 0x0000, 0x0000,
    0x0000, 0x0000, 0x0000, 0x0000, 0x0000, 0x0000, 0x0000, 0x0000, 0x0000, 0x0000, 0x0000, 0x0000,
    0x0000, 0x0000, 0xc030, 0x3000, 0x0000, 0xc030, 0x3000, 0x0000, 0xc030, 0x3000, 0x0000, 0xc030,
    0x3000, 0x0000, 0xc030, 0x3000, 0x0000, 0xc030, 0x3000, 0x0000, 0xc030, 0x3000, 0x0000, 0xc030,
    0x3000, 0x0000, 0xc030, 0x3000, 0x0000, 0xc030, 0x3000, 0x0000, 0x0000, 0x0000, 0x0000, 0x0000,
    0x0000, 0x0000, 0x0000, 0x0000, 0x0000, 0x0000, 0x0000, 0x0000, 0x0000, 0x0000, 0x0000, 0x0000,
    0x0000, 0x0000, 0x0000, 0x0000, 0x0000, 0x0000, 0x0000, 0x0000, 0x0000, 0x0000, 0x0000, 0x0000,
    0x0000, 0x0000, 0x3000, 0x0c00, 0x0000, 0x3000, 0x0c00, 0x0000, 0x3000, 0x0c00, 0x0000, 0x3000,
    0x0c00, 0x0000, 0x3000, 0x0c00, 0x0000, 0x3000, 0x0c00, 0x0000, 0x3000, 0x0c00, 0x0000, 0x3000,
    0x0c00, 0x0000, 0x3000, 0x0c00, 0x0000, 0x3000, 0x0c00, 0x0000, 0x00c3, 0x0000, 0x0000, 0x00c3,
    0x0000, 0x0000, 0x00c3, 0x0000, 0x0000, 0x00c3, 0x0000, 0x0000, 0x00c3, 0x0000, 0x0000, 0x00c3,
    0x0000, 0x0000, 0x00c3, 0x0000, 0x0000, 0x00c3, 0x0000, 0x0000, 0x00c3, 0x0000, 0x0000, 0x00c3,
    0x0000, 0x0000, 0x0c00, 0x3000, 0x0000, 0x0c00, 0x3000, 0x0000, 0x0c00, 0x3000, 0x0000, 0x0c00,
    0x3000, 0x0000, 0x0c00, 0x3000, 0x0000, 0x0c00, 0x3000, 0x0000, 0x0c00, 0x3000, 0x0000, 0x0c00,
    0x3000, 0x0000, 0x0c00, 0x3000, 0x0000, 0x0c00, 0x3000, 0x0000, 0x0000, 0x0000, 0x0000, 0x0000,
    0x0000, 0x0000, 0x003c, 0x0000, 0x0000, 0x0000, 0x0000, 0x0000, 0x003c, 0x0000, 0x0000, 0x0000,
    0x0000, 0x0000, 0x003c, 0x0000, 0x0000, 0x0000, 0x0000, 0x0000, 0x0000, 0x0000, 0x0000, 0x003c,
    0x0000, 0x0000, 0x0000, 0x0000, 0x0000, 0x00ff, 0x0000, 0x0000, 0x0000, 0x0000, 0x0000, 0x0000,
    0x0000, 0x0000, 0x00ff, 0x0000, 0x0000, 0x0000, 0x0000, 0x0000, 0x03c3, 0xc000, 0x0000, 0x003c,
    0x0000, 0x0000, 0x0000, 0x0000, 0x0000, 0x03ff, 0xc000, 0x0000, 0x0000, 0x0000, 0x0000, 0x03c3,
    0xc000, 0x0000, 0x00ff, 0x0000, 0x0000, 0x0000, 0x0000, 0x0000, 0x03ff, 0xc000, 0x0000, 0x0000,
    0x0000, 0x0000, 0x03c3, 0xc000, 0x0000, 0x00ff, 0x0000, 0x0000, 0x0000, 0x0000, 0x0000, 0x03ff,
    0xc000, 0x0000, 0x0000, 0x0000, 0x0000, 0x03c3, 0xc000, 0x0000, 0x003c, 0x0000, 0x0000, 0x0000,
    0x0000, 0x0000, 0x03ff, 0xc000, 0x0000, 0x0000, 0x0000, 0x0000, 0x00ff, 0x0000, 0x0000, 0x0000,
    0x0000, 0x0000, 0x0000, 0x0000, 0x0000, 0x00ff, 0x0000, 0x0000, 0x0000, 0x0000, 0x0000, 0x003c,
    0x0000, 0x0000, 0x0000, 0x0000, 0x0000, 0x0000, 0x0000, 0x0000, 0x003c, 0x0000, 0x0000, 0x003c,
    0x0000, 0x0000, 0x003c, 0x0000, 0x0000, 0x003c, 0x0000, 0x0000, 0x003c, 0x0000, 0x0000, 0x003c,
    0x0000, 0x0000, 0x003c, 0x0000, 0x0000, 0x003c, 0x0000, 0x0000, 0x003c, 0x0000, 0x0000, 0x003c,
    0x0000, 0x0000, 0x003c, 0x0000, 0x0000, 0x00ff, 0x0000, 0x0000, 0x00ff, 0x0000, 0x0000, 0x00ff,
    0x0000, 0x0000, 0x00ff, 0x0000, 0x0000, 0x00ff, 0x0000, 0x0000, 0x03ff, 0xc000, 0x0000, 0x03ff,
    0xc000, 0x0000, 0x03ff, 0xc000, 0x0000, 0x03ff, 0xc000, 0x0000, 0x03ff, 0xc000, 0x0000, 0x03ff,
    0xc000, 0x0000, 0x03ff, 0xc000, 0x0000, 0x03ff, 0xc000, 0x0000, 0x03ff, 0xc000, 0x0000, 0x03ff,
    0xc000, 0x0000, 0x03ff, 0xc000, 0x0000, 0x03ff, 0xc000, 0x0000, 0x03ff, 0xc000, 0x0000, 0x03ff,
    0xc000, 0x0000, 0x03ff, 0xc000, 0x0000, 0x03ff, 0xc000, 0x0000, 0x03ff, 0xc000, 0x0000, 0x03ff,
    0xc000, 0x0000, 0x03ff, 0xc000, 0x0000, 0x03ff, 0xc000, 0x0000, 0x00ff, 0x0000, 0x0000, 0x00ff,
    0x0000, 0x0000, 0x00ff, 0x0000, 0x0000, 0x00ff, 0x0000, 0x0000, 0x00ff, 0x0000, 0x0000, 0x003c,
    0x0000, 0x0000, 0x003c, 0x0000, 0x0000, 0x003c, 0x0000, 0x0000, 0x003c, 0x0000, 0x0000, 0x003c,
    0x0000, 0x0000, 0x0000, 0x0000, 0x0000, 0x0000, 0x0000, 0x0000, 0x0000, 0x0000, 0x0000, 0x0000,
    0x0000, 0x0000, 0x0000, 0x0000, 0x0000, 0x0000, 0x0000, 0x0000, 0x0000, 0x0000, 0x0000, 0x0000,
    0x0000, 0x0000, 0x0000, 0x0000, 0x0000, 0x0000, 0x0000, 0x0000, 0x0000, 0x0000, 0x0000, 0x0000,
    0x0000, 0x0000, 0x0000, 0x0000, 0x0000, 0x0000, 0x0000, 0x0000, 0x0000, 0x0000, 0x0000, 0x0000,
    0x0000, 0x0000, 0x0000, 0x0000, 0x0000, 0x003c, 0x0000, 0x0000, 0x0000, 0x0000, 0x0000, 0x003c,
    0x0000, 0x0000, 0x0000, 0x0000, 0x0000, 0x0000, 0x0000, 0x0000, 0x003c, 0x0000, 0x0000, 0x0000,
    0x0000, 0x0000, 0x003c, 0x0000, 0x0000, 0x0000, 0x0000, 0x0000, 0x003c, 0x0000, 0x0000, 0x0000,
    0x0000, 0x0000, 0x0000, 0x0000, 0x0000, 0x003c, 0x0000, 0x0000, 0x0000, 0x0000, 0x0000, 0x00ff,
    0x0000, 0x0000, 0x0000, 0x0000, 0x0000, 0x0000, 0x0000, 0x0000, 0x00ff, 0x0000, 0x0000, 0x0000,
    0x0000, 0x0000, 0x00ff, 0x0000, 0x0000, 0x0f00, 0xf000, 0x0000, 0x0000, 0x0000, 0x0000, 0x0fff,
    0xf000, 0x0000, 0x0000, 0x0000, 0x0000, 0x03ff, 0xc000, 0x0000, 0x0c3c, 0x3000, 0x0000, 0x0000,
    0x0000, 0x0000, 0x0fff, 0xf000, 0x0000, 0x0000, 0x0000, 0x0000, 0x03ff, 0xc000, 0x0000, 0x0c3c,
    0x3000, 0x0000, 0x0000, 0x0000, 0x0000, 0x0fff, 0xf000, 0x0000, 0x0000, 0x0000, 0x0000, 0x03ff,
    0xc000, 0x0000, 0x0cff, 0x0000, 0x0000, 0x0000, 0x0000, 0x0000, 0x0fff, 0xc000, 0x0000, 0x0000,
    0x0000, 0x0000, 0x03ff, 0xc000, 0x0000, 0x003c, 0x0000, 0x0000, 0x0000, 0x0000, 0x0000, 0x03ff,
    0xc000, 0x0000, 0x0000, 0x0000, 0x0000, 0x03ff, 0xc000, 0x0000, 0x003c, 0x0000, 0x0000, 0x0000,
    0x0000, 0x0000, 0x03ff, 0xc000, 0x0000, 0x0000, 0x0000, 0x0000, 0x00ff, 0x0000, 0x0000, 0x0000,
    0x0000, 0x0000, 0x0000, 0x0000, 0x0000, 0x00ff, 0x0000, 0x0000, 0x0000, 0x0000, 0x0000, 0x00ff,
    0x0000, 0x0000, 0x0300, 0xc000, 0x0000, 0x0000, 0x0000, 0x0000, 0x03ff, 0xc000, 0x0000, 0x0000,
    0x0000, 0x0000, 0x003c, 0x0000, 0x0000, 0x03c3, 0xc000, 0x0000, 0x0000, 0x0000, 0x0000, 0x03ff,
    0xc000, 0x0000, 0x0000, 0x0000, 0x0000, 0x0000, 0x0000, 0x0000, 0x03c3, 0xc000, 0x0000, 0x0000,
    0x0000, 0x0000, 0x03c3, 0xc000, 0x0000, 0x0000, 0x0000, 0x0000, 0x0000, 0x0000, 0x0000, 0x00c3,
    0x0000, 0x0000, 0x0000, 0x0000, 0x0000, 0x00c3, 0x0000, 0x0000, 0x0000, 0x0000, 0x0000, 0x0000,
    0x0000, 0x0000, 0x0000, 0x0000, 0x0000, 0x0000, 0x0000, 0x0000, 0x0000, 0x0000, 0x0000, 0x0000,
    0x0000, 0x0000, 0x0000, 0x0000, 0x0000, 0x0000, 0x0000, 0x0000, 0x0000, 0x0000, 0x0000, 0x0000,
    0x0000, 0x0000, 0x0000, 0x0000, 0x0000, 0x0000, 0x0000, 0x0000, 0x0000, 0x0000, 0x0000, 0x0000,
    0x0000, 0x0000, 0x0000, 0x0000, 0x0000, 0x003c, 0x0000, 0x0000, 0x003c, 0x0000, 0x0000, 0x003c,
    0x0000, 0x0000, 0x003c, 0x0000, 0x0000, 0x003c, 0x0000, 0x0000, 0x003c, 0x0000, 0x0000, 0x003c,
    0x0000, 0x0000, 0x003c, 0x0000, 0x0000, 0x003c, 0x0000, 0x0000, 0x003c, 0x0000, 0x0000, 0x003c,
    0x0000, 0x0000, 0x003c, 0x0000, 0x0000, 0x003c, 0x0000, 0x0000, 0x003c, 0x0000, 0x0000, 0x003c,
    0x0000, 0x0000, 0x00ff, 0x0000, 0x0000, 0x00ff, 0x0000, 0x0000, 0x00ff, 0x0000, 0x0000, 0x00ff,
    0x0000, 0x0000, 0x00ff, 0x0000, 0x0000, 0x0fff, 0xf000, 0x0000, 0x0fff, 0xf000, 0x0000, 0x0fff,
    0xf000, 0x0000, 0x0fff, 0xf000, 0x0000, 0x0fff, 0xf000, 0x0000, 0x0fff, 0xf000, 0x0000, 0x0fff,
    0xf000, 0x0000, 0x0fff, 0xf000, 0x0000, 0x0fff, 0xf000, 0x0000, 0x0fff, 0xf000, 0x0000, 0x0fff,
    0xf000, 0x0000, 0x0fff, 0xf000, 0x0000, 0x0fff, 0xf000, 0x0000, 0x0fff, 0xf000, 0x0000, 0x0fff,
    0xf000, 0x0000, 0x0fff, 0xc000, 0x0000, 0x0fff, 0xc000, 0x0000, 0x0fff, 0xc000, 0x0000, 0x0fff,
    0xc000, 0x0000, 0x0fff, 0xc000, 0x0000, 0x03ff, 0xc000, 0x0000, 0x03ff, 0xc000, 0x0000, 0x03ff,
    0xc000, 0x0000, 0x03ff, 0xc000, 0x0000, 0x03ff, 0xc000, 0x0000, 0x03ff, 0xc000, 0x0000, 0x03ff,
    0xc000, 0x0000, 0x03ff, 0xc000, 0x0000, 0x03ff, 0xc000, 0x0000, 0x03ff, 0xc000, 0x0000, 0x00ff,
    0x0000, 0x0000, 0x00ff, 0x0000, 0x0000, 0x00ff, 0x0000, 0x0000, 0x00ff, 0x0000, 0x0000, 0x00ff,
    0x0000, 0x0000, 0x03ff, 0xc000, 0x0000, 0x03ff, 0xc000, 0x0000, 0x03ff, 0xc000, 0x0000, 0x03ff,
    0xc000, 0x0000, 0x03ff, 0xc000, 0x0000, 0x03ff, 0xc000, 0x0000, 0x03ff, 0xc000, 0x0000, 0x03ff,
    0xc000, 0x0000, 0x03ff, 0xc000, 0x0000, 0x03ff, 0xc000, 0x0000, 0x03c3, 0xc000, 0x0000, 0x03c3,
    0xc000, 0x0000, 0x03c3, 0xc000, 0x0000, 0x03c3, 0xc000, 0x0000, 0x03c3, 0xc000, 0x0000, 0x00c3,
    0x0000, 0x0000, 0x00c3, 0x0000, 0x0000, 0x00c3, 0x0000, 0x0000, 0x00c3, 0x0000, 0x0000, 0x00c3,
    0x0000, 0x0000, 0x0000, 0x0000, 0x0000, 0x0000, 0x0000, 0x0000, 0x00ff, 0x0000, 0x0000, 0x0000,
    0x0000, 0x0000, 0x00ff, 0x0000, 0x0000, 0x0000, 0x0000, 0x0000, 0x0000, 0x0000, 0x0000, 0x003c,
    0x0000, 0x0000, 0x0000, 0x0000, 0x0000, 0x003c, 0x0000, 0x0000, 0x0000, 0x0000, 0x0000, 0x0000,
    0x0000, 0x0000, 0x003c, 0x0000, 0x0000, 0x0000, 0x0000, 0x0000, 0x003c, 0x0000, 0x0000, 0x0000,
    0x0000, 0x0000, 0x0000, 0x0000, 0x0000, 0x003c, 0x0000, 0x0000, 0x0000, 0x0000, 0x0000, 0x003c,
    0x0000, 0x0000, 0x0000, 0x0000, 0x0000, 0x00c3, 0x0000, 0x0000, 0x0000, 0x0000, 0x0000, 0x0000,
    0x0000, 0x0000, 0x00c3, 0x0000, 0x0000, 0x0000, 0x0000, 0x0000, 0x00c3, 0x0000, 0x0000, 0x3c00,
    0x3c00, 0x0000, 0x0000, 0x0000, 0x0000, 0x3cc3, 0x3c00, 0x0000, 0x0000, 0x0000, 0x0000, 0x03ff,
    0xc000, 0x0000, 0x3c3c, 0x3c00, 0x0000, 0x0000, 0x0000, 0x0000, 0x3fff, 0xfc00, 0x0000, 0x0000,
    0x0000, 0x0000, 0x00ff, 0x0000, 0x0000, 0x3cff, 0x3c00, 0x0000, 0x0000, 0x0000, 0x0000, 0x3cff,
    0x3c00, 0x0000, 0x0000, 0x0000, 0x0000, 0x00c3, 0x0000, 0x0000, 0x3cc3, 0x3c00, 0x0000, 0x0000,
    0x0000, 0x0000, 0x3cc3, 0x3c00, 0x0000, 0x0000, 0x0000, 0x0000, 0x00c3, 0x0000, 0x0000, 0x3cc3,
    0x3c00, 0x0000, 0x0000, 0x0000, 0x0000, 0x3cc3, 0x3c00, 0x0000, 0x0000, 0x0000, 0x0000, 0x00c3,
    0xf000, 0x0000, 0x3cc3, 0x0000, 0x0000, 0x0000, 0x0000, 0x0000, 0x3cc3, 0xf000, 0x0000, 0x0000,
    0x0000, 0x0000, 0x03c3, 0xc000, 0x0000, 0x00c3, 0x0000, 0x0000, 0x0000, 0x0000, 0x0000, 0x03c3,
    0xc000, 0x0000, 0x0000, 0x0000, 0x0000, 0x03c3, 0xc000, 0x0000, 0x00c3, 0x0000, 0x0000, 0x0000,
    0x0000, 0x0000, 0x03c3, 0xc000, 0x0000, 0x0000, 0x0000, 0x0000, 0x03ff, 0xc000, 0x0000, 0x00ff,
    0x0000, 0x0000, 0x0000, 0x0000, 0x0000, 0x03ff, 0xc000, 0x0000, 0x0000, 0x0000, 0x0000, 0x003c,
    0x0000, 0x0000, 0x003c, 0x0000, 0x0000, 0x0000, 0x0000, 0x0000, 0x003c, 0x0000, 0x0000, 0x0000,
    0x0000, 0x0000, 0x003c, 0x0000, 0x0000, 0x0300, 0xc000, 0x0000, 0x0000, 0x0000, 0x0000, 0x033c,
    0xc000, 0x0000, 0x0000, 0x0000, 0x0000, 0x003c, 0x0000, 0x0000, 0x0f00, 0xf000, 0x0000, 0x0000,
    0x0000, 0x0000, 0x0f3c, 0xf000, 0x0000, 0x0000, 0x0000, 0x0000, 0x0000, 0x0000, 0x0000, 0x0fc3,
    0xf000, 0x0000, 0x0000, 0x0000, 0x0000, 0x0fc3, 0xf000, 0x0000, 0x0000, 0x0000, 0x0000, 0x0000,
    0x0000, 0x0000, 0x03c3, 0xc000, 0x0000, 0x0000, 0x0000, 0x0000, 0x03c3, 0xc000, 0x0000, 0x0000,
    0x0000, 0x0000, 0x0000, 0x0000, 0x0000, 0x03c3, 0xc000, 0x0000, 0x0000, 0x0000, 0x0000, 0x03c3,
    0xc000, 0x0000, 0x00ff, 0x0000, 0x0000, 0x00ff, 0x0000, 0x0000, 0x00ff, 0x0000, 0x0000, 0x00ff,
    0x0000, 0x0000, 0x00ff, 0x0000, 0x0000, 0x003c, 0x0000, 0x0000, 0x003c, 0x0000, 0x0000, 0x003c,
    0x0000, 0x0000, 0x003c, 0x0000, 0x0000, 0x003c, 0x0000, 0x0000, 0x003c, 0x0000, 0x0000, 0x003c,
    0x0000, 0x0000, 0x003c, 0x0000, 0x0000, 0x003c, 0x0000, 0x0000, 0x003c, 0x0000, 0x0000, 0x003c,
    0x0000, 0x0000, 0x003c, 0x0000, 0x0000, 0x003c, 0x0000, 0x0000, 0x003c, 0x0000, 0x0000, 0x003c,
    0x0000, 0x0000, 0x00c3, 0x0000, 0x0000, 0x00c3, 0x0000, 0x0000, 0x00c3, 0x0000, 0x0000, 0x00c3,
    0x0000, 0x0000, 0x00c3, 0x0000, 0x0000, 0x3cc3, 0x3c00, 0x0000, 0x3cc3, 0x3c00, 0x0000, 0x3cc3,
    0x3c00, 0x0000, 0x3cc3, 0x3c00, 0x0000, 0x3cc3, 0x3c00, 0x0000, 0x3fff, 0xfc00, 0x0000, 0x3fff,
    0xfc00, 0x0000, 0x3fff, 0xfc00, 0x0000, 0x3fff, 0xfc00, 0x0000, 0x3fff, 0xfc00, 0x0000, 0x3cff,
    0x3c00, 0x0000, 0x3cff, 0x3c00, 0x0000, 0x3cff, 0x3c00, 0x0000, 0x3cff, 0x3c00, 0x0000, 0x3cff,
    0x3c00, 0x0000, 0x3cc3, 0x3c00, 0x0000, 0x3cc3, 0x3c00, 0x0000, 0x3cc3, 0x3c00, 0x0000, 0x3cc3,
    0x3c00, 0x0000, 0x3cc3, 0x3c00, 0x0000, 0x3cc3, 0x3c00, 0x0000, 0x3cc3, 0x3c00, 0x0000, 0x3cc3,
    0x3c00, 0x0000, 0x3cc3, 0x3c00, 0x0000, 0x3cc3, 0x3c00, 0x0000, 0x3cc3, 0xf000, 0x0000, 0x3cc3,
    0xf000, 0x0000, 0x3cc3, 0xf000, 0x0000, 0x3cc3, 0xf000, 0x0000, 0x3cc3, 0xf000, 0x0000, 0x03c3,
    0xc000, 0x0000, 0x03c3, 0xc000, 0x0000, 0x03c3, 0xc000, 0x0000, 0x03c3, 0xc000, 0x0000, 0x03c3,
    0xc000, 0x0000, 0x03c3, 0xc000, 0x0000, 0x03c3, 0xc000, 0x0000, 0x03c3, 0xc000, 0x0000, 0x03c3,
    0xc000, 0x0000, 0x03c3, 0xc000, 0x0000, 0x03ff, 0xc000, 0x0000, 0x03ff, 0xc000, 0x0000, 0x03ff,
    0xc000, 0x0000, 0x03ff, 0xc000, 0x0000, 0x03ff, 0xc000, 0x0000, 0x003c, 0x0000, 0x0000, 0x003c,
    0x0000, 0x0000, 0x003c, 0x0000, 0x0000, 0x003c, 0x0000, 0x0000, 0x003c, 0x0000, 0x0000, 0x033c,
    0xc000, 0x0000, 0x033c, 0xc000, 0x0000, 0x033c, 0xc000, 0x0000, 0x033c, 0xc000, 0x0000, 0x033c,
    0xc000, 0x0000, 0x0f3c, 0xf000, 0x0000, 0x0f3c, 0xf000, 0x0000, 0x0f3c, 0xf000, 0x0000, 0x0f3c,
    0xf000, 0x0000, 0x0f3c, 0xf000, 0x0000, 0x0fc3, 0xf000, 0x0000, 0x0fc3, 0xf000, 0x0000, 0x0fc3,
    0xf000, 0x0000, 0x0fc3, 0xf000, 0x0000, 0x0fc3, 0xf000, 0x0000, 0x03c3, 0xc000, 0x0000, 0x03c3,
    0xc000, 0x0000, 0x03c3, 0xc000, 0x0000, 0x03c3, 0xc000, 0x0000, 0x03c3, 0xc000, 0x0000, 0x03c3,
    0xc000, 0x0000, 0x03c3, 0xc000, 0x0000, 0x03c3, 0xc000, 0x0000, 0x03c3, 0xc000, 0x0000, 0x03c3,
    0xc000, 0x0000, 0x0000, 0x0000, 0x0000, 0x0000, 0x0000, 0x0000, 0x00cc, 0x0000, 0x0000, 0x0000,
    0x0000, 0x0000, 0x00cc, 0x0000, 0x0000, 0x0000, 0x0000, 0x0000, 0x0000, 0x0000, 0x0000, 0x0030,
    0x0000, 0x0000, 0x0000, 0x0000, 0x0000, 0x0030, 0x0000, 0x0000, 0x0000, 0x0000, 0x0000, 0x0000,
    0x0000, 0x0000, 0x000c, 0x0000, 0x0000, 0x0000, 0x0000, 0x0000, 0x000c, 0x0000, 0x0000, 0x0000,
    0x0000, 0x0000, 0x0003, 0x0000, 0x0000, 0x0000, 0x0000, 0x0000, 0x0000, 0x0000, 0x0000, 0x0003,
    0x0000, 0x0000, 0x0000, 0x0000, 0x0000, 0x00c0, 0xc000, 0x0000, 0x0000, 0x0c00, 0x0000, 0x0000,
    0x0000, 0x0000, 0x00c0, 0xcc00, 0x0000, 0x0000, 0x0000, 0x0000, 0x0000, 0x0000, 0x0000, 0x3000,
    0x3000, 0x0000, 0x0000, 0x0000, 0x0000, 0x3000, 0x3000, 0x0000, 0x0000, 0x0000, 0x0000, 0x0000,
    0x0000, 0x0000, 0x0c00, 0x0c00, 0x0000, 0x0000, 0x0000, 0x0000, 0x0c00, 0x0c00, 0x0000, 0x0000,
    0x0000, 0x0000, 0x0000, 0x0000, 0x0000, 0x3000, 0x0300, 0x0000, 0x0000, 0x0000, 0x0000, 0x3000,
    0x0300, 0x0000, 0x0000, 0x0000, 0x0000, 0x0000, 0x0000, 0x0000, 0xc000, 0x0c00, 0x0000, 0x0000,
    0x0000, 0x0000, 0xc000, 0x0c00, 0x0000, 0x0000, 0x0000, 0x0000, 0x0000, 0x3000, 0x0000, 0x3000,
    0x0300, 0x0000, 0x0000, 0x0000, 0x0000, 0x3000, 0x3300, 0x0000, 0x0000, 0x0000, 0x0000, 0x0c00,
    0x0000, 0x0000, 0xc000, 0x0000, 0x0000, 0x0000, 0x0000, 0x0000, 0xcc00, 0x0000, 0x0000, 0x0000,
    0x0000, 0x0000, 0x0000, 0x0000, 0x0000, 0x0000, 0x0000, 0x0000, 0x0000, 0x0000, 0x0000, 0x0000,
    0x0000, 0x0000, 0x0000, 0x0000, 0x0000, 0x0000, 0x0000, 0x0000, 0x0000, 0x0000, 0x0000, 0x0000,
    0x0000, 0x0000, 0x0000, 0x0000, 0x0000, 0x0000, 0x0000, 0x0000, 0x0000, 0x3000, 0x0000, 0x0000,
    0x0000, 0x0000, 0x0000, 0x0000, 0x0000, 0x0000, 0x3000, 0x0000, 0x0000, 0x0000, 0x0000, 0x0000,
    0x0000, 0x0000, 0x0000, 0x0000, 0x0000, 0x0000, 0x0000, 0x0000, 0x0000, 0x0000, 0x0000, 0x0000,
    0x0000, 0x0000, 0x0300, 0x0000, 0x0000, 0x0000, 0x0000, 0x0000, 0x0000, 0x0000, 0x0000, 0x0300,
    0x0000, 0x0000, 0x0000, 0x0000, 0x0000, 0x00c0, 0xc000, 0x0000, 0x0c00, 0x0000, 0x0000, 0x0000,
    0x0000, 0x0000, 0x0cc0, 0xc000, 0x0000, 0x0000, 0x0000, 0x0000, 0x0030, 0x0000, 0x0000, 0x3300,
    0x3000, 0x0000, 0x0000, 0x0000, 0x0000, 0x3330, 0x3000, 0x0000, 0x0000, 0x0000, 0x0000, 0x0000,
    0x0000, 0x0000, 0x0cc0, 0xc000, 0x0000, 0x0000, 0x0000, 0x0000, 0x0cc0, 0xc000, 0x0000, 0x0000,
    0x0000, 0x0000, 0x0000, 0x0000, 0x0000, 0x0303, 0x3000, 0x0000, 0x0000, 0x0000, 0x0000, 0x0303,
    0x3000, 0x0000, 0x0000, 0x0000, 0x0000, 0x0000, 0x0000, 0x0000, 0x0000, 0xc000, 0x0000, 0x0000,
    0x0000, 0x0000, 0x0000, 0xc000, 0x0000, 0x00cc, 0x0000, 0x0000, 0x00cc, 0x0000, 0x0000, 0x00cc,
    0x0000, 0x0000, 0x00cc, 0x0000, 0x0000, 0x00cc, 0x0000, 0x0000, 0x0030, 0x0000, 0x0000, 0x0030,
    0x0000, 0x0000, 0x0030, 0x0000, 0x0000, 0x0030, 0x0000, 0x0000, 0x0030, 0x0000, 0x0000, 0x000c,
    0x0000, 0x0000, 0x000c, 0x0000, 0x0000, 0x000c, 0x0000, 0x0000, 0x000c, 0x0000, 0x0000, 0x000c,
    0x0000, 0x0000, 0x0003, 0x0000, 0x0000, 0x0003, 0x0000, 0x0000, 0x0003, 0x0000, 0x0000, 0x0003,
    0x0000, 0x0000, 0x0003, 0x0000, 0x0000, 0x00c0, 0xcc00, 0x0000, 0x00c0, 0xcc00, 0x0000, 0x00c0,
    0xcc00, 0x0000, 0x00c0, 0xcc00, 0x0000, 0x00c0, 0xcc00, 0x0000, 0x3000, 0x3000, 0x0000, 0x3000,
    0x3000, 0x0000, 0x3000, 0x3000, 0x0000, 0x3000, 0x3000, 0x0000, 0x3000, 0x3000, 0x0000, 0x0c00,
    0x0c00, 0x0000, 0x0c00, 0x0c00, 0x0000, 0x0c00, 0x0c00, 0x0000, 0x0c00, 0x0c00, 0x0000, 0x0c00,
    0x0c00, 0x0000, 0x3000, 0x0300, 0x0000, 0x3000, 0x0300, 0x0000, 0x3000, 0x0300, 0x0000, 0x3000,
    0x0300, 0x0000, 0x3000, 0x0300, 0x0000, 0xc000, 0x0c00, 0x0000, 0xc000, 0x0c00, 0x0000, 0xc000,
    0x0c00, 0x0000, 0xc000, 0x0c00, 0x0000, 0xc000, 0x0c00, 0x0000, 0x3000, 0x3300, 0x0000, 0x3000,
    0x3300, 0x0000, 0x3000, 0x3300, 0x0000, 0x3000, 0x3300, 0x0000, 0x3000, 0x3300, 0x0000, 0xcc00,
    0x0000, 0x0000, 0xcc00, 0x0000, 0x0000, 0xcc00, 0x0000, 0x0000, 0xcc00, 0x0000, 0x0000, 0xcc00,
    0x0000, 0x0000, 0x0000, 0x0000, 0x0000, 0x0000, 0x0000, 0x0000, 0x0000, 0x0000, 0x0000, 0x0000,
    0x0000, 0x0000, 0x0000, 0x0000, 0x0000, 0x0000, 0x0000, 0x0000, 0x0000, 0x0000, 0x0000, 0x0000,
    0x0000, 0x0000, 0x0000, 0x0000, 0x0000, 0x0000, 0x0000, 0x0000, 0x0000, 0x3000, 0x0000, 0x0000,
    0x3000, 0x0000, 0x0000, 0x3000, 0x0000, 0x0000, 0x3000, 0x0000, 0x0000, 0x3000, 0x0000, 0x0000,
    0x0000, 0x0000, 0x0000, 0x0000, 0x0000, 0x0000, 0x0000, 0x0000, 0x0000, 0x0000, 0x0000, 0x0000,
    0x0000, 0x0000, 0x0300, 0x0000, 0x0000, 0x0300, 0x0000, 0x0000, 0x0300, 0x0000, 0x0000, 0x0300,
    0x0000, 0x0000, 0x0300, 0x0000, 0x0000, 0x0cc0, 0xc000, 0x0000, 0x0cc0, 0xc000, 0x0000, 0x0cc0,
    0xc000, 0x0000, 0x0cc0, 0xc000, 0x0000, 0x0cc0, 0xc000, 0x0000, 0x3330, 0x3000, 0x0000, 0x3330,
    0x3000, 0x0000, 0x3330, 0x3000, 0x0000, 0x3330, 0x3000, 0x0000, 0x3330, 0x3000, 0x0000, 0x0cc0,
    0xc000, 0x0000, 0x0cc0, 0xc000, 0x0000, 0x0cc0, 0xc000, 0x0000, 0x0cc0, 0xc000, 0x0000, 0x0cc0,
    0xc000, 0x0000, 0x0303, 0x3000, 0x0000, 0x0303, 0x3000, 0x0000, 0x0303, 0x3000, 0x0000, 0x0303,
    0x3000, 0x0000, 0x0303, 0x3000, 0x0000, 0x0000, 0xc000, 0x0000, 0x0000, 0xc000, 0x0000, 0x0000,
    0xc000, 0x0000, 0x0000, 0xc000, 0x0000, 0x0000, 0xc000, 0x0000, 0x0000, 0x0000, 0x0000, 0x0000,
    0x0000, 0x0000, 0x0000, 0x0000, 0x0000, 0x0000, 0x0c00, 0x0000, 0x0000, 0x0000, 0x0000, 0x0000,
    0x0000, 0x0000, 0x0000, 0x0000, 0x0c00, 0x0000, 0x0000, 0x0000, 0x0000, 0x0000, 0x0000, 0x0000,
    0x0000, 0x0000, 0x0c00, 0x0000, 0x0000, 0x0000, 0x0000, 0x0000, 0x0000, 0x0000, 0x0000, 0x0000,
    0x0c00, 0x0000, 0x0000, 0x0000, 0x0000, 0x0000, 0x0000, 0x0000, 0x0000, 0x0000, 0x0c00, 0x0000,
    0x0000, 0x0000, 0x0000, 0x0000, 0x0000, 0x0000, 0x0000, 0x0000, 0x0c00, 0x0000, 0x0000, 0x0000,
    0x1200, 0x0000, 0x0000, 0x0000, 0x0000, 0x0000, 0x4080, 0x0000, 0x4080, 0x0000, 0x7f80, 0x0000,
    0x0000, 0x0000, 0x0000, 0x0000, 0x4080, 0x0000, 0x4080, 0x0000, 0x7f80, 0x0000, 0x0000, 0x0000,
    0x0000, 0x0000, 0x8c40, 0x0000, 0x0000, 0x0000, 0x7380, 0x0000, 0x0000, 0x0000, 0x0000, 0x0000,
    0x8040, 0x0000, 0x0000, 0x0000, 0x5e80, 0x0000, 0x0000, 0x0000, 0x0000, 0x0000, 0x0000, 0x0000,
    0x0000, 0x0000, 0x0000, 0x0000, 0x0000, 0x0000, 0x0000, 0x0000, 0x0c00, 0x0000, 0x0c00, 0x0000,
    0x0c00, 0x0000, 0x0c00, 0x0000, 0x0c00, 0x0000, 0x0c00, 0x0000, 0x0c00, 0x0000, 0x0c00, 0x0000,
    0x0c00, 0x0000, 0x0c00, 0x0000, 0x0c00, 0x0000, 0x0c00, 0x0000, 0x0c00, 0x0000, 0x0c00, 0x0000,
    0x0c00, 0x0000, 0x0c00, 0x0000, 0x0c00, 0x0000, 0x0c00, 0x0000, 0x0c00, 0x0000, 0x0c00, 0x0000,
    0x0c00, 0x0000, 0x0c00, 0x0000, 0x0c00, 0x0000, 0x0c00, 0x0000, 0x0c00, 0x0000, 0x1e00, 0x0000,
    0x1e00, 0x0000, 0x1e00, 0x0000, 0x1e00, 0x0000, 0x1e00, 0x0000, 0x7f80, 0x0000, 0x7f80, 0x0000,
    0x7f80, 0x0000, 0x7f80, 0x0000, 0x7f80, 0x0000, 0x7f80, 0x0000, 0x7f80, 0x0000, 0x7f80, 0x0000,
    0x7f80, 0x0000, 0x7f80, 0x0000, 0xffc0, 0x0000, 0xffc0, 0x0000, 0xffc0, 0x0000, 0xffc0, 0x0000,
    0xffc0, 0x0000, 0xdec0, 0x0000, 0xdec0, 0x0000, 0xdec0, 0x0000, 0xdec0, 0x0000, 0xdec0, 0x0000,
};
typedef struct { unsigned char w, h; unsigned short bob, mask; } SpriteInfo;   /* w: words without the padding; bob, mask: index in sprite_words */
static const SpriteInfo sprites[SPR_COUNT] = {
    {2, 21, 0, 315},
    {2, 21, 630, 945},
    {2, 19, 1260, 1545},
    {2, 19, 1830, 2115},
    {2, 21, 2400, 2715},
    {2, 21, 3030, 3345},
    {2, 21, 3660, 3975},
    {2, 21, 4290, 4605},
    {2, 22, 4920, 5250},
    {2, 22, 5580, 5910},
    {1, 10, 6240, 6340},
    {1, 9, 6440, 6530},
    {2, 10, 6620, 6770},
    {2, 14, 6920, 7130},
    {2, 18, 7340, 7610},
    {2, 9, 7880, 8015},
    {2, 18, 8150, 8420},
    {2, 20, 8690, 8990},
    {2, 21, 9290, 9605},
    {1, 11, 9920, 10030},
};
static const unsigned short game_palette[32] = {
    0x0000, 0x0fff, 0x0e20, 0x023b, 0x046f, 0x08af, 0x0800, 0x0e20,
    0x0f86, 0x0062, 0x00c4, 0x08f9, 0x0618, 0x0c4d, 0x0dae, 0x0b57,
    0x0f8a, 0x0fcd, 0x0ff0, 0x0b80, 0x00cd, 0x0078, 0x0f80, 0x0a40,
    0x0ccd, 0x0779, 0x0335, 0x0cce, 0x0113, 0x025c, 0x08bf, 0x0224,
};
static const unsigned short title_palette[32] = {
    0x0000, 0x0fff, 0x0e20, 0x0e80, 0x0ed0, 0x0e50, 0x03e4, 0x021e,
    0x0900, 0x04ce, 0x03be, 0x029d, 0x0192, 0x0169, 0x04e5, 0x0999,
    0x0980, 0x042d, 0x064a, 0x036e, 0x055d, 0x04ae, 0x0294, 0x0950,
    0x0700, 0x0677, 0x04e9, 0x0172, 0x02b3, 0x0279, 0x0219, 0x0224,
};
#define TITLE_H 178
static const unsigned short title_words[17800] = {
    0x0000, 0x0000, 0x0000, 0x0000, 0x0000, 0x0000, 0x0000, 0x0000, 0x0000, 0x0000, 0x0000, 0x0000,
    0x0000, 0x0000, 0x0000, 0x0000, 0x0000, 0x0000, 0x0000, 0x0000, 0x0000, 0x0000, 0x0000, 0x0000,
    0x0000, 0x0000, 0x0000, 0x0000, 0x0000, 0x0000, 0x0000, 0x0000, 0x0000, 0x0000, 0x0000, 0x0000,
    0x0000, 0x0000, 0x0000, 0x0000, 0x0000, 0x0000, 0x0000, 0x0000, 0x0000, 0x0000, 0x0000, 0x0000,
    0x0000, 0x0000, 0x0000, 0x0000, 0x0000, 0x0000, 0x0000, 0x0000, 0x0000, 0x0000, 0x0000, 0x0000,
    0x0000, 0x0000, 0x0000, 0x0000, 0x0000, 0x0000, 0x0000, 0x0000, 0x0000, 0x0000, 0x0000, 0x0000,
    0x0000, 0x0000, 0x0000, 0x0000, 0x0000, 0x0000, 0x0000, 0x0000, 0x0000, 0x0000, 0x0000, 0x0000,
    0x0000, 0x0000, 0x0000, 0x0000, 0x0000, 0x0000, 0x0000, 0x0000, 0x0000, 0x0000, 0x0000, 0x0000,
    0x0000, 0x0000, 0x0000, 0x0000, 0x0000, 0x0000, 0x0000, 0x0000, 0x0000, 0x0000, 0x0060, 0x0000,
    0x0000, 0x0000, 0x0000, 0x0000, 0x0000, 0x0000, 0x0000, 0x0000, 0x0000, 0x0000, 0x0000, 0x0000,
    0x0000, 0x0000, 0x0000, 0x0000, 0x0000, 0x0000, 0x0000, 0x0000, 0x0000, 0x0000, 0x0000, 0x0000,
    0x0000, 0x0000, 0x0000, 0x0000, 0x0000, 0x0000, 0x0000, 0x0000, 0x0000, 0x0000, 0x0000, 0x0000,
    0x0000, 0x0000, 0x0000, 0x0000, 0x0000, 0x0000, 0x0000, 0x0000, 0x0000, 0x0000, 0x0000, 0x0000,
    0x0000, 0x0000, 0x0000, 0x0000, 0x0000, 0x0000, 0x0000, 0x0000, 0x0000, 0x0000, 0x0020, 0x0000,
    0x0000, 0x0000, 0x0000, 0x0000, 0x0000, 0x0000, 0x0000, 0x0000, 0x0000, 0x0000, 0x0000, 0x0000,
    0x0000, 0x0000, 0x0000, 0x0000, 0x0000, 0x0000, 0x0020, 0x0000, 0x0000, 0x0000, 0x0000, 0x0000,
    0x0000, 0x0000, 0x0000, 0x0000, 0x0000, 0x0000, 0x0000, 0x0000, 0x0000, 0x0000, 0x0000, 0x0000,
    0x0000, 0x0000, 0x0060, 0x0000, 0x0000, 0x0000, 0x0000, 0x0000, 0x0000, 0x0000, 0x0000, 0x0000,
    0x0000, 0x0000, 0x0000, 0x0000, 0x0000, 0x0000, 0x0000, 0x0000, 0x0000, 0x0000, 0x0020, 0x0000,
    0x0000, 0x0000, 0x0000, 0x0000, 0x0000, 0x0000, 0x0000, 0x0000, 0x0000, 0x0000, 0x0000, 0x0000,
    0x0000, 0x0000, 0x0000, 0x0000, 0x0000, 0x0000, 0x0020, 0x0000, 0x0000, 0x0000, 0x0000, 0x0000,
    0x0000, 0x0000, 0x0000, 0x0000, 0x0000, 0x0000, 0x0000, 0x0000, 0x0000, 0x0000, 0x0000, 0x0000,
    0x0000, 0x0000, 0x0020, 0x0000, 0x0000, 0x0000, 0x0000, 0x0000, 0x0000, 0x0000, 0x0000, 0x0000,
    0x0000, 0x0000, 0x0000, 0x0000, 0x0000, 0x0000, 0x0000, 0x0000, 0x0000, 0x0000, 0x0000, 0x0000,
    0x0000, 0x0000, 0x0000, 0x0000, 0x0000, 0x0000, 0x0000, 0x0000, 0x0000, 0x0000, 0x0000, 0x0000,
    0x0000, 0x0000, 0x0000, 0x0000, 0x0000, 0x0000, 0x0000, 0x0000, 0x0000, 0x0006, 0x0000, 0x0000,
    0x0000, 0x0000, 0x0003, 0x0000, 0x0000, 0x0000, 0x0000, 0x0000, 0x0000, 0x0000, 0x0000, 0x0000,
    0x0000, 0x0000, 0x0000, 0x0000, 0x0000, 0x0000, 0x0000, 0x0000, 0x0000, 0x0000, 0x0000, 0x0000,
    0x0000, 0x0000, 0x0000, 0x0000, 0x0000, 0x0000, 0x0000, 0x0000, 0x0000, 0x0000, 0x0000, 0x0000,
    0x0000, 0x0000, 0x0000, 0x0000, 0x0000, 0x0000, 0x0003, 0x0000, 0x0002, 0x0000, 0x0000, 0x0000,
    0x0000, 0x0000, 0x0000, 0x0000, 0x0000, 0x0000, 0x0000, 0x0000, 0x0000, 0x0000, 0x0000, 0x0000,
    0x0000, 0x0000, 0x0000, 0x0000, 0x0000, 0x0000, 0x0000, 0x0000, 0x0000, 0x0000, 0x0000, 0x0000,
    0x0000, 0x0000, 0x0000, 0x0000, 0x0000, 0x0000, 0x0000, 0x0000, 0x0000, 0x0000, 0x0003, 0x0000,
    0x0004, 0x0000, 0x0000, 0x0000, 0x0000, 0x0000, 0x0000, 0x0000, 0x0000, 0x0000, 0x0000, 0x0000,
    0x0000, 0x0006, 0x0000, 0x0002, 0x0000, 0x0000, 0x0003, 0x0000, 0x0004, 0x0000, 0x0000, 0x0000,
    0x0000, 0x0000, 0x0000, 0x0000, 0x0000, 0x0000, 0x0000, 0x0000, 0x0000, 0x0006, 0x0000, 0x0002,
    0x0000, 0x0000, 0x0000, 0x0000, 0x0004, 0x0000, 0x0000, 0x0000, 0x0000, 0x0000, 0x0000, 0x0000,
    0x0000, 0x0000, 0x0000, 0x0000, 0x0000, 0x0006, 0x0000, 0x0000, 0x0000, 0x0000, 0x0003, 0x0000,
    0x0000, 0x0000, 0x0000, 0x0000, 0x0000, 0x0000, 0x0000, 0x0000, 0x0000, 0x0000, 0x0000, 0x0000,
    0x0000, 0x0006, 0x0000, 0x0002, 0x0000, 0x0000, 0x0001, 0x0000, 0x0004, 0x0000, 0x0000, 0x0000,
    0x0000, 0x0000, 0x0000, 0x0000, 0x0000, 0x0000, 0x0000, 0x0000, 0x0000, 0x0000, 0x0000, 0x0002,
    0x0000, 0x0000, 0x0003, 0x0000, 0x0006, 0x0000, 0x0000, 0x0000, 0x0000, 0x0000, 0x0000, 0x0000,
    0x0000, 0x0000, 0x0000, 0x0000, 0x0000, 0x0000, 0x0000, 0x0007, 0x0000, 0x0000, 0x0000, 0x0000,
    0x0000, 0x0000, 0x0000, 0x0000, 0x0000, 0x0000, 0x0000, 0x0000, 0x0000, 0x0000, 0x0000, 0x0000,
    0x0000, 0x0000, 0x0000, 0x0001, 0x0000, 0x0000, 0x0000, 0x0000, 0x0000, 0x0000, 0x0000, 0x0000,
    0x0000, 0x0000, 0x0000, 0x0000, 0x0000, 0x0000, 0x0000, 0x0000, 0x0000, 0x0000, 0x0000, 0x0000,
    0x0000, 0x0000, 0x0000, 0x0000, 0x0000, 0x0000, 0x0000, 0x0000, 0x0000, 0x0000, 0x0000, 0x0000,
    0x0000, 0x0000, 0x0000, 0x0000, 0x0000, 0x0000, 0x0000, 0x0005, 0x0000, 0x0000, 0x0000, 0x0000,
    0x0000, 0x0000, 0x0000, 0x0000, 0x0000, 0x0000, 0x0000, 0x0000, 0x0000, 0x0000, 0x0000, 0x0000,
    0x0000, 0x0000, 0x0000, 0x0005, 0x0000, 0x0000, 0x0000, 0x0000, 0x0000, 0x0000, 0x0000, 0x0000,
    0x0000, 0x0000, 0x0000, 0x0c00, 0x0000, 0x0000, 0x0000, 0x0000, 0x0000, 0x0000, 0x0000, 0x0002,
    0x0000, 0x0000, 0x0000, 0x0000, 0x0000, 0x0000, 0x0000, 0x0000, 0x0000, 0x0000, 0x0000, 0x0800,
    0x0000, 0x0000, 0x0000, 0x0000, 0x0000, 0x0000, 0x0000, 0x0000, 0x0000, 0x0000, 0x0000, 0x0000,
    0x0000, 0x0000, 0x0000, 0x0000, 0x0000, 0x0000, 0x0000, 0x0800, 0x0000, 0x0000, 0x0000, 0x0000,
    0x0000, 0x0000, 0x0000, 0x0000, 0x0000, 0x0000, 0x0000, 0x0000, 0x0000, 0x0000, 0x0000, 0x0000,
    0x0000, 0x0000, 0x0000, 0x0800, 0x0000, 0x0000, 0x0000, 0x0000, 0x0000, 0x0000, 0x0000, 0x0002,
    0x0000, 0x0000, 0x0000, 0x0000, 0x0000, 0x0000, 0x0000, 0x0000, 0x0000, 0x0000, 0x0000, 0x0000,
    0x0000, 0x0000, 0x0000, 0x0000, 0x0000, 0x0000, 0x0000, 0x0002, 0x0000, 0x0000, 0x0000, 0x0000,
    0x0000, 0x0000, 0x0000, 0x0000, 0x0000, 0x0600, 0x0000, 0x0c00, 0x0000, 0x0000, 0x0000, 0x0000,
    0x0000, 0x0000, 0x0000, 0x0000, 0x0000, 0x0000, 0x0000, 0x0000, 0x0000, 0x0000, 0x0000, 0x0000,
    0x0000, 0x0400, 0x0000, 0x0400, 0x0000, 0x0000, 0x0000, 0x0000, 0x0000, 0x0000, 0x0000, 0x0000,
    0x0000, 0x0000, 0x0000, 0x0000, 0x0000, 0x0000, 0x0000, 0x0000, 0x0000, 0x0400, 0x0000, 0x0400,
    0x0000, 0x0000, 0x0000, 0x0000, 0x0000, 0x0000, 0x0000, 0x0000, 0x0000, 0x0000, 0x0000, 0x0000,
    0x0000, 0x0000, 0x0000, 0x0000, 0x0000, 0x0400, 0x0000, 0x0c00, 0x0000, 0x0000, 0x0000, 0x0000,
    0x0000, 0x0000, 0x0000, 0x0000, 0x0000, 0x0000, 0x0000, 0x0000, 0x0000, 0x0000, 0x0000, 0x0000,
    0x0000, 0x0000, 0x0000, 0x0800, 0x0000, 0x0000, 0x0000, 0x0000, 0x0000, 0x0000, 0x0000, 0x0000,
    0x0000, 0x0000, 0x0000, 0x0000, 0x0000, 0x0000, 0x0000, 0x0000, 0x0000, 0x0600, 0x0000, 0x0000,
    0x0000, 0x0000, 0x0000, 0x0000, 0x0000, 0x0000, 0x0000, 0x0000, 0x0000, 0x0000, 0x0000, 0x0000,
    0x0000, 0x0000, 0x0000, 0x0000, 0x0000, 0x0200, 0x0000, 0x0000, 0x0000, 0x0000, 0x0000, 0x0000,
    0x0000, 0x0000, 0x0000, 0x0000, 0x0000, 0x0000, 0x0000, 0x0000, 0x0000, 0x0000, 0x0000, 0x0000,
    0x0000, 0x0200, 0x0000, 0x0000, 0x0000, 0x0000, 0x0000, 0x0000, 0x0000, 0x0000, 0x0000, 0x0000,
    0x0000, 0x0000, 0x0000, 0x0000, 0x0000, 0x0000, 0x0000, 0x0000, 0x0000, 0x0600, 0x0000, 0x0000,
    0x0000, 0x0000, 0x0000, 0x0000, 0x0000, 0x0000, 0x0000, 0x0000, 0x0000, 0x0000, 0x0000, 0x0000,
    0x0000, 0x0000, 0x0000, 0x0000, 0x0000, 0x0400, 0x0000, 0x0000, 0x0000, 0x0000, 0x0000, 0x0000,
    0x0000, 0x0000, 0x0000, 0x0000, 0x0000, 0x0000, 0x0000, 0x0000, 0x0000, 0x0000, 0x0000, 0x0000,
    0x0000, 0x0000, 0x0000, 0x0000, 0x1000, 0x0008, 0x0000, 0x0000, 0x0000, 0x8000, 0x0000, 0x0000,
    0x0000, 0x0000, 0x0080, 0x0000, 0x0000, 0x0000, 0x0000, 0x0020, 0x0000, 0x0000, 0x0000, 0x0000,
    0x1000, 0x0008, 0x0000, 0x0000, 0x0000, 0x8000, 0x0000, 0x0000, 0x0000, 0x0000, 0x0080, 0x0000,
    0x0000, 0x0000, 0x0000, 0x0020, 0x0000, 0x0000, 0x0000, 0x0000, 0x1003, 0xfff8, 0x0000, 0x0000,
    0x07ff, 0x8000, 0x0000, 0x3f80, 0x0000, 0x7fff, 0xff00, 0x0000, 0x0000, 0x0000, 0x0000, 0x0000,
    0x0000, 0x0000, 0x0000, 0x0000, 0x0000, 0x0000, 0x0010, 0x0000, 0x0000, 0x0000, 0x0000, 0x0000,
    0x0000, 0x0000, 0x0080, 0x0000, 0x0000, 0x0000, 0x0000, 0x0020, 0x0000, 0x0000, 0x0000, 0x0000,
    0x1ffc, 0x0008, 0x001f, 0xf800, 0x0800, 0x8000, 0x0000, 0x4040, 0x0000, 0x8000, 0x0080, 0x007f,
    0xc000, 0x0000, 0x0000, 0x0020, 0x0000, 0x0000, 0x0000, 0x0000, 0x0000, 0x0008, 0x0010, 0x0400,
    0x0000, 0x8000, 0x0000, 0x0000, 0x0000, 0x0000, 0x0080, 0x0000, 0x2000, 0x0000, 0x0000, 0x0070,
    0x0000, 0x0000, 0x0000, 0x0000, 0x0000, 0x0008, 0x0010, 0x0400, 0x0000, 0x8000, 0x0000, 0x0000,
    0x0000, 0x0000, 0x0080, 0x0000, 0x2000, 0x0000, 0x0000, 0x0010, 0x0000, 0x0000, 0x0000, 0x0000,
    0x0fff, 0xfff8, 0x001f, 0xf800, 0x07ff, 0x8000, 0x0000, 0x7fc0, 0x0000, 0x7fff, 0xff00, 0x007f,
    0xc000, 0x0000, 0x0000, 0x0000, 0x0000, 0x0000, 0x0000, 0x0000, 0x0000, 0x0000, 0x0000, 0x0400,
    0x0000, 0x0000, 0x0000, 0x0000, 0x0000, 0x0000, 0x0080, 0x0000, 0x2000, 0x0000, 0x0000, 0x0050,
    0x0000, 0x0000, 0x0000, 0x0000, 0x1000, 0x0008, 0x0010, 0x0400, 0x0800, 0x8000, 0x0000, 0x0000,
    0x0000, 0x8000, 0x0080, 0x0000, 0x2000, 0x0000, 0x0000, 0x0050, 0x0000, 0x0000, 0x0000, 0x0000,
    0x0000, 0x0008, 0x0000, 0x0400, 0x0000, 0x8000, 0x0000, 0x0010, 0x0000, 0x0000, 0x0000, 0x0100,
    0x2000, 0x0000, 0x0000, 0x0060, 0x0000, 0x0000, 0x0000, 0x0000, 0x0000, 0x0002, 0x0000, 0x0200,
    0x0000, 0x0000, 0x0000, 0x0000, 0x0000, 0x0000, 0x00a0, 0x0100, 0x2000, 0x0000, 0x0000, 0x0060,
    0x0000, 0x0000, 0x0000, 0x0000, 0x3fff, 0xfff8, 0x001f, 0xfc00, 0x07ff, 0x8000, 0x0000, 0xfff0,
    0x0001, 0xffff, 0xff00, 0x00ff, 0xc000, 0x0000, 0x0000, 0x0020, 0x0000, 0x0000, 0x0000, 0x0000,
    0x0000, 0x0005, 0x0000, 0x0100, 0x0000, 0x7000, 0x0000, 0x0008, 0x0000, 0x0000, 0x0050, 0x0100,
    0x1800, 0x0000, 0x0000, 0x0060, 0x0000, 0x0000, 0x0000, 0x0000, 0x0000, 0x0000, 0x0020, 0x0000,
    0x0800, 0x0000, 0x0001, 0x0000, 0x0002, 0x0000, 0x0000, 0x0100, 0x0000, 0x0000, 0x0000, 0x0040,
    0x0000, 0x0000, 0x0000, 0x0000, 0x0000, 0x0008, 0x0000, 0x0400, 0x0000, 0x8000, 0x0000, 0x0010,
    0x0000, 0x0000, 0x0080, 0x0100, 0x2000, 0x0000, 0x0000, 0x0000, 0x0000, 0x0000, 0x0000, 0x0000,
    0x0000, 0x0006, 0x0000, 0x0300, 0x0000, 0x7000, 0x0000, 0x0018, 0x0000, 0x0000, 0x0060, 0x0100,
    0x3800, 0x0000, 0x0000, 0x0000, 0x0000, 0x0000, 0x0000, 0x0000, 0x3fff, 0xfff8, 0x003f, 0xfc00,
    0x07ff, 0x8000, 0x0001, 0xffe0, 0x0003, 0xffff, 0xff80, 0x01ff, 0xc000, 0x0000, 0x0000, 0x0000,
    0x0000, 0x0000, 0x0000, 0x0000, 0x4000, 0x0001, 0x0000, 0x0000, 0x0000, 0x0000, 0x0000, 0x0000,
    0x0000, 0x0000, 0x0010, 0x0000, 0x0000, 0x0000, 0x0000, 0x0000, 0x0000, 0x0000, 0x0000, 0x0000,
    0x4000, 0x0000, 0x0000, 0x0000, 0x0800, 0x0000, 0x0000, 0x0000, 0x0000, 0x0000, 0x0000, 0x0100,
    0x0000, 0x0000, 0x0000, 0x0000, 0x0000, 0x0000, 0x0000, 0x0000, 0x0000, 0x0008, 0x0000, 0x0400,
    0x0000, 0x8000, 0x0000, 0x0010, 0x0004, 0x0000, 0x0080, 0x0100, 0x2000, 0x0018, 0x0000, 0x0000,
    0x0000, 0x0000, 0x0000, 0x0000, 0x0000, 0x0006, 0x0000, 0x0300, 0x0000, 0x7000, 0x0000, 0x0018,
    0x0004, 0x0000, 0x0060, 0x0100, 0x3800, 0x0000, 0x0000, 0x0000, 0x0000, 0x0000, 0x0000, 0x0000,
    0x3fff, 0xfff8, 0x001f, 0xfc00, 0x07ff, 0x8000, 0x0001, 0xffe0, 0x0003, 0xffff, 0xff80, 0x01ff,
    0xc000, 0x0018, 0x0000, 0x0000, 0x0000, 0x0000, 0x0000, 0x0000, 0x0000, 0x0001, 0x0000, 0x0000,
    0x0000, 0x0000, 0x0000, 0x0000, 0x0004, 0x0000, 0x0010, 0x0000, 0x0000, 0x0018, 0x0000, 0x0000,
    0x0000, 0x0000, 0x0000, 0x0000, 0x0000, 0x0000, 0x0020, 0x0000, 0x0800, 0x0000, 0x0000, 0x0000,
    0x0004, 0x0000, 0x0000, 0x0100, 0x0000, 0x0000, 0x0000, 0x0000, 0x0000, 0x0000, 0x0000, 0x0008,
    0x0000, 0x0008, 0x0000, 0x0280, 0x0000, 0x8000, 0x0008, 0x0000, 0x0000, 0x0000, 0x0080, 0x0800,
    0x1000, 0x0000, 0x0000, 0x0000, 0x0000, 0x0000, 0x0000, 0x0008, 0x0000, 0x0006, 0x0000, 0x0280,
    0x0000, 0x7000, 0x0008, 0x0000, 0x0000, 0x0000, 0x0060, 0x0800, 0x1000, 0x0018, 0x0000, 0x0000,
    0x0000, 0x0000, 0x0000, 0x0008, 0x7fff, 0xfff8, 0x003f, 0xfd80, 0x07ff, 0x8000, 0x000d, 0xfff8,
    0x001f, 0xffff, 0xff80, 0x09ff, 0xe800, 0x0000, 0x0000, 0x0000, 0x0000, 0x0000, 0x0000, 0x0000,
    0x0000, 0x0001, 0x0000, 0x0040, 0x0000, 0x0000, 0x0000, 0x0002, 0x0000, 0x0000, 0x0010, 0x0000,
    0x0300, 0x0018, 0x0000, 0x0000, 0x0000, 0x0000, 0x0000, 0x000f, 0x8000, 0x0000, 0x01c0, 0x00c0,
    0x0800, 0x0000, 0x000a, 0x0004, 0x0020, 0x0000, 0x0000, 0x0e00, 0x0700, 0x0000, 0x0000, 0x0000,
    0x0000, 0x0000, 0x0000, 0x0000, 0x0000, 0x0008, 0x0000, 0x0080, 0x0000, 0x8000, 0x0000, 0x0000,
    0x0000, 0x0000, 0x0000, 0x0000, 0x0000, 0x0018, 0x0000, 0x0000, 0x0000, 0x0000, 0x0000, 0x0000,
    0x0000, 0x0006, 0x0000, 0x0040, 0x0000, 0x7000, 0x0000, 0x0002, 0x0000, 0x0000, 0x00e0, 0x0000,
    0x0200, 0x0000, 0x0000, 0x0000, 0x0000, 0x0000, 0x0000, 0x0007, 0xffff, 0xfff8, 0x01ff, 0xff80,
    0x07ff, 0x8000, 0x0007, 0xfffc, 0x001f, 0xffff, 0xff00, 0x07ff, 0xfc00, 0x0018, 0x0000, 0x0000,
    0x0000, 0x0000, 0x0000, 0x0000, 0x0000, 0x0001, 0x0000, 0x0020, 0x0000, 0x0000, 0x0000, 0x0000,
    0x0000, 0x0000, 0x0010, 0x0000, 0x0100, 0x0018, 0x0000, 0x0000, 0x0000, 0x0000, 0x0000, 0x0008,
    0x0000, 0x0000, 0x0000, 0x0020, 0x0800, 0x0000, 0x0008, 0x0000, 0x0020, 0x0000, 0x0000, 0x0800,
    0x0000, 0x0000, 0x0000, 0x0000, 0x0000, 0x0000, 0x0000, 0x0000, 0x0000, 0x0008, 0x0000, 0x0080,
    0x0000, 0x8010, 0x0000, 0x0004, 0x0000, 0x0000, 0x0080, 0x0000, 0x0000, 0x0000, 0x0000, 0x0000,
    0x0000, 0x0000, 0x0000, 0x0000, 0x0000, 0x0006, 0x0000, 0x0060, 0x0000, 0x7008, 0x0000, 0x0006,
    0x0000, 0x0000, 0x0060, 0x0000, 0x0200, 0x0000, 0x0000, 0x0000, 0x0000, 0x0000, 0x0000, 0x0007,
    0xffff, 0xfff8, 0x01ff, 0xff80, 0x07ff, 0x8010, 0x0007, 0xfff8, 0x001f, 0xffff, 0xff80, 0x07ff,
    0xfc00, 0x0000, 0x0000, 0x0000, 0x0000, 0x0000, 0x0000, 0x0000, 0x0000, 0x0001, 0x0000, 0x0010,
    0x0000, 0x0018, 0x0000, 0x0001, 0x8000, 0x0000, 0x0010, 0x0000, 0x0100, 0x0000, 0x0000, 0x0000,
    0x0000, 0x0000, 0x0000, 0x0008, 0x0000, 0x0000, 0x0000, 0x0000, 0x0800, 0x0010, 0x0008, 0x0000,
    0x8020, 0x0000, 0x0000, 0x0800, 0x0000, 0x0000, 0x0000, 0x0000, 0x0000, 0x0000, 0x4000, 0x0000,
    0x03ff, 0xfff8, 0x0000, 0x0080, 0x0000, 0x8018, 0x0040, 0x0004, 0x0000, 0x0fff, 0xff00, 0x0000,
    0x0000, 0x0000, 0x0000, 0x0000, 0x0000, 0x0000, 0x4000, 0x0000, 0x03ff, 0xfff6, 0x0000, 0x0070,
    0x0000, 0x7008, 0x0040, 0x0007, 0x8000, 0x0a00, 0x00e0, 0x0000, 0x0380, 0x0000, 0x0000, 0x0000,
    0x0000, 0x0000, 0x0000, 0x000f, 0xfc00, 0x0008, 0x01ff, 0xff80, 0x07ff, 0x8010, 0x004f, 0xfff8,
    0x003f, 0xf5ff, 0xff00, 0x0fff, 0xfc00, 0x0000, 0x0000, 0x0000, 0x0000, 0x0000, 0x4000, 0x0000,
    0x0000, 0x0001, 0x0000, 0x0000, 0x0000, 0x0018, 0x0000, 0x0000, 0x0000, 0x0000, 0x0010, 0x0000,
    0x0040, 0x0000, 0x0000, 0x0000, 0x0000, 0x0000, 0x4000, 0x0070, 0x0000, 0x0000, 0x0600, 0x0000,
    0x0800, 0x0000, 0x0070, 0x0000, 0x00c0, 0x0000, 0x0000, 0x3000, 0x0040, 0x0000, 0x0000, 0x0000,
    0x0000, 0x0000, 0x2000, 0x0080, 0x0000, 0x0000, 0x0800, 0x0080, 0x0000, 0x8000, 0x0000, 0x0004,
    0x0000, 0x0800, 0x0000, 0x0000, 0x0000, 0x0000, 0x0000, 0x0000, 0x0000, 0x0000, 0x2000, 0x0080,
    0x03ff, 0xfffe, 0x0800, 0x0070, 0x0000, 0x7000, 0x0000, 0x0007, 0x8000, 0x07ff, 0xffe0, 0x0000,
    0x0380, 0x0000, 0x0000, 0x0000, 0x0000, 0x0000, 0x4000, 0x00ff, 0xfc00, 0x0000, 0x0fff, 0xff80,
    0x07ff, 0x8000, 0x003f, 0xfff8, 0x00ff, 0xf800, 0x0000, 0x3fff, 0xfc00, 0x0000, 0x0000, 0x0000,
    0x0000, 0x0000, 0x2000, 0x0000, 0x0000, 0x0001, 0x0000, 0x0000, 0x0000, 0x0000, 0x0000, 0x0000,
    0x0000, 0x0000, 0x0010, 0x0000, 0x0040, 0x0000, 0x0000, 0x0000, 0x0000, 0x0000, 0xa000, 0x0080,
    0x0000, 0x0000, 0x0800, 0x0000, 0x0800, 0x0000, 0x0040, 0x0000, 0x0000, 0x0000, 0x0000, 0x0000,
    0x0040, 0x0000, 0x0000, 0x0000, 0x0000, 0x0000, 0x8000, 0x0080, 0x0000, 0x0000, 0x080f, 0x8080,
    0x0000, 0x8000, 0x0000, 0x7e00, 0x0000, 0x2800, 0x0000, 0x003e, 0x0000, 0x0000, 0x0000, 0x0000,
    0x0000, 0x0000, 0x8000, 0x0080, 0x03ff, 0xfff8, 0x080f, 0x8070, 0x0000, 0x7000, 0x0000, 0x7e03,
    0x8000, 0x27ff, 0xffe0, 0x003e, 0x0380, 0x0000, 0x0000, 0x0000, 0x0000, 0x0000, 0x8000, 0x00ff,
    0xfc00, 0x0000, 0x0ff0, 0x7f80, 0x07ff, 0x8000, 0x003f, 0x81fc, 0x00ff, 0xd800, 0x0000, 0x3fc1,
    0xfc00, 0x0000, 0x0000, 0x0000, 0x0000, 0x0000, 0x0000, 0x0000, 0x0000, 0x0004, 0x0000, 0x0000,
    0x0000, 0x0000, 0x0000, 0x0000, 0x0000, 0x0000, 0x0010, 0x0000, 0x0040, 0x0000, 0x0000, 0x0000,
    0x0000, 0x0000, 0xc000, 0x0080, 0x0000, 0x0000, 0x0800, 0x0000, 0x0800, 0x0000, 0x0040, 0x0000,
    0x0000, 0x0000, 0x0000, 0x0000, 0x0040, 0x0000, 0x0000, 0x0000, 0x0000, 0x0000, 0x0000, 0x0080,
    0x1000, 0x0000, 0x0800, 0x4020, 0x0000, 0x8000, 0x0100, 0x0000, 0x0000, 0x4000, 0x0000, 0x0040,
    0x0000, 0x0000, 0x0000, 0x0000, 0x0000, 0x0000, 0x0000, 0x0080, 0x1fff, 0xfff8, 0x080f, 0x8010,
    0x0000, 0x7000, 0x0100, 0x7e00, 0x8000, 0x7fff, 0xffe0, 0x003e, 0x0080, 0x0000, 0x0000, 0x0000,
    0x0000, 0x0000, 0x0000, 0x00ff, 0xe000, 0x0000, 0x0ff0, 0x7fe0, 0x07ff, 0x8000, 0x017f, 0x81ff,
    0x00ff, 0x8000, 0x0000, 0x3fc1, 0xff00, 0x0000, 0x0000, 0x0000, 0x0000, 0x0000, 0x0000, 0x0000,
    0x0000, 0x0004, 0x0000, 0x0000, 0x0000, 0x0000, 0x0000, 0x0000, 0x0000, 0x0000, 0x0010, 0x0000,
    0x0040, 0x0000, 0x0000, 0x0000, 0x0000, 0x0000, 0x0000, 0x0080, 0x0000, 0x0000, 0x0800, 0x0000,
    0x0800, 0x0000, 0x0180, 0x0000, 0x0000, 0x0000, 0x0000, 0x0000, 0x0040, 0x0000, 0x0000, 0x0000,
    0x0000, 0x0000, 0x0000, 0x0080, 0x1000, 0x0000, 0x0000, 0x4020, 0x0000, 0x8000, 0x0000, 0x0000,
    0x0000, 0x4000, 0x0000, 0x0040, 0x0000, 0x0000, 0x0000, 0x0000, 0x0000, 0x0000, 0x0000, 0x0080,
    0x1f91, 0x0388, 0x000f, 0x0030, 0x0000, 0x7000, 0x0000, 0x7800, 0xe000, 0x3f7b, 0xff00, 0x0038,
    0x00e0, 0x0000, 0x0000, 0x0000, 0x0000, 0x0000, 0x0000, 0x00ff, 0xe000, 0x0000, 0x0ff0, 0x7fc0,
    0x07ff, 0x8000, 0x01ff, 0x81ff, 0x00ff, 0xc000, 0x0000, 0xffc1, 0xff00, 0x0000, 0x0000, 0x0000,
    0x0000, 0x0000, 0x0000, 0x0000, 0x006e, 0xfc74, 0x0000, 0x800c, 0x0000, 0x0000, 0x0000, 0x0600,
    0x1000, 0x0084, 0x00f0, 0x0006, 0x0010, 0x0000, 0x0000, 0x0000, 0x0000, 0x0000, 0x0000, 0x0080,
    0x0000, 0x0004, 0x3000, 0x0000, 0x0800, 0x0000, 0x0000, 0x0000, 0x1000, 0x0000, 0x0000, 0x0000,
    0x0000, 0x0000, 0x0000, 0x0000, 0x0040, 0x0000, 0x0000, 0x0000, 0x1000, 0x0000, 0x0000, 0x4020,
    0x0000, 0x8000, 0x0000, 0x0000, 0x0000, 0x4000, 0x0000, 0x0040, 0x0000, 0x0000, 0x0000, 0x0000,
    0x0000, 0x0000, 0x0000, 0x0000, 0x1f80, 0x0000, 0x000c, 0x401c, 0x0000, 0x7000, 0x0000, 0x6000,
    0xe000, 0x3e00, 0x0000, 0x0030, 0x00e0, 0x0000, 0x0000, 0x0000, 0x0040, 0x0000, 0x0000, 0x07ff,
    0xe000, 0x0000, 0x3ff0, 0x7fe0, 0x07ff, 0x8000, 0x01ff, 0x81ff, 0x00ff, 0xc000, 0x0000, 0xffc1,
    0xff00, 0x0000, 0x0000, 0x0000, 0x0040, 0x0000, 0x0000, 0x0000, 0x0000, 0x0000, 0x0003, 0x0000,
    0x0000, 0x0000, 0x0000, 0x1e00, 0x1000, 0x0000, 0x0000, 0x000e, 0x0010, 0x0000, 0x0000, 0x0000,
    0x0000, 0x0000, 0x0000, 0x0000, 0x0000, 0x0000, 0x0003, 0x4000, 0x0800, 0x0000, 0x0000, 0x0e00,
    0x1000, 0x0000, 0x0000, 0x0006, 0x0010, 0x0000, 0x0000, 0x0000, 0x00c0, 0x0000, 0x0000, 0x0000,
    0x1000, 0x0000, 0x0000, 0x4020, 0x0000, 0x8000, 0x0000, 0x0000, 0x0000, 0x4000, 0x0000, 0x0040,
    0x0000, 0x0000, 0x0000, 0x0000, 0x0080, 0x0000, 0x0000, 0x0000, 0x1e00, 0x0000, 0x000c, 0x403c,
    0x0000, 0x7000, 0x0000, 0x6000, 0xe000, 0x3e00, 0x0000, 0x0030, 0x00e0, 0x0000, 0x0000, 0x0000,
    0x0000, 0x0000, 0x0000, 0x07ff, 0xe000, 0x0000, 0x1ff0, 0x7fc0, 0x07ff, 0x8000, 0x01ff, 0x81ff,
    0x00ff, 0xc000, 0x0000, 0xffc1, 0xff00, 0x0000, 0x0000, 0x0000, 0x00c0, 0x0000, 0x0000, 0x0000,
    0x0180, 0x0000, 0x0003, 0x0000, 0x0000, 0x0000, 0x0000, 0x1e00, 0x1000, 0x0000, 0x0000, 0x000e,
    0x0010, 0x0000, 0x0000, 0x0000, 0x0000, 0x0000, 0x0000, 0x0000, 0x0000, 0x0000, 0x2003, 0x4000,
    0x0800, 0x0000, 0x0000, 0x0e00, 0x1000, 0x0000, 0x0000, 0x000e, 0x0010, 0x0000, 0x0000, 0x0000,
    0x00c0, 0x0000, 0x0000, 0x0000, 0x7080, 0x0000, 0x0030, 0x3008, 0x0000, 0x8000, 0x0001, 0x8180,
    0x0000, 0x4000, 0x0081, 0x0081, 0x8020, 0x0000, 0x0000, 0x0000, 0x0080, 0x0000, 0x0000, 0x0000,
    0x4c80, 0x0000, 0x002c, 0x100c, 0x0000, 0x7000, 0x0001, 0x6180, 0x2000, 0x3800, 0x0081, 0x0071,
    0x8000, 0x0000, 0x0000, 0x0000, 0x0040, 0x0000, 0x0000, 0x07ff, 0xb0ff, 0xff80, 0x3fd0, 0x2ff0,
    0x07ff, 0x8000, 0x01fe, 0x817f, 0xc0ff, 0xc0ff, 0xff01, 0xff81, 0x7fe0, 0x0000, 0x0000, 0x0000,
    0x00c0, 0x0000, 0x0000, 0x0000, 0x0200, 0x0000, 0x0000, 0x4002, 0x0000, 0x0000, 0x0000, 0x1000,
    0x1800, 0x0000, 0x0080, 0x0008, 0x0018, 0x0000, 0x0000, 0x0000, 0x0080, 0x0000, 0x0000, 0x0000,
    0x0280, 0x0000, 0x0000, 0x4002, 0x0800, 0x0000, 0x0000, 0x1100, 0x0800, 0x0000, 0x0081, 0x0009,
    0x0008, 0x0000, 0x0000, 0x0000, 0x0000, 0x0000, 0x0000, 0x0000, 0x0080, 0x0000, 0x0020, 0x1008,
    0x0000, 0x8000, 0x0000, 0x0000, 0x0000, 0x4000, 0x0084, 0x0100, 0x0020, 0x0000, 0x0000, 0x0000,
    0x0000, 0x0000, 0x0000, 0x0000, 0x7c80, 0x0000, 0x001c, 0x200f, 0x0000, 0x7000, 0x0001, 0xe080,
    0x3800, 0x3800, 0x0084, 0x01f0, 0x8018, 0x0000, 0x0000, 0x0000, 0x0000, 0x0000, 0x0000, 0x07ff,
    0x80ff, 0xff80, 0xffe0, 0x1ff0, 0x07ff, 0x8000, 0x07fe, 0x007f, 0xc0ff, 0xc0ff, 0xff07, 0xfe00,
    0x7fe0, 0x0000, 0x0000, 0x0000, 0x0000, 0x0000, 0x0000, 0x0000, 0x0200, 0x0000, 0x0002, 0x0000,
    0x0000, 0x0000, 0x0000, 0x1100, 0x0400, 0x0000, 0x0080, 0x0009, 0x0004, 0x0000, 0x0000, 0x0000,
    0x0000, 0x0000, 0x0000, 0x0000, 0x0280, 0x0000, 0x0002, 0x0000, 0x0800, 0x0000, 0x0800, 0x1000,
    0x0400, 0x0000, 0x0084, 0x0009, 0x0000, 0x0000, 0x0000, 0x0000, 0x0000, 0x0000, 0x0000, 0x0000,
    0x4080, 0x0000, 0x0020, 0x1008, 0x0000, 0x8000, 0x0000, 0x0000, 0x0000, 0x4000, 0x0084, 0x0100,
    0x0020, 0x0000, 0x0008, 0x0000, 0x0000, 0x0000, 0x0000, 0x0000, 0x3080, 0x0000, 0x0018, 0x100f,
    0x0000, 0x7000, 0x0001, 0xc000, 0x3800, 0x3800, 0x0084, 0x01c0, 0x0018, 0x0000, 0x0008, 0x0000,
    0x0000, 0x0000, 0x0000, 0x07ff, 0xc0ff, 0xff80, 0xffe0, 0x1ff0, 0x07ff, 0x8000, 0x07fe, 0x007f,
    0xc0ff, 0xc0ff, 0xff87, 0xfe00, 0x7fe0, 0x0000, 0x0008, 0x0000, 0x0000, 0x0000, 0x0000, 0x0000,
    0x0c00, 0x0078, 0x0004, 0x0000, 0x0000, 0x0000, 0x0000, 0x3080, 0x0400, 0x0000, 0x0070, 0x0030,
    0x8004, 0x0000, 0x0000, 0x0000, 0x0000, 0x0000, 0x0000, 0x0000, 0x0c80, 0x0008, 0x0000, 0x1000,
    0x0800, 0x0000, 0x0800, 0x1080, 0x0400, 0x0000, 0x0094, 0x0030, 0x8000, 0x0000, 0x0018, 0x0000,
    0x0000, 0x0000, 0x0000, 0x0000, 0x4080, 0x0000, 0x0020, 0x1008, 0x0000, 0x8000, 0x0000, 0x0000,
    0x0000, 0x4000, 0x0084, 0x0100, 0x0020, 0x0000, 0x0000, 0x0000, 0x0000, 0x0000, 0x0000, 0x0000,
    0x2080, 0x0070, 0x0010, 0x100f, 0x0000, 0x7000, 0x0001, 0xc000, 0x3800, 0x3800, 0x0064, 0x01c0,
    0x0018, 0x0000, 0x0000, 0x0000, 0x0000, 0x0000, 0x0000, 0x07ff, 0xc0ff, 0xff80, 0xffe0, 0x1ff0,
    0x07ff, 0x8000, 0x07fe, 0x007f, 0xc0ff, 0xc0ff, 0xff87, 0xfe00, 0x7fe0, 0x0000, 0x0010, 0x0000,
    0x0000, 0x0000, 0x0000, 0x0000, 0x1000, 0x0008, 0x000c, 0x0000, 0x0000, 0x0000, 0x0000, 0x2000,
    0x0400, 0x0000, 0x0010, 0x0020, 0x0004, 0x0000, 0x0000, 0x0000, 0x0000, 0x0000, 0x0000, 0x0000,
    0x0080, 0x0008, 0x0004, 0x1000, 0x0800, 0x0000, 0x0800, 0x2000, 0x0400, 0x0000, 0x0004, 0x0020,
    0x0000, 0x0000, 0x0008, 0x0000, 0x0000, 0x0000, 0x0000, 0x07ff, 0x807f, 0xff80, 0x0020, 0x1008,
    0x0fff, 0x8000, 0x0000, 0x0000, 0x00ff, 0xc0ff, 0xff00, 0x0100, 0x0020, 0x0000, 0x0000, 0x0000,
    0x0000, 0x0000, 0x0000, 0x07ff, 0xe07f, 0xfff0, 0x0010, 0x100f, 0x0fff, 0x7000, 0x0001, 0x8000,
    0x38ff, 0xb8ff, 0xffe0, 0x01c0, 0x0018, 0x0000, 0x0000, 0x0000, 0x0000, 0x0000, 0x0000, 0x0000,
    0x0000, 0x0000, 0xffe0, 0x1ff0, 0x0800, 0x8000, 0x07fe, 0x007f, 0xc000, 0x4000, 0x0003, 0xfe00,
    0x7fe0, 0x0000, 0x0000, 0x0000, 0x0000, 0x0000, 0x0000, 0x0000, 0x1080, 0x0008, 0x0008, 0x0000,
    0x0000, 0x0000, 0x0000, 0x4000, 0x0400, 0x0000, 0x0010, 0x0000, 0x0004, 0x0000, 0x0000, 0x0000,
    0x0000, 0x0000, 0x0000, 0x0000, 0x0080, 0x0008, 0x0008, 0x1000, 0x0800, 0x0000, 0x0800, 0x0000,
    0x0400, 0x0000, 0x0004, 0x0000, 0x0000, 0x0000, 0x0000, 0x0000, 0x0000, 0x0000, 0x0000, 0x07ff,
    0x807f, 0xff80, 0x0020, 0x1008, 0x0fff, 0x0000, 0x0000, 0x0000, 0x00ff, 0xc0ff, 0xff00, 0x0100,
    0x0020, 0x0000, 0x0000, 0x0000, 0x0000, 0x0000, 0x0000, 0x03ff, 0xe07f, 0xff70, 0x0010, 0x100f,
    0x0fff, 0xf000, 0x0001, 0x8000, 0x387f, 0xb83f, 0xffe0, 0x01c0, 0x0018, 0x0000, 0x0000, 0x0000,
    0x0000, 0x0000, 0x0000, 0x0400, 0x0000, 0x0080, 0xffe0, 0x1ff0, 0x0800, 0x0000, 0x07fe, 0x007f,
    0xc080, 0x40c0, 0x0003, 0xfe00, 0x7fe0, 0x0000, 0x0000, 0x0000, 0x0000, 0x0000, 0x0000, 0x0000,
    0x1080, 0x0008, 0x0008, 0x0000, 0x0000, 0x0000, 0x0000, 0x4000, 0x0400, 0x0000, 0x0010, 0x0000,
    0x0004, 0x0000, 0x0000, 0x0000, 0x0000, 0x0000, 0x0000, 0x0000, 0x0080, 0x0008, 0x0008, 0x1000,
    0x0800, 0x0000, 0x0800, 0x0000, 0x0400, 0x0000, 0x0004, 0x0000, 0x0000, 0x0000, 0x0000, 0x0000,
    0x0000, 0x0000, 0x0060, 0x07ff, 0x807f, 0xff83, 0xffff, 0xfffe, 0x0fff, 0x8000, 0x0fff, 0xffff,
    0xf0ff, 0xc0ff, 0xff07, 0xffff, 0xfff0, 0x0000, 0x0000, 0x0000, 0x0000, 0x0000, 0x0060, 0x03ff,
    0xe07f, 0xff70, 0xffc0, 0x1ffd, 0x0fff, 0x7000, 0x0ffe, 0x007f, 0xe87f, 0xb8ff, 0xffe7, 0xff00,
    0x7fe8, 0x0000, 0x0000, 0x0000, 0x0000, 0x0000, 0x0060, 0x0400, 0x0000, 0x0083, 0x003f, 0xe002,
    0x0800, 0x8000, 0x0801, 0xff80, 0x1080, 0x4000, 0x0004, 0x00ff, 0x8010, 0x0000, 0x0000, 0x0000,
    0x0000, 0x0000, 0x0060, 0x0000, 0x1080, 0x0008, 0x0000, 0x0000, 0x0000, 0x0000, 0x0000, 0x0000,
    0x0400, 0x0000, 0x0010, 0x0000, 0x0004, 0x0000, 0x0000, 0x0000, 0x0000, 0x0000, 0x0000, 0x0000,
    0x0080, 0x0008, 0x0000, 0x0000, 0x0800, 0x0000, 0x0800, 0x0000, 0x0400, 0x0000, 0x0004, 0x0000,
    0x0000, 0x0000, 0x0000, 0x0000, 0x0000, 0x0000, 0x0060, 0x07ff, 0x8003, 0xff83, 0xffff, 0xfffe,
    0x0fff, 0x8000, 0x0fff, 0xffff, 0xf0ff, 0xc003, 0xff07, 0xffff, 0xfff0, 0x0000, 0x0000, 0x0000,
    0x0000, 0x0000, 0x0000, 0x03ff, 0xe07d, 0xfff3, 0xffff, 0xfffd, 0x8fff, 0x7000, 0x0fff, 0xffff,
    0xec7f, 0xb8fd, 0xffe7, 0xffff, 0xfffe, 0x0000, 0x0000, 0x0000, 0x0000, 0x0000, 0x0000, 0x0400,
    0x0002, 0x0000, 0x0000, 0x0002, 0x0800, 0x8000, 0x0800, 0x0000, 0x1080, 0x4002, 0x0004, 0x0000,
    0x0000, 0x0000, 0x0000, 0x0000, 0x0000, 0x0000, 0x0000, 0x0000, 0x1080, 0x000c, 0x0000, 0x0000,
    0x4000, 0x0000, 0x0000, 0x0000, 0x0200, 0x0000, 0x0010, 0x0000, 0x0001, 0x0000, 0x0000, 0x0000,
    0x0000, 0x0000, 0x0000, 0x0000, 0x0080, 0x000c, 0x0000, 0x0000, 0x0800, 0x0000, 0x0800, 0x0000,
    0x0000, 0x0000, 0x0004, 0x0000, 0x0001, 0x0000, 0x0000, 0x0000, 0x0000, 0x0000, 0x0000, 0x07ff,
    0x8003, 0xff83, 0xffff, 0xfffe, 0x0fff, 0x8000, 0x0fff, 0xffff, 0xf0ff, 0xc003, 0xff07, 0xffff,
    0xfff0, 0x0000, 0x0000, 0x0000, 0x0000, 0x0000, 0x0000, 0x03ff, 0xe03d, 0xfff3, 0xffff, 0xfffd,
    0x8fff, 0x7000, 0x0fff, 0xffff, 0xeeff, 0xb8fd, 0xffe7, 0xffff, 0xffee, 0x0000, 0x0000, 0x0000,
    0x0000, 0x0000, 0x0000, 0x0400, 0x0002, 0x0000, 0x0000, 0x0002, 0x0800, 0x8000, 0x0800, 0x0000,
    0x1000, 0x4002, 0x0004, 0x0000, 0x0010, 0x0000, 0x0000, 0x0000, 0x0000, 0x0000, 0x0000, 0x0000,
    0x1040, 0x0008, 0x0000, 0x0000, 0x4000, 0x0000, 0x0000, 0x0000, 0x0000, 0x0000, 0x0010, 0x0000,
    0x0001, 0x0000, 0x0000, 0x0000, 0x0000, 0x0000, 0x0000, 0x0000, 0x0000, 0x0008, 0x0000, 0x0000,
    0x0800, 0x0000, 0x0800, 0x0000, 0x0000, 0x0000, 0x0004, 0x0000, 0x0000, 0x0000, 0x0000, 0x0000,
    0x0000, 0x0000, 0x0000, 0x07ff, 0x8003, 0xff83, 0xffff, 0xfffc, 0x0fff, 0x0000, 0x0fff, 0xffff,
    0xf0ff, 0xc003, 0xff07, 0xffff, 0xfff0, 0x0000, 0x0000, 0x0000, 0x0000, 0x0000, 0x0000, 0x03ff,
    0xe00d, 0xff73, 0xffff, 0xffff, 0xcfff, 0xf000, 0x0fff, 0xffff, 0xeeff, 0xb81d, 0xffe7, 0xffff,
    0xffee, 0x0000, 0x0000, 0x0000, 0x0000, 0x0000, 0x0000, 0x0400, 0x0002, 0x0080, 0x0000, 0x0000,
    0x0800, 0x0000, 0x0800, 0x0000, 0x1000, 0x4002, 0x0004, 0x0000, 0x0010, 0x0000, 0x0000, 0x0000,
    0x0000, 0x0000, 0x0000, 0x0000, 0x1010, 0x0008, 0x0000, 0x0000, 0x0000, 0x0000, 0x0000, 0x0000,
    0x0000, 0x00e0, 0x0010, 0x0000, 0x0001, 0x0000, 0x0000, 0x0000, 0x0000, 0x0000, 0x0000, 0x0000,
    0x0000, 0x0008, 0x0000, 0x0000, 0x0800, 0x0000, 0x0800, 0x0000, 0x0000, 0x00c0, 0x0004, 0x0000,
    0x0000, 0x0000, 0x0000, 0x0000, 0x0000, 0x0000, 0x0000, 0x07ff, 0x8003, 0xff83, 0xffff, 0xfffc,
    0x0fff, 0x8000, 0x0fff, 0xffff, 0xf0ff, 0x8003, 0xff07, 0xffff, 0xfff0, 0x0000, 0x0000, 0x0000,
    0x0000, 0x0000, 0x0000, 0x03ff, 0xe00d, 0xff73, 0xffff, 0xffff, 0xcfff, 0x7000, 0x0fff, 0xffff,
    0xeeff, 0xf81d, 0xffe7, 0xffff, 0xfffe, 0x0000, 0x0000, 0x0000, 0x0000, 0x0000, 0x0000, 0x0400,
    0x0002, 0x0080, 0x0000, 0x0000, 0x0800, 0x8000, 0x0800, 0x0000, 0x1000, 0x0002, 0x0004, 0x0000,
    0x0000, 0x0000, 0x0000, 0x0000, 0x0000, 0x0000, 0x0000, 0x0000, 0x1010, 0x0008, 0x0000, 0x0000,
    0x0000, 0x0000, 0x0000, 0x0000, 0x0000, 0x0020, 0x0010, 0x0000, 0x0001, 0x0000, 0x0000, 0x0000,
    0x0000, 0x0000, 0x0000, 0x0000, 0x0000, 0x0008, 0x0000, 0x0000, 0x0800, 0x0000, 0x0800, 0x0000,
    0x0000, 0x0020, 0x0004, 0x0000, 0x0001, 0x0000, 0x0000, 0x0000, 0x0000, 0x0000, 0x0000, 0x07ff,
    0xffff, 0xfe03, 0xffff, 0xffff, 0x07ff, 0xfffe, 0x0fff, 0xffff, 0xf8ff, 0xffff, 0xff07, 0xffff,
    0xfff8, 0x0000, 0x0000, 0x0000, 0x0000, 0x0000, 0x0000, 0x03ff, 0x8fe3, 0xfdf3, 0xffff, 0xfffc,
    0xc7ff, 0xffff, 0x07ff, 0xffff, 0xe67f, 0x87c1, 0xffe3, 0xffff, 0xfff6, 0x0000, 0x0000, 0x0000,
    0x0000, 0x0000, 0x0000, 0x0400, 0x7ffc, 0x0200, 0x0000, 0x0003, 0x0000, 0x0000, 0x0800, 0x0000,
    0x1880, 0x7ffe, 0x0004, 0x0000, 0x0008, 0x0000, 0x0000, 0x0000, 0x0000, 0x0000, 0x0000, 0x0000,
    0x0000, 0x0008, 0x0000, 0x0000, 0x2800, 0x0000, 0x9000, 0x0000, 0x0000, 0x0000, 0x0010, 0x0000,
    0x0001, 0x8000, 0x0000, 0x0000, 0x0000, 0x0000, 0x0000, 0x0000, 0x0fe0, 0x0008, 0x0000, 0x0000,
    0x2800, 0x0000, 0x1000, 0x0000, 0x0000, 0x07c0, 0x0000, 0x0000, 0x0000, 0x8000, 0x0000, 0x0000,
    0x0000, 0x0000, 0x0000, 0x07ff, 0xffff, 0xfe03, 0xffff, 0xffff, 0x87ff, 0xfffe, 0x1fff, 0xffff,
    0xf8ff, 0xffff, 0xff07, 0xffff, 0xfffc, 0x0000, 0x0000, 0x0000, 0x0000, 0x0000, 0x0000, 0x03ff,
    0xffff, 0xfdf3, 0xffff, 0xffff, 0x67ff, 0xffff, 0x1fff, 0xffff, 0xfc7f, 0xffff, 0xffe3, 0xffff,
    0xfffb, 0x8000, 0x0000, 0x0000, 0x0000, 0x0000, 0x0000, 0x0400, 0x0000, 0x0200, 0x0000, 0x0000,
    0x8000, 0x0000, 0x1000, 0x0000, 0x0080, 0x0000, 0x0004, 0x0000, 0x0004, 0x0000, 0x0000, 0x0000,
    0x0000, 0x0000, 0x0000, 0x0000, 0x0000, 0x000c, 0x0000, 0x0000, 0x1000, 0x0000, 0x8000, 0x0000,
    0x0200, 0x0000, 0x0018, 0x0000, 0x0000, 0x4000, 0x0000, 0x0000, 0x0000, 0x0000, 0x0000, 0x0000,
    0x0000, 0x000c, 0x0000, 0x0000, 0x1000, 0x0000, 0x1000, 0x0000, 0x0000, 0x0000, 0x0008, 0x0000,
    0x0000, 0x4000, 0x0000, 0x0000, 0x0000, 0x0000, 0x0000, 0x07ff, 0xffff, 0xfe03, 0xff00, 0x0fff,
    0x87ff, 0xfffe, 0x1ffe, 0x003f, 0xf8ff, 0xffff, 0xff07, 0xff00, 0x3ffc, 0x0000, 0x0000, 0x0000,
    0x0000, 0x0000, 0x0000, 0x07ff, 0xffff, 0xfdf3, 0xffff, 0xf7ff, 0x67ff, 0xffff, 0x9ffd, 0xffff,
    0xfcff, 0xffff, 0xffe3, 0xfeff, 0xdffb, 0x8000, 0x0000, 0x0000, 0x0000, 0x0000, 0x0000, 0x0000,
    0x0000, 0x0200, 0x0000, 0x0800, 0x8000, 0x0000, 0x1002, 0x0000, 0x0000, 0x0000, 0x0004, 0x0100,
    0x2004, 0x0000, 0x0000, 0x0000, 0x0000, 0x0000, 0x0000, 0x0000, 0x0000, 0x000c, 0x0000, 0x0000,
    0x1000, 0x0000, 0x4000, 0x0000, 0x0200, 0x0000, 0x0018, 0x0000, 0x0000, 0x4000, 0x0000, 0x0000,
    0x0000, 0x0000, 0x0000, 0x0000, 0x0000, 0x000c, 0x0000, 0x0000, 0x1000, 0x0000, 0x5000, 0x0000,
    0x0000, 0x0000, 0x0008, 0x0000, 0x0000, 0x4000, 0x0000, 0x0000, 0x0000, 0x0000, 0x0000, 0x07ff,
    0xffff, 0xfe03, 0xff00, 0x0fff, 0x87ff, 0xfffe, 0x1ffc, 0x003f, 0xf8ff, 0xffff, 0xff07, 0xff00,
    0x3ffc, 0x0000, 0x0000, 0x0000, 0x0000, 0x0000, 0x0000, 0x007f, 0xffff, 0xfdf3, 0xfeff, 0xf7ff,
    0x67ff, 0xffff, 0x9fff, 0xffff, 0xfeff, 0xffff, 0xfee3, 0xfeff, 0xdffb, 0x8000, 0x0000, 0x0000,
    0x0000, 0x0000, 0x0000, 0x0780, 0x0000, 0x0200, 0x0100, 0x0800, 0x8000, 0x0000, 0x1000, 0x0000,
    0x0000, 0x0000, 0x0104, 0x0100, 0x2004, 0x0000, 0x0000, 0x0000, 0x0000, 0x0000, 0x0000, 0x0000,
    0x0000, 0x000c, 0x0000, 0x0000, 0x1000, 0x0000, 0x4000, 0x0000, 0x0000, 0x0000, 0x0018, 0x0000,
    0x0000, 0x4000, 0x0000, 0x0000, 0x0000, 0x0000, 0x0000, 0x0000, 0x0000, 0x000c, 0x0000, 0x0000,
    0x1000, 0x0000, 0x1000, 0x0000, 0x0000, 0x0000, 0x0008, 0x0000, 0x0000, 0x4000, 0x0000, 0x0000,
    0x0000, 0x4000, 0x0000, 0x007f, 0xffff, 0xf80f, 0xff00, 0x0fff, 0x87ff, 0xfffe, 0x1ffc, 0x003f,
    0xf80f, 0xffff, 0xfe07, 0xff00, 0x3ffc, 0x0000, 0x0000, 0x00c0, 0x0000, 0x4000, 0x0000, 0x01ff,
    0xffff, 0xf78b, 0xfeff, 0xf7ff, 0x67ff, 0xffff, 0x9fff, 0xffff, 0xfe3f, 0xffff, 0xfde3, 0xfeff,
    0xdffb, 0x8000, 0x0000, 0x0000, 0x0000, 0x4000, 0x0000, 0x0000, 0x0000, 0x080c, 0x0100, 0x0800,
    0x8000, 0x0000, 0x1000, 0x0000, 0x0000, 0x0000, 0x0204, 0x0100, 0x2004, 0x0000, 0x0000, 0x00c0,
    0x0000, 0x0000, 0x0000, 0x0600, 0x0000, 0x0040, 0x0000, 0x0000, 0x1000, 0x0000, 0x4000, 0x0000,
    0x0080, 0x0000, 0x0018, 0x0000, 0x0000, 0x4000, 0x0000, 0x00c0, 0x0000, 0x6000, 0x0000, 0x0600,
    0x0000, 0x0008, 0x0000, 0x0000, 0x1000, 0x0000, 0x1000, 0x0000, 0x0080, 0x0000, 0x0008, 0x0000,
    0x0000, 0x4000, 0x0000, 0x00c0, 0x0000, 0x0000, 0x0000, 0x007f, 0xffff, 0xf00f, 0xff00, 0x0fff,
    0x87ff, 0xfffe, 0x1ffc, 0x003f, 0xf80f, 0xffff, 0xfe07, 0xff00, 0x3ffc, 0x0003, 0x0000, 0x0080,
    0x0000, 0x0000, 0x0000, 0x01ff, 0xffff, 0xff8f, 0xfeff, 0xf7ff, 0x67ff, 0xffff, 0x9fff, 0xffff,
    0xff1f, 0xffff, 0xfde3, 0xfeff, 0xdffb, 0x8002, 0x0000, 0x00c0, 0x0000, 0x2000, 0x0000, 0x0000,
    0x0000, 0x0000, 0x0100, 0x0800, 0x8000, 0x0000, 0x1000, 0x0000, 0x0000, 0x0000, 0x0204, 0x0100,
    0x2004, 0x0000, 0x0000, 0x0000, 0x0000, 0x0000, 0x0000, 0x0000, 0x0000, 0x0050, 0x0000, 0x0000,
    0x1800, 0x0000, 0x4000, 0x0000, 0x00a0, 0x0000, 0x0018, 0x0000, 0x0000, 0x4003, 0x0000, 0x00c0,
    0x0000, 0x4000, 0x0000, 0x0000, 0x0000, 0x0050, 0x0000, 0x0000, 0x1800, 0x0000, 0x5000, 0x0000,
    0x0000, 0x0000, 0x0018, 0x0000, 0x0000, 0x4003, 0x0000, 0x0000, 0x0000, 0x0000, 0x0000, 0x007f,
    0xffff, 0xf03f, 0xff00, 0x0fff, 0x87ff, 0xfffe, 0x1ffc, 0x003f, 0xf80f, 0xffff, 0xfe07, 0xff00,
    0x3ffc, 0x0003, 0x0000, 0x0000, 0x0000, 0x0000, 0x0000, 0x01ff, 0xffff, 0xffbf, 0xfec0, 0x07ff,
    0x67ff, 0xffff, 0x9fff, 0xc03f, 0xffbf, 0xffff, 0xfde3, 0xfee0, 0x1ffb, 0x8000, 0x0000, 0x0000,
    0x0000, 0x0000, 0x0000, 0x0000, 0x0000, 0x0020, 0x0100, 0x0800, 0x8000, 0x0000, 0x1000, 0x0000,
    0x0000, 0x0000, 0x0204, 0x0100, 0x2004, 0x0000, 0x0000, 0x0000, 0x0000, 0x0000, 0x0000, 0x0000,
    0x0000, 0x0000, 0x0020, 0x0000, 0x1800, 0x0000, 0x4000, 0x0040, 0x0000, 0x0000, 0x0018, 0x0000,
    0x0000, 0x4000, 0x0000, 0x0000, 0x0000, 0x0000, 0x0000, 0x0000, 0x0000, 0x0020, 0x0000, 0x0000,
    0x1800, 0x0000, 0x5000, 0x0040, 0x0000, 0x0000, 0x0008, 0x0000, 0x0000, 0x4000, 0x0000, 0x0000,
    0x0000, 0x0000, 0x0000, 0x000f, 0xffff, 0x803f, 0xfe00, 0x0fff, 0x87ff, 0xfffe, 0x1ffc, 0x003f,
    0xf800, 0xffff, 0xf007, 0xff00, 0x3ffc, 0x0003, 0x0000, 0x0000, 0x0000, 0x0000, 0x0000, 0x0077,
    0xffff, 0x7e3f, 0xfdc0, 0x07ff, 0x67ff, 0xffff, 0x9fff, 0xc03f, 0xff8f, 0xffff, 0xefc3, 0xfee0,
    0x1ffb, 0x8000, 0x0000, 0x0000, 0x0000, 0x0000, 0x0000, 0x0008, 0x0000, 0x8020, 0x0200, 0x0800,
    0x8000, 0x0000, 0x1000, 0x0000, 0x0000, 0x0000, 0x1004, 0x0100, 0x2004, 0x0000, 0x0000, 0x0000,
    0x0000, 0x0000, 0x0000, 0x0080, 0x0000, 0x0180, 0x0020, 0x0000, 0x1800, 0x0000, 0x4000, 0x0040,
    0x0030, 0x0000, 0x0028, 0x0000, 0x0000, 0x4003, 0x0000, 0x0000, 0x0000, 0x0000, 0x0000, 0x0080,
    0x0000, 0x00a0, 0x0000, 0x0000, 0x1800, 0x0000, 0x5000, 0x0040, 0x0020, 0x0000, 0x0028, 0x0000,
    0x0000, 0x4003, 0x0000, 0x0000, 0x0000, 0x0000, 0x0000, 0x000f, 0xffff, 0x803f, 0xfc00, 0x0fff,
    0x87ff, 0xfffe, 0x1ffc, 0x003f, 0xf800, 0xffff, 0xf007, 0xff00, 0x3ffc, 0x0000, 0x0000, 0x0000,
    0x0000, 0x0000, 0x0000, 0x0077, 0xffff, 0x7c3f, 0xffc0, 0x07ff, 0x67ff, 0xffff, 0x9fff, 0xc03f,
    0xff8f, 0xffff, 0xef83, 0xfee0, 0x1ffb, 0x8000, 0x0000, 0x0000, 0x0000, 0x0000, 0x0000, 0x0008,
    0x0000, 0x8020, 0x0000, 0x0800, 0x8000, 0x0000, 0x1000, 0x0000, 0x0000, 0x0000, 0x1004, 0x0100,
    0x2004, 0x0000, 0x0000, 0x0000, 0x0000, 0x0000, 0x0000, 0x0080, 0x0000, 0x0300, 0x0020, 0x0000,
    0x1800, 0x0000, 0x4000, 0x0040, 0x0000, 0x0000, 0x0048, 0x0000, 0x0000, 0x4000, 0x0000, 0x0000,
    0x0000, 0x0000, 0x0000, 0x0080, 0x0000, 0x0120, 0x0000, 0x0000, 0x1800, 0x0000, 0x5000, 0x0040,
    0x0000, 0x0000, 0x0000, 0x0000, 0x0000, 0x4000, 0x0000, 0x0000, 0x0000, 0x0000, 0x0000, 0x0007,
    0xffff, 0x801f, 0xfc00, 0x0000, 0x0000, 0x0000, 0x0000, 0x003f, 0xf800, 0xffff, 0xe003, 0xff00,
    0x0000, 0x0000, 0x0000, 0x0000, 0x0000, 0x0000, 0x0000, 0x0038, 0x0000, 0x7c00, 0x03c0, 0x0fff,
    0xe7ff, 0xffff, 0x8fff, 0xc000, 0x0783, 0x0000, 0x1f84, 0x00e0, 0x1fff, 0x8000, 0x0000, 0x0000,
    0x0000, 0x0000, 0x0000, 0x0007, 0xffff, 0x801f, 0xfc00, 0x0000, 0x0000, 0x0000, 0x0000, 0x003f,
    0xf800, 0xffff, 0xe003, 0xff00, 0x0000, 0x0000, 0x0000, 0x0000, 0x0000, 0x0000, 0x0000, 0x0040,
    0x0000, 0x0220, 0x0020, 0x0000, 0x1800, 0x0000, 0x5000, 0x0000, 0x000c, 0x0000, 0x0048, 0x0000,
    0x2000, 0x4000, 0x0000, 0x0000, 0x0000, 0x0000, 0x0000, 0x0040, 0x0000, 0x0020, 0x0000, 0x0000,
    0x1800, 0x0000, 0x5000, 0x0000, 0x0008, 0x0000, 0x0000, 0x0000, 0x0000, 0x4000, 0x0000, 0x0000,
    0x0000, 0x0000, 0x0000, 0x0000, 0x0000, 0x0000, 0x0000, 0x0000, 0x0000, 0x0000, 0x0000, 0x0000,
    0x0000, 0x0000, 0x0000, 0x0000, 0x0000, 0x0000, 0x0000, 0x0000, 0x0000, 0x0000, 0x0000, 0x003f,
    0xffff, 0xfc1f, 0xffc0, 0x0fff, 0xe7ff, 0xffff, 0x8fff, 0xc03f, 0xff83, 0xffff, 0xffc7, 0xffe0,
    0x1fff, 0x8000, 0x0000, 0x0000, 0x0000, 0x0000, 0x0000, 0x0000, 0x0000, 0x0000, 0x0000, 0x0000,
    0x0000, 0x0000, 0x0000, 0x0000, 0x0000, 0x0000, 0x0000, 0x0000, 0x0000, 0x0000, 0x0000, 0x0000,
    0x0000, 0x0000, 0x0000, 0x0000, 0x0000, 0x0220, 0x0020, 0x0000, 0x1000, 0x0000, 0x5000, 0x0000,
    0x0004, 0x0000, 0x0008, 0x0000, 0x2000, 0x4000, 0x0000, 0x0000, 0x0000, 0x0000, 0x0000, 0x0000,
    0x0000, 0x0020, 0x0000, 0x0000, 0x1000, 0x0000, 0x4000, 0x0000, 0x0000, 0x0000, 0x0000, 0x0000,
    0x0000, 0x4000, 0x0000, 0x0000, 0x0000, 0x0000, 0x3000, 0x0000, 0x0000, 0x0000, 0x0000, 0x0000,
    0x0000, 0x0000, 0x0000, 0x0000, 0x0000, 0x0000, 0x0000, 0x0000, 0x0000, 0x0000, 0x0000, 0x0000,
    0x0000, 0x0000, 0x0000, 0x0007, 0xffff, 0xe00f, 0xff00, 0x03ff, 0xe1ff, 0xffff, 0x87ff, 0xc00f,
    0xff80, 0x7fff, 0xfc01, 0xffe0, 0x07ff, 0x8000, 0x0000, 0x0000, 0x0000, 0x0000, 0x3000, 0x0000,
    0x0000, 0x0000, 0x0000, 0x0000, 0x0000, 0x0000, 0x0000, 0x0000, 0x0000, 0x0000, 0x0000, 0x0000,
    0x0000, 0x0000, 0x0000, 0x0000, 0x0000, 0x0000, 0x3000, 0x0038, 0x0000, 0x1e10, 0x00e0, 0x0c00,
    0x1600, 0x0000, 0x1800, 0x0030, 0x0007, 0x8000, 0x03ce, 0x0000, 0x3800, 0x4000, 0x0000, 0x0000,
    0x0000, 0x0000, 0x0000, 0x0038, 0x0000, 0x0e10, 0x00e0, 0x0c00, 0x1400, 0x0000, 0x1000, 0x0020,
    0x0007, 0x0000, 0x01cc, 0x0000, 0x3000, 0x4000, 0x0000, 0x0000, 0x0000, 0x0000, 0x3000, 0x0000,
    0x0000, 0x0000, 0x0000, 0x0000, 0x0000, 0x0000, 0x0000, 0x0000, 0x0000, 0x0000, 0x0000, 0x0000,
    0x0000, 0x0000, 0x0000, 0x0000, 0x0000, 0x0000, 0x2000, 0x0003, 0xffff, 0xe007, 0xff00, 0x01ff,
    0xe1ff, 0xffff, 0x87ff, 0xc00f, 0xff80, 0x7fff, 0xfc01, 0xffe0, 0x07ff, 0x8000, 0x0000, 0x0000,
    0x0000, 0x0000, 0x0000, 0x0000, 0x0000, 0x0000, 0x0000, 0x0000, 0x0000, 0x0000, 0x0000, 0x0000,
    0x0000, 0x0000, 0x0000, 0x0000, 0x0000, 0x0000, 0x0000, 0x0000, 0x0000, 0x0000, 0x3000, 0x0004,
    0x0000, 0x1008, 0x0000, 0x0200, 0x1000, 0x0000, 0x0000, 0x0010, 0x0000, 0x0000, 0x0200, 0x0000,
    0x0000, 0x4000, 0x0000, 0x0000, 0x0000, 0x0000, 0x0000, 0x0000, 0x0000, 0x1000, 0x0000, 0x0000,
    0x1000, 0x0000, 0x0000, 0x0010, 0x0000, 0x0000, 0x0200, 0x0000, 0x0000, 0x4000, 0x0000, 0x0000,
    0x0000, 0x0000, 0x3000, 0x0000, 0x0000, 0x0000, 0x0000, 0x0000, 0x0000, 0x0000, 0x0000, 0x0000,
    0x0000, 0x0000, 0x0000, 0x0000, 0x0000, 0x0000, 0x0000, 0x0000, 0x0000, 0x0000, 0x0000, 0x0003,
    0xffff, 0xe007, 0xfe00, 0x01fe, 0x2000, 0x0000, 0x0000, 0x000f, 0xff00, 0x7fff, 0xfc00, 0xffe0,
    0x07fe, 0x8000, 0x0000, 0x0000, 0x0000, 0x0000, 0x3000, 0x0000, 0x0000, 0x0000, 0x0000, 0x0000,
    0x0000, 0x0000, 0x0000, 0x0000, 0x0000, 0x0000, 0x0000, 0x0000, 0x0000, 0x0000, 0x0000, 0x0000,
    0x0000, 0x0000, 0x3000, 0x0004, 0x0000, 0x1008, 0x0100, 0x0201, 0xd1ff, 0xffff, 0x87ff, 0xc010,
    0x0080, 0x0000, 0x0201, 0x0000, 0x0001, 0x4000, 0x0000, 0x0000, 0x0000, 0x0000, 0x0000, 0x0000,
    0x0000, 0x1000, 0x0000, 0x0000, 0x11ff, 0xffff, 0x8018, 0x4010, 0x0000, 0x0000, 0x0200, 0x0000,
    0x0000, 0x4000, 0x0000, 0x0000, 0x0000, 0x0000, 0x0000, 0x0000, 0x0000, 0x0000, 0x0000, 0x0000,
    0x0000, 0x0000, 0x0000, 0x0000, 0x0000, 0x0000, 0x0000, 0x0000, 0x0000, 0x0000, 0x0000, 0x0000,
    0x0000, 0x0000, 0x0000, 0x0000, 0x0000, 0x0000, 0x0000, 0x0000, 0x0000, 0x0000, 0x0000, 0x0000,
    0x0000, 0x0000, 0x0000, 0x0000, 0x0000, 0x0000, 0x0000, 0x0000, 0x0000, 0x0000, 0x0000, 0x0000,
    0x0000, 0x0000, 0x0000, 0x0000, 0x0000, 0x0000, 0x0000, 0x0000, 0x0000, 0x0000, 0x0000, 0x0000,
    0x0000, 0x0000, 0x0000, 0x0000, 0x0000, 0x0000, 0x0000, 0x0000, 0x0000, 0x0000, 0x0000, 0x0000,
    0x0000, 0x0000, 0x0000, 0x0000, 0x0000, 0x0000, 0x0000, 0x0000, 0x0000, 0x0000, 0x0000, 0x0000,
    0x0000, 0x0000, 0x0000, 0x0000, 0x0000, 0x0000, 0x0000, 0x0000, 0x0000, 0x0000, 0x0000, 0x0000,
    0x0000, 0x0000, 0x0000, 0x0000, 0x0000, 0x0000, 0x0000, 0x0000, 0x0000, 0x0000, 0x0000, 0x0000,
    0x0000, 0x0000, 0x0000, 0x0000, 0x0000, 0x0000, 0x0000, 0x0000, 0x0000, 0x0000, 0x0000, 0x0000,
    0x0000, 0x0000, 0x0001, 0x8000, 0x0000, 0x0000, 0x0000, 0x0000, 0x0000, 0x0000, 0x0000, 0x0000,
    0x0000, 0x0000, 0x0000, 0x0000, 0x0000, 0x0000, 0x0000, 0x0000, 0x0000, 0x0000, 0x0000, 0x0000,
    0x0000, 0x0000, 0x0000, 0x0000, 0x0000, 0x0000, 0x0000, 0x0000, 0x0000, 0x0000, 0x0000, 0x0000,
    0x0000, 0x0000, 0x0000, 0x0000, 0x0000, 0x0000, 0x0000, 0x0000, 0x0000, 0x0000, 0x0000, 0x0000,
    0x0000, 0x0000, 0x0000, 0x0000, 0x0000, 0x0000, 0x0000, 0x0000, 0x0000, 0x0000, 0x0000, 0x0000,
    0x0000, 0x0000, 0x0001, 0x8000, 0x0000, 0x0000, 0x0000, 0x0000, 0x0000, 0x0000, 0x0000, 0x0000,
    0x0000, 0x0000, 0x0000, 0x0000, 0x0000, 0x0000, 0x0000, 0x0000, 0x0000, 0x0000, 0x0001, 0x8000,
    0x0000, 0x0000, 0x0000, 0x0000, 0x0000, 0x0000, 0x0000, 0x0000, 0x0000, 0x0000, 0x0000, 0x0000,
    0x0000, 0x0000, 0x0000, 0x0000, 0x0000, 0x0000, 0x0001, 0x8000, 0x0000, 0x0000, 0x0000, 0x0000,
    0x0000, 0x0000, 0x0000, 0x0000, 0x0000, 0x0000, 0x0000, 0x0000, 0x0000, 0x0000, 0x0000, 0x0000,
    0x0000, 0x0000, 0x0000, 0x0000, 0x0000, 0x0000, 0x0000, 0x0000, 0x0000, 0x0000, 0x0000, 0x0000,
    0x0000, 0x0000, 0x0000, 0x0000, 0x0000, 0x0000, 0x0000, 0x0000, 0x0000, 0x0000, 0x0000, 0x0000,
    0x0000, 0x0000, 0x0000, 0x0000, 0x0000, 0x0000, 0x0000, 0x0000, 0x0000, 0x0000, 0x0000, 0x0000,
    0x0000, 0x0000, 0x0000, 0x0000, 0x0000, 0x0000, 0x0000, 0x0000, 0x0000, 0x0000, 0x0000, 0x0000,
    0x0000, 0x0000, 0x0000, 0x0000, 0x0000, 0x0000, 0x0000, 0x0000, 0x0000, 0x0000, 0x0000, 0x0000,
    0x0000, 0x0000, 0x0000, 0x0000, 0x0000, 0x0000, 0x0000, 0x0000, 0x0000, 0x0000, 0x0000, 0x0000,
    0x0000, 0x0000, 0x0000, 0x0000, 0x0000, 0x0000, 0x0000, 0x0000, 0x0000, 0x0000, 0x0001, 0x8000,
    0x0000, 0x0000, 0x0000, 0x0000, 0x0000, 0x0000, 0x0000, 0x0000, 0x0000, 0x0000, 0x0000, 0x0000,
    0x0000, 0x0000, 0x0000, 0x0000, 0x0000, 0x0000, 0x0001, 0x8000, 0x0000, 0x0000, 0x0000, 0x0000,
    0x0000, 0x0000, 0x0000, 0x0000, 0x0000, 0x0000, 0x0000, 0x0000, 0x0000, 0x0000, 0x0000, 0x0000,
    0x0000, 0x0000, 0x0000, 0x0000, 0x0000, 0x0000, 0x0000, 0x0000, 0x0000, 0x0000, 0x0000, 0x0000,
    0x0000, 0x0000, 0x0000, 0x0000, 0x0000, 0x0000, 0x0000, 0x0000, 0x0000, 0x0000, 0x0001, 0x8000,
    0x0000, 0x0000, 0x0000, 0x0000, 0x0000, 0x0000, 0x0000, 0x0000, 0x0000, 0x0000, 0x0000, 0x0000,
    0x0000, 0x0000, 0x0000, 0x0000, 0x0000, 0x0000, 0x0001, 0x8000, 0x0300, 0x0000, 0x0000, 0x0000,
    0x0000, 0x0000, 0x0000, 0x0000, 0x0000, 0x0000, 0x0000, 0x0000, 0x0000, 0x0000, 0x0000, 0x0000,
    0x0000, 0x0000, 0x0000, 0x0000, 0x0200, 0x0000, 0x0000, 0x0000, 0x0000, 0x0000, 0x0000, 0x0000,
    0x0000, 0x0000, 0x0000, 0x0000, 0x0000, 0x0000, 0x0000, 0x0000, 0x0000, 0x0000, 0x0000, 0x0000,
    0x0000, 0x0000, 0x0000, 0x0000, 0x0000, 0x0000, 0x0000, 0x0000, 0x0000, 0x0000, 0x0000, 0x0000,
    0x0000, 0x0000, 0x0000, 0x0000, 0x0000, 0x0000, 0x0000, 0x0000, 0x0300, 0x0000, 0x0000, 0x0000,
    0x0000, 0x0000, 0x0000, 0x0000, 0x0000, 0x0000, 0x0000, 0x0000, 0x0000, 0x0000, 0x0000, 0x0000,
    0x0000, 0x0000, 0x0000, 0x0000, 0x0300, 0x0000, 0x0000, 0x0000, 0x0000, 0x0000, 0x0000, 0x0000,
    0x0000, 0x0000, 0x0000, 0x0000, 0x0000, 0x0000, 0x0000, 0x0000, 0x0000, 0x0000, 0x0000, 0x0000,
    0x0380, 0x0000, 0x0000, 0x0000, 0x0000, 0x0000, 0xc003, 0x0000, 0x0000, 0x00c0, 0x0100, 0x0000,
    0x0000, 0xc001, 0x0000, 0x0000, 0x0000, 0x0000, 0x0000, 0x0000, 0x0280, 0x0000, 0x0000, 0x0000,
    0x0000, 0x0000, 0xc003, 0x0000, 0x0000, 0x00c0, 0x0100, 0x0000, 0x0000, 0xc001, 0x0000, 0x0000,
    0x0000, 0x0000, 0x0000, 0x0000, 0x0200, 0x0000, 0x0000, 0x0000, 0x0000, 0x0000, 0x0000, 0x0000,
    0x0000, 0x0000, 0x0000, 0x0000, 0x0000, 0x0000, 0x0000, 0x0000, 0x0000, 0x0000, 0x0000, 0x0000,
    0x0280, 0x0000, 0x0000, 0x0000, 0x0000, 0x0000, 0xc003, 0x0000, 0x0000, 0x00c0, 0x0100, 0x0000,
    0x0000, 0xc001, 0x0000, 0x0000, 0x0000, 0x0000, 0x0000, 0x0000, 0x0080, 0x0000, 0x0000, 0x0000,
    0x0000, 0x0000, 0xc003, 0x0000, 0x0000, 0x00c0, 0x0100, 0x0000, 0x0000, 0xc001, 0x0000, 0x0000,
    0x0000, 0x0000, 0x0000, 0x0000, 0x0300, 0x0000, 0x0000, 0x0000, 0x0000, 0x0000, 0x0000, 0x0000,
    0x0000, 0x0000, 0x0000, 0x0000, 0x0000, 0x0000, 0x0000, 0x0000, 0x0000, 0x0000, 0x0000, 0x0000,
    0x0200, 0x0000, 0x0000, 0x0000, 0x0000, 0x0000, 0xc003, 0x0000, 0x0000, 0x00c0, 0x0100, 0x0000,
    0x0000, 0xc001, 0x0000, 0x0000, 0x0000, 0x0000, 0x0000, 0x0000, 0x0000, 0x0000, 0x0000, 0x0000,
    0x0000, 0x0000, 0xc003, 0x0000, 0x0000, 0x00c0, 0x0300, 0x0000, 0x0000, 0xc003, 0x0000, 0x0000,
    0x0000, 0x0000, 0x0000, 0x0000, 0x0300, 0x0000, 0x0000, 0x0000, 0x0000, 0x0000, 0x0000, 0x0000,
    0x0000, 0x0000, 0x0200, 0x0000, 0x0000, 0x0002, 0x0000, 0x0000, 0x0000, 0x0000, 0x0000, 0x0000,
    0x0300, 0x0000, 0x0000, 0x0000, 0x0000, 0x0000, 0x0000, 0x0000, 0x0000, 0x0000, 0x0200, 0x0000,
    0x0000, 0x0002, 0x0000, 0x0000, 0x0000, 0x0000, 0x0000, 0x0000, 0x0000, 0x0000, 0x0000, 0x0000,
    0x0000, 0x0000, 0x0000, 0x0000, 0x0000, 0x0000, 0x0000, 0x0018, 0x0000, 0x0000, 0x0000, 0x0000,
    0x0000, 0x0000, 0x0000, 0x0000, 0x0000, 0x0000, 0x0000, 0x0000, 0x0000, 0x0000, 0xc003, 0x0000,
    0x0000, 0x0080, 0x0100, 0x0000, 0x0000, 0xc003, 0x0000, 0x0000, 0x0000, 0x0000, 0x0000, 0x0000,
    0x0000, 0x0000, 0x0000, 0x0000, 0x0000, 0x0000, 0xc003, 0x0000, 0x0000, 0x00c0, 0x0300, 0x0018,
    0x0000, 0xc003, 0x0000, 0x0000, 0x0000, 0x0000, 0x0000, 0x0000, 0x0000, 0x0000, 0x0000, 0x0000,
    0x0000, 0x0000, 0x0000, 0x0000, 0x0000, 0x0040, 0x0300, 0x0010, 0x0000, 0x0000, 0x0000, 0x0000,
    0x0000, 0x0000, 0x0000, 0x0000, 0x0000, 0x0000, 0x0000, 0x0000, 0x0000, 0x0000, 0x0000, 0x0000,
    0x0000, 0x0040, 0x0200, 0x0008, 0x0000, 0x0000, 0x0000, 0x0000, 0x0000, 0x0000, 0x0000, 0x0000,
    0x0000, 0x0000, 0x0001, 0x8000, 0x0000, 0x0000, 0x1008, 0x0000, 0x0000, 0x0010, 0x0800, 0x0018,
    0x0000, 0x1008, 0x0000, 0x0000, 0x0000, 0x0000, 0x0000, 0x0000, 0x0000, 0x0000, 0x0001, 0x0000,
    0x0000, 0x0000, 0x100c, 0x0000, 0x0000, 0x0010, 0x0d00, 0x0000, 0x0000, 0x300f, 0x0000, 0x0000,
    0x0000, 0x0000, 0x0000, 0x0000, 0x0000, 0x0000, 0x0001, 0x0000, 0x0000, 0x0000, 0xe007, 0x0000,
    0x0000, 0x00e0, 0x0700, 0x0010, 0x0000, 0xe007, 0x0000, 0x0000, 0x0000, 0x0000, 0x0000, 0x0000,
    0x0000, 0x0000, 0x0001, 0x0000, 0x0000, 0x0000, 0xf00b, 0x0000, 0x0000, 0x00f0, 0x0a00, 0x0018,
    0x0000, 0xd008, 0x0000, 0x0000, 0x0000, 0x0000, 0x0000, 0x0000, 0x0000, 0x0000, 0x0000, 0x0000,
    0x0000, 0x0000, 0xd00f, 0x0000, 0x0000, 0x00d0, 0x0f00, 0x0010, 0x0000, 0xf00f, 0x0000, 0x0000,
    0x0000, 0x0000, 0x0000, 0x0000, 0x0000, 0x0000, 0x0001, 0x8000, 0x0000, 0x0000, 0x0002, 0x0000,
    0x1400, 0x0040, 0x0200, 0x0000, 0x0000, 0x4002, 0x0000, 0x0000, 0x00e0, 0x0000, 0x0000, 0x0000,
    0x0000, 0x0000, 0x0001, 0x0000, 0x0000, 0x0000, 0x200e, 0x0000, 0x1400, 0x0060, 0x0600, 0x0000,
    0x0000, 0x7006, 0x0000, 0x0000, 0x0080, 0x0000, 0x0000, 0x0000, 0x0000, 0x0000, 0x0001, 0x0000,
    0x0000, 0x0000, 0x1008, 0x0000, 0x1c00, 0x0030, 0x0c00, 0x0000, 0x0000, 0x1008, 0x0000, 0x0000,
    0x0000, 0x0000, 0x0000, 0x0000, 0x0000, 0x0000, 0x0001, 0x0000, 0x0000, 0x0000, 0x3006, 0x0000,
    0x0000, 0x0070, 0x0e00, 0x0000, 0x0000, 0x600e, 0x0000, 0x0000, 0x00a0, 0x0000, 0x0000, 0x0000,
    0x0000, 0x0000, 0x0000, 0x0000, 0x0000, 0x0000, 0x200e, 0x0000, 0x1400, 0x0040, 0x0200, 0x0000,
    0x0000, 0x7006, 0x0000, 0x0000, 0x00a0, 0x0000, 0x0000, 0x0000, 0x0000, 0x0000, 0x0000, 0x0000,
    0x0000, 0x0000, 0x0818, 0x0000, 0x1000, 0x0008, 0x1800, 0x0000, 0x0000, 0x1810, 0x0000, 0x0000,
    0x0060, 0x0000, 0x0000, 0x0000, 0x0000, 0x0000, 0x0000, 0x0000, 0x0000, 0x0000, 0x281c, 0x0000,
    0x1000, 0x0028, 0x1c00, 0x0000, 0x0000, 0x3814, 0x0000, 0x0000, 0x0000, 0x0000, 0x0000, 0x0000,
    0x0000, 0x0000, 0x0000, 0x0000, 0x0000, 0x0000, 0x3004, 0x0000, 0x1800, 0x0030, 0x0400, 0x0000,
    0x0000, 0x200c, 0x0000, 0x0000, 0x0000, 0x0000, 0x0000, 0x0000, 0x0000, 0x0000, 0x0000, 0x0000,
    0x0000, 0x0000, 0x1818, 0x0000, 0x0400, 0x0018, 0x1800, 0x0000, 0x0000, 0x1818, 0x0000, 0x0000,
    0x0020, 0x0000, 0x0000, 0x0000, 0x0000, 0x0000, 0x0000, 0x0000, 0x0000, 0x0000, 0x281c, 0x0000,
    0x1400, 0x0028, 0x1c00, 0x0000, 0x0000, 0x3814, 0x0000, 0x0000, 0x0020, 0x0000, 0x0000, 0x0000,
    0x0000, 0x0000, 0x0000, 0x0000, 0x000c, 0x0000, 0x1428, 0x0000, 0x0000, 0x0014, 0x2800, 0x0000,
    0x0000, 0x1428, 0x0000, 0x0000, 0x0000, 0x0000, 0x0000, 0x0000, 0x0000, 0x0000, 0x0000, 0x0000,
    0x0000, 0x0000, 0x1c38, 0x0000, 0x0000, 0x001c, 0x3800, 0x0000, 0x0000, 0x1c38, 0x0000, 0x0000,
    0x0000, 0x0000, 0x0000, 0x0000, 0x0000, 0x0000, 0x0000, 0x0000, 0x0000, 0x0000, 0x0810, 0x0000,
    0x0000, 0x0008, 0x1000, 0x0000, 0x0000, 0x0810, 0x0000, 0x0000, 0x0000, 0x0000, 0x0000, 0x0000,
    0x0000, 0x0000, 0x0000, 0x0000, 0x000c, 0x0000, 0x1c38, 0x0000, 0x0000, 0x001c, 0x3800, 0x0000,
    0x0000, 0x1c38, 0x0000, 0x0000, 0x0000, 0x0000, 0x0000, 0x0000, 0x0000, 0x0000, 0x0000, 0x0000,
    0x000c, 0x0000, 0x1428, 0x0000, 0x0000, 0x0014, 0x2800, 0x0000, 0x0000, 0x1428, 0x0000, 0x0000,
    0x0000, 0x0000, 0x0000, 0x0000, 0x0000, 0x0000, 0x0000, 0x0000, 0x000c, 0x0000, 0x1008, 0x0000,
    0x0000, 0x0010, 0x0800, 0x0000, 0x0000, 0x1008, 0x0000, 0x0000, 0x0000, 0x0000, 0x0000, 0x0000,
    0x0000, 0x0000, 0x0000, 0x0000, 0x0000, 0x0000, 0x1818, 0x0000, 0x0000, 0x0018, 0x1800, 0x0000,
    0x0000, 0x1818, 0x0000, 0x0000, 0x0000, 0x0000, 0x0000, 0x0000, 0x0000, 0x0000, 0x0000, 0x0000,
    0x0000, 0x0000, 0x0ff0, 0x0000, 0x0000, 0x000f, 0xf000, 0x0000, 0x0000, 0x0ff0, 0x0000, 0x0000,
    0x0000, 0x0000, 0x0000, 0x0000, 0x0000, 0x0000, 0x0000, 0x0000, 0x0000, 0x0000, 0x1ff8, 0x0000,
    0x0000, 0x001f, 0xf800, 0x0000, 0x0000, 0x1ff8, 0x0000, 0x0000, 0x0000, 0x0000, 0x0000, 0x0000,
    0x0000, 0x0000, 0x0000, 0x0000, 0x0000, 0x0000, 0x1428, 0x0000, 0x0000, 0x0014, 0x2800, 0x0000,
    0x0000, 0x1428, 0x0000, 0x0000, 0x0000, 0x0000, 0x0000, 0x0000, 0x0000, 0x0000, 0x0000, 0x0000,
    0x000c, 0x0000, 0x1008, 0x0000, 0x0000, 0x0010, 0x0800, 0x0000, 0x0000, 0x1008, 0x0000, 0x0000,
    0x0000, 0x0000, 0x0000, 0x0000, 0x0000, 0x0000, 0x0000, 0x0000, 0x000c, 0x0000, 0x1ff8, 0x0000,
    0x0000, 0x001f, 0xf800, 0x0000, 0x0000, 0x1ff8, 0x0000, 0x0000, 0x0000, 0x0000, 0x0000, 0x0000,
    0x0000, 0x0000, 0x0000, 0x0000, 0x0000, 0x0000, 0x0ff0, 0x0000, 0x0000, 0x000f, 0xf000, 0x0000,
    0x0000, 0x0ff0, 0x0000, 0x0000, 0x0000, 0x0000, 0x0000, 0x0000, 0x0000, 0x0000, 0x0000, 0x0000,
    0x000c, 0x0000, 0x1818, 0x0000, 0x0000, 0x001c, 0xd800, 0x0000, 0x0000, 0x1c78, 0x0000, 0x0000,
    0x0000, 0x0000, 0x0000, 0x0000, 0x0000, 0x0000, 0x0000, 0x0000, 0x000c, 0x0000, 0x1008, 0x0000,
    0x0000, 0x0010, 0x0800, 0x0000, 0x0000, 0x1008, 0x0000, 0x0000, 0x0000, 0x0000, 0x0000, 0x0000,
    0x0000, 0x0000, 0x0000, 0x0000, 0x0000, 0x0000, 0x380c, 0x0000, 0x0000, 0x0020, 0x0400, 0x0000,
    0x0000, 0x300c, 0x0000, 0x0400, 0x0000, 0x0000, 0x0000, 0x0000, 0x0000, 0x0000, 0x0000, 0x0000,
    0x0000, 0x0000, 0x37fc, 0x0000, 0x0000, 0x002f, 0xfc00, 0x0000, 0x0000, 0x3bfc, 0x0000, 0x0400,
    0x0000, 0x0000, 0x0000, 0x0000, 0x0000, 0x0000, 0x0000, 0x0000, 0x0000, 0x0000, 0xc7f3, 0x0000,
    0x0000, 0x00df, 0xfb00, 0x0000, 0x0000, 0xcff3, 0x0000, 0x0400, 0x0000, 0x0000, 0x0000, 0x0000,
    0x0000, 0x0000, 0x0000, 0x0000, 0x0000, 0x0000, 0xf80f, 0x0000, 0x0000, 0x00f0, 0x0700, 0x0000,
    0x0000, 0xf40f, 0x0000, 0x0000, 0x0000, 0x0000, 0x0000, 0x0000, 0x0000, 0x0000, 0x0000, 0x0000,
    0x0000, 0x0000, 0xf81e, 0x0000, 0x0000, 0x0068, 0x1c00, 0x0000, 0x0000, 0xfc1f, 0x0000, 0x0400,
    0x0000, 0x0000, 0x0000, 0x0000, 0x0000, 0x0000, 0x0000, 0x0000, 0x0000, 0x0000, 0x0000, 0x0000,
    0x0000, 0x0000, 0x0800, 0x0000, 0x0000, 0x0000, 0x0000, 0x0a00, 0x0000, 0x0000, 0x0000, 0x0000,
    0x0000, 0x0000, 0x0000, 0x0000, 0x0000, 0x0000, 0xf7ef, 0x0000, 0x0000, 0x007f, 0xe700, 0x0000,
    0x0000, 0xf7ff, 0x0000, 0x0a00, 0x0000, 0x0000, 0x0000, 0x0000, 0x0000, 0x0000, 0x0000, 0x0000,
    0x0000, 0x0000, 0xf7ef, 0x0000, 0x0000, 0x00ff, 0xe700, 0x0000, 0x0000, 0xf7ef, 0x0000, 0x0e00,
    0x0000, 0x0000, 0x0000, 0x0000, 0x0000, 0x0000, 0x0000, 0x0000, 0x0000, 0x0000, 0x0812, 0x0000,
    0x0000, 0x0088, 0x1e00, 0x0000, 0x0000, 0x0800, 0x0000, 0x0000, 0x0000, 0x0000, 0x0000, 0x0000,
    0x0000, 0x0000, 0x0000, 0x0000, 0x0000, 0x0000, 0x1c38, 0x0000, 0x0000, 0x009c, 0x3800, 0x0000,
    0x0000, 0x1c38, 0x0000, 0x0a00, 0x0000, 0x0000, 0x0000, 0x0000, 0x0000, 0x0000, 0x0000, 0x0000,
    0x0000, 0x0002, 0x0000, 0x4000, 0x0000, 0x0200, 0x0040, 0x0000, 0x0002, 0x0000, 0x4000, 0x0400,
    0x0000, 0x0000, 0x0000, 0x0000, 0x0000, 0x0000, 0x0000, 0x0000, 0x0000, 0x0002, 0xffff, 0x4000,
    0x0000, 0x02ff, 0xff40, 0x0000, 0x0002, 0xffff, 0x4000, 0x0400, 0x0000, 0x0000, 0x0000, 0x0000,
    0x0000, 0x0000, 0x0000, 0x0000, 0x0000, 0x0001, 0xffff, 0x8000, 0x0000, 0x01ff, 0xff80, 0x0000,
    0x0001, 0xffff, 0x8000, 0x0400, 0x0000, 0x0000, 0x0000, 0x0000, 0x0000, 0x0000, 0x0000, 0x0000,
    0x0000, 0x0003, 0x0700, 0xc000, 0x0000, 0x0303, 0xc0c0, 0x0000, 0x0003, 0x01e0, 0xc000, 0x0000,
    0x0000, 0x0000, 0x0000, 0x0000, 0x0000, 0x0000, 0x0000, 0x0000, 0x0000, 0x0003, 0x0810, 0x4000,
    0x0000, 0x0208, 0x1040, 0x0000, 0x0003, 0x0810, 0xc000, 0x0400, 0x0000, 0x0000, 0x0000, 0x0000,
    0x0000, 0x0000, 0x0000, 0x0000, 0x0000, 0x0030, 0x0000, 0x0c00, 0x0000, 0x3000, 0x000c, 0x0000,
    0x0030, 0x0000, 0x0c00, 0x0000, 0x0000, 0x0000, 0x0000, 0x0000, 0x0000, 0x0000, 0x0000, 0x0000,
    0x0000, 0x0031, 0xfa1f, 0x8c00, 0x0000, 0x31f9, 0xdf8c, 0x0000, 0x0031, 0xfc5f, 0x8c00, 0x0000,
    0x0000, 0x0000, 0x0000, 0x0000, 0x0000, 0x0000, 0x0000, 0x0000, 0x0000, 0x0003, 0xffff, 0xc000,
    0x0000, 0x03ff, 0xffc0, 0x0000, 0x0003, 0xffff, 0xc000, 0x0000, 0x0000, 0x0000, 0x0000, 0x0000,
    0x0000, 0x0000, 0x0000, 0x0000, 0x0000, 0x0032, 0x05e0, 0x4c00, 0x0000, 0x3206, 0x274c, 0x0000,
    0x0032, 0x03a0, 0x4c00, 0x0000, 0x0000, 0x0000, 0x0000, 0x0000, 0x0000, 0x0000, 0x0000, 0x0000,
    0x0000, 0x0032, 0x0620, 0x4c00, 0x0000, 0x3205, 0xe04c, 0x0000, 0x0032, 0x0060, 0x4c00, 0x0000,
    0x0000, 0x0000, 0x0000, 0x0000, 0x0000, 0x0008, 0x0000, 0x0000, 0x0000, 0x0000, 0x0420, 0x0000,
    0x0000, 0x4004, 0x2000, 0x0000, 0x0040, 0x0420, 0x0000, 0x0000, 0x0000, 0x0180, 0x0000, 0x0000,
    0x0000, 0x0008, 0x0000, 0x0000, 0x0000, 0x0031, 0xfc3f, 0x8c00, 0x0000, 0x71fc, 0x3f8c, 0x0000,
    0x0071, 0xfc3f, 0x8c00, 0x0000, 0x0000, 0x0000, 0x0000, 0x0000, 0x0000, 0x0008, 0x0000, 0x0000,
    0x0000, 0x0073, 0xf81f, 0xce00, 0x0000, 0x33f8, 0x1fce, 0x0000, 0x0033, 0xf81f, 0xce00, 0x0000,
    0x0000, 0x0180, 0x0000, 0x0000, 0x0000, 0x0000, 0x0000, 0x0000, 0x0000, 0x0042, 0x0438, 0x4600,
    0x0000, 0x4204, 0x2046, 0x0000, 0x0062, 0x0c20, 0x4600, 0x0000, 0x0000, 0x0180, 0x0000, 0x0000,
    0x0000, 0x000c, 0x0000, 0x0000, 0x0000, 0x0042, 0x0420, 0x4200, 0x0000, 0x4204, 0x2042, 0x0000,
    0x0042, 0x0420, 0x4200, 0x0000, 0x0000, 0x0000, 0x0000, 0x0000, 0x0000, 0x0000, 0x0000, 0x0000,
    0x0000, 0x0104, 0x0810, 0x2080, 0x0000, 0x0c08, 0x1021, 0x8000, 0x0004, 0x0c10, 0x2080, 0x0000,
    0x0000, 0x0000, 0x0000, 0x0000, 0x0000, 0x0000, 0x0000, 0x0000, 0x0000, 0x0137, 0xf81f, 0xec80,
    0x0000, 0x3ff8, 0x17af, 0x8000, 0x0037, 0xfc17, 0xee80, 0x0000, 0x0000, 0x0180, 0x0000, 0x0000,
    0x0000, 0x0004, 0x0000, 0x0000, 0x0000, 0x00fb, 0x100c, 0xdf00, 0x0000, 0xf310, 0x0cde, 0x0000,
    0x00fb, 0x140c, 0xdf00, 0x0000, 0x0000, 0x0000, 0x0000, 0x0000, 0x0000, 0x0000, 0x0000, 0x0000,
    0x0000, 0x01cd, 0xeff7, 0x3780, 0x0000, 0xedef, 0xff7d, 0x8000, 0x00ec, 0xebff, 0x3580, 0x0000,
    0x0000, 0x0180, 0x0000, 0x0000, 0x0000, 0x0008, 0x0000, 0x0000, 0x0000, 0x0144, 0xfc3b, 0x2280,
    0x0000, 0x4cfe, 0x3b61, 0x8000, 0x0044, 0xfcbb, 0x2080, 0x0000, 0x0000, 0x0000, 0x0000, 0x0000,
    0x0000, 0x0000, 0x0000, 0x0000, 0x0000, 0x0100, 0xc003, 0x0080, 0x0001, 0x00f0, 0x0b00, 0x0000,
    0x0100, 0xf00b, 0x0080, 0x0000, 0x0000, 0x0180, 0x0000, 0x0000, 0x0000, 0x0000, 0x0000, 0x0000,
    0x0000, 0x01ff, 0x33c4, 0xff80, 0x0001, 0xff03, 0xccff, 0x0000, 0x01ff, 0x03cc, 0xff80, 0x0000,
    0x0000, 0x0180, 0x0000, 0x0000, 0x0000, 0x0000, 0x0000, 0x0004, 0x0000, 0x00ff, 0x100c, 0xff00,
    0x0000, 0xff10, 0x04ff, 0x8000, 0x00ff, 0x1004, 0xff00, 0x0000, 0x0000, 0x0000, 0x0000, 0x0000,
    0x0000, 0x0000, 0x0000, 0x0000, 0x0000, 0x0181, 0xe42f, 0x7d80, 0x0001, 0xf1f4, 0x2f3f, 0x8000,
    0x0101, 0xf42f, 0x8f80, 0x0000, 0x0000, 0x0180, 0x0000, 0x0000, 0x0000, 0x0000, 0x0000, 0x0008,
    0x0000, 0x0100, 0x3000, 0x0080, 0x0001, 0x0010, 0x0800, 0x0000, 0x0100, 0x1008, 0x0080, 0x0000,
    0x0000, 0x0180, 0x0000, 0x0000, 0x0000, 0x0000, 0x0000, 0x0008, 0x0000, 0x010c, 0x5002, 0x3080,
    0x0001, 0x0c70, 0x0230, 0x0000, 0x010c, 0x7000, 0x3080, 0x0000, 0x0000, 0x0000, 0x0000, 0x0000,
    0x0000, 0x0000, 0x0000, 0x0008, 0x0000, 0x01fd, 0xa3cd, 0xbf80, 0x0001, 0xfd83, 0xcdbf, 0x0000,
    0x01fd, 0x83cf, 0xbf80, 0x0000, 0x0000, 0x0000, 0x0000, 0x0000, 0x0000, 0x0000, 0x0000, 0x0008,
    0x0000, 0x00f3, 0x1008, 0xcf00, 0x0000, 0xf310, 0x08cf, 0x8000, 0x00f3, 0x1008, 0xcf00, 0x0000,
    0x0000, 0x0000, 0x0000, 0x0000, 0x0000, 0x0000, 0x0000, 0x0000, 0x0000, 0x010e, 0xf427, 0x7c80,
    0x0001, 0x3ef4, 0x27f5, 0x8000, 0x010f, 0xf427, 0x7d80, 0x0000, 0x0000, 0x0000, 0x0000, 0x0000,
    0x0000, 0x0000, 0x0000, 0x000c, 0x0000, 0x010e, 0xb00d, 0x7080, 0x0001, 0x0e90, 0x0d70, 0x0000,
    0x010e, 0x900f, 0x7080, 0x0000, 0x0000, 0x0000, 0x0000, 0x0000, 0x0000, 0x0000, 0x0000, 0x0000,
    0x0000, 0x0100, 0x318c, 0x0080, 0x0001, 0x0031, 0x8c00, 0x0000, 0x0100, 0x318c, 0x0080, 0x0000,
    0x0000, 0x0000, 0x0000, 0x1800, 0x0000, 0x0000, 0x0000, 0x0000, 0x0000, 0x01f1, 0xc643, 0x8f80,
    0x0001, 0xf1c7, 0xe38f, 0x0000, 0x01f1, 0xc263, 0x8f80, 0x0000, 0x0000, 0x0000, 0x0000, 0x1800,
    0x0000, 0x0000, 0x0000, 0x0000, 0x0000, 0x00f3, 0xd189, 0xcf00, 0x0000, 0xf3d0, 0x09cf, 0x8000,
    0x00f3, 0x9189, 0xcf00, 0x0000, 0x0000, 0x0000, 0x0000, 0x1800, 0x0000, 0x0000, 0x0000, 0x0000,
    0x0000, 0x0182, 0x702e, 0x4780, 0x0001, 0x8270, 0x0ec1, 0x8000, 0x0182, 0x740e, 0x4f80, 0x0000,
    0x0000, 0x0000, 0x0000, 0x0000, 0x0000, 0x0000, 0x0000, 0x0000, 0x0000, 0x0102, 0x100a, 0x4080,
    0x0001, 0x0210, 0x0a40, 0x0000, 0x0102, 0x500a, 0x4080, 0x0000, 0x0000, 0x0000, 0x0000, 0x1800,
    0x0000, 0x0000, 0x0000, 0x0000, 0x0000, 0x0100, 0x338c, 0x0080, 0x0001, 0x0033, 0xcc00, 0x0000,
    0x0100, 0x31cc, 0x0080, 0x0000, 0x0000, 0x0000, 0x0000, 0x0000, 0x0000, 0x0000, 0x0000, 0x0000,
    0x0000, 0x01f1, 0xc1c3, 0x8f80, 0x0001, 0xf1c1, 0x838f, 0x0000, 0x01f1, 0xc283, 0x8f80, 0x0000,
    0x0000, 0x0000, 0x0000, 0x0000, 0x0000, 0x0000, 0x0000, 0x0000, 0x0000, 0x00f3, 0xd20b, 0xcf00,
    0x0000, 0xf3d2, 0x4bcf, 0x8000, 0x00f3, 0xd14b, 0xcf00, 0x0000, 0x0000, 0x0000, 0x0000, 0x1800,
    0x0000, 0x0000, 0x0000, 0x0000, 0x0000, 0x0182, 0x342e, 0x4380, 0x0001, 0xc274, 0x2e41, 0x8000,
    0x0182, 0x742e, 0x4780, 0x0000, 0x0000, 0x0000, 0x0000, 0x0000, 0x0000, 0x0000, 0x0000, 0x0000,
    0x0000, 0x0102, 0x0008, 0x4080, 0x0001, 0x0200, 0x0040, 0x0000, 0x0102, 0x1000, 0x4080, 0x0000,
    0x0000, 0x0000, 0x0000, 0x0000, 0x0000, 0x0000, 0x0000, 0x0000, 0x0000, 0x0100, 0x0000, 0x0080,
    0x0001, 0x0010, 0x0800, 0x0000, 0x0100, 0x0000, 0x0080, 0x0000, 0x0000, 0x0000, 0x0000, 0x1800,
    0x0000, 0x0000, 0x0000, 0x0000, 0x0000, 0x0181, 0xe3c7, 0x8180, 0x0001, 0xc1f3, 0xcf81, 0x0000,
    0x0181, 0xe3c7, 0x8380, 0x0000, 0x0000, 0x0000, 0x0000, 0x1800, 0x0000, 0x0000, 0x0000, 0x0000,
    0x0000, 0x00c3, 0xf7ef, 0xc300, 0x0000, 0xc3e7, 0xe7c3, 0x8000, 0x00c3, 0xf7ef, 0xc300, 0x0000,
    0x0000, 0x0000, 0x0000, 0x1800, 0x0000, 0x0000, 0x0000, 0x0000, 0x0000, 0x01c2, 0x1428, 0x4380,
    0x0001, 0x8235, 0xe842, 0x8000, 0x01c2, 0x14a8, 0x4180, 0x0000, 0x0000, 0x0000, 0x0000, 0x0000,
    0x0000, 0x0000, 0x0000, 0x0000, 0x0000, 0x0142, 0x0400, 0x4280, 0x0001, 0x0214, 0x2842, 0x0000,
    0x0142, 0x0020, 0x4280, 0x0000, 0x0000, 0x0000, 0x0000, 0x1800, 0x0000, 0x0000, 0x0000, 0x0000,
    0x0000, 0x0100, 0x0000, 0x0080, 0x0001, 0x0000, 0x0800, 0x8000, 0x0100, 0x0000, 0x0080, 0x0000,
    0x0000, 0x0000, 0x0000, 0x0000, 0x0000, 0x0000, 0x0000, 0x0000, 0x0000, 0x0181, 0x63c7, 0x8180,
    0x0001, 0x81e3, 0xcf81, 0x8000, 0x0181, 0xe7e7, 0x8180, 0x0000, 0x0000, 0x0000, 0x0000, 0x0000,
    0x0000, 0x0000, 0x0000, 0x0000, 0x0000, 0x00c3, 0xf7ef, 0xc300, 0x0000, 0xc3f7, 0xe7c3, 0x0000,
    0x00c3, 0xf7ef, 0xc300, 0x0000, 0x0000, 0x0000, 0x0000, 0x0000, 0x0000, 0x0000, 0x0000, 0x0000,
    0x0000, 0x01c2, 0xb428, 0x4380, 0x0001, 0xc214, 0x2c42, 0x8000, 0x01c2, 0x124c, 0x4380, 0x0000,
    0x0000, 0x0000, 0x0000, 0x0000, 0x0000, 0x0000, 0x0000, 0x0000, 0x0000, 0x0102, 0x8420, 0x0280,
    0x0001, 0x4004, 0x2802, 0x8000, 0x0140, 0x0420, 0x0080, 0x0000, 0x0000, 0x0000, 0x0000, 0x0000,
    0x0000, 0x0000, 0x0000, 0x0000, 0x0000, 0x0000, 0x4002, 0x0000, 0x0000, 0x0040, 0x0a00, 0x0000,
    0x0000, 0x400a, 0x0000, 0x0000, 0x0000, 0x0000, 0x0000, 0x0000, 0x0000, 0x0000, 0x0000, 0x0000,
    0x0000, 0x0000, 0x63c6, 0x0000, 0x0000, 0x0063, 0xce00, 0x0000, 0x0000, 0x63ce, 0x0000, 0x0000,
    0x0000, 0x0000, 0x0000, 0x0000, 0x0000, 0x0000, 0x0000, 0x0000, 0x0000, 0x0000, 0x37ec, 0x0000,
    0x0000, 0x0037, 0xe400, 0x0000, 0x0000, 0x37e4, 0x0000, 0x0000, 0x0000, 0x0000, 0x0000, 0x0000,
    0x0000, 0x0000, 0x0000, 0x0000, 0x0000, 0x0000, 0x566a, 0x0000, 0x0000, 0x0057, 0xea00, 0x0000,
    0x0000, 0x566a, 0x0000, 0x0000, 0x0000, 0x0000, 0x0000, 0x0000, 0x0000, 0x0000, 0x0000, 0x0000,
    0x0000, 0x0000, 0x4422, 0x0000, 0x0000, 0x0044, 0x2a00, 0x0000, 0x0000, 0x442a, 0x0000, 0x0000,
    0x0000, 0x0000, 0x0000, 0x0000, 0x0000, 0x0000, 0x0000, 0x0000, 0x0000, 0x0000, 0x1640, 0x0000,
    0x0000, 0x0016, 0x4a00, 0x0000, 0x0000, 0x0268, 0x0000, 0x0000, 0x0030, 0x0000, 0x0000, 0x0000,
    0x0000, 0x0000, 0x0000, 0x0000, 0x0000, 0x0000, 0x37c4, 0x0000, 0x0000, 0x0037, 0xce00, 0x0000,
    0x0000, 0x23ec, 0x0000, 0x0000, 0x0000, 0x0000, 0x0000, 0x0000, 0x0000, 0x0000, 0x0000, 0x0000,
    0x0000, 0x0000, 0x218c, 0x0000, 0x0000, 0x0021, 0x8400, 0x0000, 0x0000, 0x3184, 0x0000, 0x0000,
    0x0000, 0x0000, 0x0000, 0x0000, 0x0000, 0x0000, 0x0000, 0x0000, 0x0000, 0x0000, 0x1648, 0x0000,
    0x0000, 0x0017, 0xca00, 0x0000, 0x0000, 0x1268, 0x0000, 0x0000, 0x0020, 0x0000, 0x0000, 0x0000,
    0x0000, 0x0000, 0x0000, 0x0000, 0x0000, 0x0000, 0x1640, 0x0000, 0x0000, 0x0016, 0x4a00, 0x0000,
    0x0000, 0x0268, 0x0000, 0x0000, 0x0020, 0x0000, 0x0000, 0x0000, 0x0000, 0x0000, 0x0000, 0x0000,
    0x0000, 0x0000, 0x0000, 0x0000, 0x0000, 0x0000, 0x0200, 0x0000, 0x0000, 0x0002, 0x0000, 0x0000,
    0x0030, 0x0000, 0x0000, 0x0000, 0x0000, 0x0000, 0x0000, 0x0000, 0x0000, 0x0000, 0x2184, 0x0000,
    0x0000, 0x0021, 0x8600, 0x0000, 0x0000, 0x2186, 0x0000, 0x0000, 0x0020, 0x0000, 0x0000, 0x0000,
    0x0000, 0x0000, 0x0000, 0x0000, 0x0000, 0x0000, 0x318c, 0x0000, 0x0000, 0x0031, 0x8c00, 0x0000,
    0x0000, 0x318c, 0x0000, 0x0000, 0x0020, 0x0000, 0x0000, 0x0000, 0x0000, 0x0000, 0x0000, 0x0000,
    0x0000, 0x0000, 0x1108, 0x0000, 0x0000, 0x0030, 0x0e00, 0x0000, 0x0000, 0x118a, 0x0000, 0x0000,
    0x0020, 0x0000, 0x0000, 0x0000, 0x0000, 0x0000, 0x0000, 0x0000, 0x0000, 0x0000, 0x0000, 0x0000,
    0x0000, 0x0000, 0x0200, 0x0000, 0x0000, 0x0002, 0x0000, 0x0000, 0x0000, 0x0000, 0x0000, 0x0000,
    0x0000, 0x0000, 0x0000, 0x0000, 0x0000, 0x0000, 0x1188, 0x0000, 0x0000, 0x0011, 0x8800, 0x0000,
    0x0000, 0x1188, 0x0000, 0x0000, 0x0000, 0x0000, 0x0000, 0x0000, 0x0000, 0x0000, 0x0000, 0x0000,
    0x0000, 0x0000, 0x1188, 0x0000, 0x0000, 0x0011, 0x8800, 0x0000, 0x0000, 0x1188, 0x0000, 0x0000,
    0x0000, 0x0000, 0x0000, 0x0000, 0x0000, 0x0000, 0x0000, 0x0000, 0x0000, 0x0000, 0x2004, 0x0000,
    0x0000, 0x0020, 0x0400, 0x0000, 0x0000, 0x2004, 0x0000, 0x0000, 0x0000, 0x0000, 0x0000, 0x0000,
    0x0000, 0x0000, 0x0000, 0x0000, 0x0000, 0x0000, 0x318c, 0x0000, 0x0000, 0x0031, 0x8c00, 0x0000,
    0x0000, 0x318c, 0x0000, 0x0000, 0x0000, 0x0000, 0x0000, 0x0000, 0x0000, 0x0000, 0x0000, 0x0000,
    0x0000, 0x0000, 0x1188, 0x0000, 0x0000, 0x0011, 0x8800, 0x0000, 0x0000, 0x1188, 0x0000, 0x0000,
    0x0000, 0x0000, 0x0000, 0x0000, 0x0018, 0x0000, 0x00c0, 0x0000, 0x0000, 0x0000, 0x0000, 0x0000,
    0x0000, 0x0000, 0x0000, 0x0000, 0x0000, 0x0000, 0x0000, 0x0000, 0x0000, 0x0000, 0x0000, 0x0000,
    0x0008, 0x0000, 0x0080, 0x0000, 0x0000, 0x0000, 0x0000, 0x0000, 0x0000, 0x0000, 0x0000, 0x0000,
    0x0000, 0x0000, 0x0000, 0x0000, 0x0000, 0x0000, 0x0000, 0x0000, 0x0000, 0x0000, 0x0000, 0x0000,
    0x0000, 0x0000, 0x0000, 0x0000, 0x0000, 0x0000, 0x0000, 0x0000, 0x0000, 0x0000, 0x0000, 0x0000,
    0x0000, 0x0000, 0x0000, 0x0000, 0x0018, 0x0000, 0x00c0, 0x0000, 0x0000, 0x0000, 0x0000, 0x0000,
    0x0000, 0x0000, 0x0000, 0x0000, 0x0000, 0x0000, 0x0000, 0x0000, 0x0000, 0x0000, 0x0000, 0x0000,
    0x0018, 0x0000, 0x00c0, 0x0000, 0x0000, 0x0000, 0x0000, 0x0000, 0x0000, 0x0000, 0x0000, 0x0000,
    0x0000, 0x0000, 0x0000, 0x0000, 0x0000, 0x0000, 0x0000, 0x0000, 0x0038, 0x0000, 0x00c0, 0x0000,
    0x0000, 0x0000, 0x0000, 0x0000, 0x0000, 0x0000, 0x0000, 0x0000, 0x0000, 0x0000, 0x0000, 0x0000,
    0x0000, 0x0000, 0x0000, 0x0000, 0x0020, 0x0000, 0x0080, 0x0000, 0x0000, 0x0000, 0x0000, 0x0000,
    0x0000, 0x0000, 0x0000, 0x0000, 0x0000, 0x0000, 0x0000, 0x0000, 0x0000, 0x0000, 0x0000, 0x0000,
    0x0000, 0x0000, 0x0080, 0x0000, 0x0000, 0x0000, 0x0000, 0x0000, 0x0000, 0x0000, 0x0000, 0x0000,
    0x0000, 0x0000, 0x0000, 0x0000, 0x0000, 0x0000, 0x0000, 0x0000, 0x0028, 0x0000, 0x0080, 0x0000,
    0x0000, 0x0000, 0x0000, 0x0000, 0x0000, 0x0000, 0x0000, 0x0000, 0x0000, 0x0000, 0x0000, 0x0000,
    0x0000, 0x0000, 0x0000, 0x0000, 0x0028, 0x0000, 0x0000, 0x0000, 0x0000, 0x0000, 0x0000, 0x0000,
    0x0000, 0x0000, 0x0000, 0x0000, 0x0000, 0x0000, 0x0000, 0x0000, 0x0000, 0x0000, 0x0000, 0x0000,
    0x0010, 0x0000, 0x0040, 0x0000, 0x0000, 0x0000, 0x0000, 0x0000, 0x0000, 0x0000, 0x0000, 0x0200,
    0x0000, 0x0000, 0x0000, 0x0000, 0x0000, 0x0000, 0x0000, 0x0000, 0x0010, 0x0000, 0x0040, 0x0000,
    0x0000, 0x0000, 0x0000, 0x0000, 0x0000, 0x0000, 0x0000, 0x0200, 0x0000, 0x0000, 0x0000, 0x0000,
    0x0000, 0x0000, 0x0000, 0x0000, 0x0000, 0x0000, 0x0000, 0x0000, 0x0000, 0x0000, 0x0000, 0x0000,
    0x0000, 0x0000, 0x0000, 0x0300, 0x0000, 0x0000, 0x0000, 0x0000, 0x0000, 0x0000, 0x0000, 0x0000,
    0x0010, 0x0000, 0x0040, 0x0000, 0x0000, 0x0000, 0x0000, 0x0000, 0x0000, 0x0000, 0x0000, 0x0000,
    0x0000, 0x0000, 0x0000, 0x0000, 0x0000, 0x0000, 0x0000, 0x0000, 0x0010, 0x0000, 0x0040, 0x0000,
    0x0000, 0x0000, 0x0000, 0x0000, 0x0000, 0x0000, 0x0000, 0x0200, 0x0000, 0x0000, 0x0000, 0x0000,
    0x0000, 0x0000, 0x0000, 0x0000, 0x0000, 0x0000, 0x0000, 0x0000, 0x0000, 0x0000, 0x0000, 0x0000,
    0x0000, 0x0000, 0x0000, 0x0200, 0x0000, 0x0000, 0x0000, 0x0000, 0x0000, 0x0000, 0x0000, 0x0000,
    0x0000, 0x0000, 0x0000, 0x0000, 0x0000, 0x0000, 0x0000, 0x0000, 0x0000, 0x0000, 0x0000, 0x0200,
    0x0000, 0x0000, 0x0000, 0x0000, 0x0000, 0x0000, 0x0000, 0x0000, 0x0000, 0x0000, 0x0000, 0x0000,
    0x0000, 0x0000, 0x0000, 0x0000, 0x0000, 0x0000, 0x0000, 0x0300, 0x0000, 0x0000, 0x0000, 0x0000,
    0x0000, 0x0000, 0x0000, 0x0000, 0x0000, 0x0000, 0x0000, 0x0000, 0x0000, 0x0000, 0x0000, 0x0000,
    0x0000, 0x0000, 0x0000, 0x0000, 0x0000, 0x0000, 0x0000, 0x0000, 0x0000, 0x0000, 0x0000, 0x0000,
    0x0000, 0x0000, 0x0000, 0x0000, 0x0000, 0x0000, 0x0000, 0x0000, 0x0000, 0x0000, 0x0000, 0x0200,
    0x0000, 0x0000, 0x0000, 0x0000, 0x0000, 0x0000, 0x0000, 0x0000, 0x0000, 0x0000, 0x0000, 0x0000,
    0x0000, 0x0000, 0x0000, 0x0000, 0x0000, 0x0000, 0x0000, 0x0000, 0x0000, 0x0000, 0x0000, 0x0000,
    0x0000, 0x0000, 0x0000, 0x0000, 0x0000, 0x0000, 0x0000, 0x0000, 0x0000, 0x0000, 0x0000, 0x0000,
    0x0000, 0x0000, 0x0000, 0x0000, 0x0000, 0x0000, 0x0000, 0x0000, 0x0000, 0x0000, 0x0000, 0x0000,
    0x0000, 0x0000, 0x0000, 0x0000, 0x0000, 0x0000, 0x0000, 0x0000, 0x0000, 0x0000, 0x0000, 0x0000,
    0x0000, 0x0000, 0x0000, 0x0000, 0x0000, 0x0000, 0x0000, 0x0000, 0x0000, 0x0000, 0x0000, 0x0000,
    0x0000, 0x0000, 0x0000, 0x0000, 0x0000, 0x0000, 0x0000, 0x0000, 0x0000, 0x0000, 0x0000, 0x0000,
    0x0000, 0x0000, 0x0000, 0x0000, 0x0000, 0x0000, 0x0000, 0x0000, 0x0000, 0x0000, 0x0000, 0x0000,
    0x0000, 0x0000, 0x0000, 0x0000, 0x0000, 0x0000, 0x0000, 0x0000, 0x0000, 0x0000, 0x0000, 0x0000,
    0x0000, 0x0000, 0x0000, 0x0000, 0x0800, 0x8000, 0x0010, 0x0000, 0x0000, 0x0000, 0x0000, 0x0000,
    0x0000, 0x5000, 0x0001, 0x0010, 0x0000, 0x0000, 0x0000, 0x0000, 0x0000, 0x0000, 0x0000, 0x0000,
    0x0800, 0x8000, 0x0010, 0x0000, 0x0000, 0x0000, 0x0000, 0x0000, 0x0000, 0x5000, 0x0001, 0x0010,
    0x0000, 0x0000, 0x0000, 0x0000, 0x0000, 0x0000, 0x0000, 0x0000, 0x0001, 0x8000, 0x0018, 0x0080,
    0x0000, 0x0000, 0x0000, 0x0000, 0x0200, 0x7000, 0x0001, 0x8008, 0x0000, 0x0000, 0x0000, 0x0000,
    0x0000, 0x0000, 0x0000, 0x0000, 0x0800, 0x0000, 0x0000, 0x0000, 0x0000, 0x0000, 0x0000, 0x0000,
    0x0000, 0x0000, 0x0000, 0x0010, 0x0000, 0x0000, 0x0000, 0x0000, 0x0000, 0x0000, 0x0000, 0x0000,
    0x3802, 0x8000, 0x0014, 0x0100, 0x0000, 0x0060, 0x0600, 0x0000, 0x0100, 0x5000, 0x0001, 0x4014,
    0x0000, 0x0000, 0x0000, 0x0000, 0x0000, 0x0000, 0x0000, 0x0000, 0x0800, 0x8000, 0x0000, 0x0000,
    0x0000, 0x0000, 0x0000, 0x0000, 0x0400, 0x4000, 0x0000, 0x0010, 0x0000, 0x0000, 0x0000, 0x0000,
    0x0000, 0x0000, 0x0000, 0x0000, 0x0800, 0x8000, 0x0000, 0x0000, 0x0000, 0x0000, 0x0000, 0x0000,
    0x0400, 0x4000, 0x0000, 0x0010, 0x0000, 0x0000, 0x0000, 0x0000, 0x0000, 0x0000, 0x0000, 0x0000,
    0x3803, 0x8000, 0x000c, 0x0180, 0x0000, 0x0060, 0x0600, 0x0000, 0x0300, 0x6000, 0x0000, 0x801c,
    0x0000, 0x0000, 0x0000, 0x0000, 0x0000, 0x0000, 0x0000, 0x0000, 0x0000, 0x0000, 0x0000, 0x0000,
    0x0000, 0x0010, 0x0000, 0x0000, 0x0400, 0x0000, 0x0000, 0x0000, 0x0000, 0x0000, 0x0000, 0x0000,
    0x0000, 0x0000, 0x0000, 0x0000, 0x0800, 0x8000, 0x0010, 0x0000, 0x0000, 0x0010, 0x0000, 0x0000,
    0x0400, 0x5000, 0x0001, 0x4010, 0x0000, 0x0000, 0x0000, 0x0000, 0x0000, 0x0000, 0x0000, 0x0000,
    0x2c0e, 0x0000, 0x000f, 0x0780, 0x0000, 0x0018, 0x1800, 0x0000, 0x03c0, 0xc000, 0x0000, 0xf038,
    0x0000, 0x0000, 0x0e00, 0x0000, 0x0000, 0x0000, 0x0000, 0x0000, 0x2c06, 0x0000, 0x000e, 0x0180,
    0x0000, 0x0018, 0x1800, 0x0000, 0x0380, 0x4000, 0x0000, 0x9038, 0x0000, 0x0000, 0x0800, 0x0000,
    0x0000, 0x0000, 0x0000, 0x0000, 0x0c04, 0x0000, 0x0002, 0x0000, 0x0000, 0x0018, 0x1800, 0x0000,
    0x0080, 0x4000, 0x0000, 0x0030, 0x0000, 0x0000, 0x0000, 0x0000, 0x0000, 0x0000, 0x0000, 0x0000,
    0x3c0f, 0x0000, 0x000f, 0x0580, 0x0000, 0x0078, 0x1e00, 0x0000, 0x03c0, 0x4000, 0x0000, 0xd038,
    0x0000, 0x0000, 0x0a00, 0x0000, 0x0000, 0x0000, 0x0000, 0x0000, 0x300b, 0x0000, 0x000d, 0x0580,
    0x0000, 0x0060, 0x0600, 0x0000, 0x0340, 0x0000, 0x0000, 0xd008, 0x0000, 0x0000, 0x0a00, 0x0000,
    0x0000, 0x0000, 0x0000, 0x0000, 0x0e1c, 0x0000, 0x0003, 0x8e00, 0x0000, 0x001c, 0x3800, 0x0000,
    0x00e1, 0xc000, 0x0000, 0x3870, 0x0000, 0x0000, 0x0600, 0x0000, 0x0000, 0x0000, 0x0000, 0x0000,
    0x061c, 0x0000, 0x0003, 0x8a00, 0x0000, 0x000c, 0x3800, 0x0000, 0x00e1, 0x8000, 0x0000, 0x2860,
    0x0000, 0x0000, 0x0600, 0x0000, 0x0000, 0x0000, 0x0000, 0x0000, 0x040c, 0x0000, 0x0003, 0x0a00,
    0x0000, 0x0008, 0x3800, 0x0000, 0x00c1, 0x8000, 0x0000, 0x2020, 0x0000, 0x0000, 0x0400, 0x0000,
    0x0000, 0x0000, 0x0000, 0x001f, 0x8e1c, 0x3e00, 0x07c3, 0x861f, 0x8000, 0x3e1c, 0x187c, 0x0001,
    0xf0e2, 0xc7e0, 0x007c, 0x3871, 0xf800, 0x0000, 0x0600, 0x0000, 0x0000, 0x0000, 0x0000, 0x001f,
    0x8a10, 0x3e00, 0x07c0, 0x8c1f, 0x8000, 0x3e14, 0x207c, 0x0001, 0xf023, 0x47e0, 0x007c, 0x1851,
    0xf800, 0x0000, 0x0200, 0x0000, 0x0000, 0x0000, 0x0000, 0x0000, 0x0108, 0x0000, 0x0001, 0x1000,
    0x0000, 0x0006, 0x0000, 0x0000, 0x0060, 0x0000, 0x0000, 0x1880, 0x0000, 0x0000, 0x0000, 0x0000,
    0x0000, 0x0000, 0x0000, 0x001f, 0x8108, 0x3e00, 0x07c1, 0x101f, 0x0000, 0x3e02, 0x007c, 0x0001,
    0xf040, 0x03e0, 0x007c, 0x1880, 0xf800, 0x0000, 0x0000, 0x0000, 0x0000, 0x0000, 0x0000, 0x0000,
    0x0218, 0x0000, 0x0001, 0x9800, 0x0000, 0x0000, 0x2000, 0x0000, 0x0041, 0x0000, 0x0000, 0x18c0,
    0x0000, 0x0000, 0x0000, 0x0000, 0x0000, 0x0000, 0x0000, 0x0000, 0x0100, 0x0100, 0x0020, 0x0000,
    0x8000, 0x0102, 0x0080, 0x0002, 0x0800, 0x0400, 0x0080, 0x1801, 0x0000, 0x0000, 0x0000, 0x0000,
    0x0000, 0x0000, 0x0000, 0x0000, 0x0108, 0x0100, 0x0021, 0x1400, 0x0000, 0x0002, 0x4080, 0x0002,
    0x0842, 0x0000, 0x0080, 0x0080, 0x0000, 0x0000, 0x0000, 0x0000, 0x0000, 0x0000, 0x0000, 0x0000,
    0x03f0, 0x0000, 0x0000, 0xf800, 0x0000, 0x0007, 0xe000, 0x0000, 0x003e, 0x0000, 0x0000, 0x1f80,
    0x0000, 0x0000, 0x0000, 0x0000, 0x0000, 0x0000, 0x0000, 0x001f, 0x83f0, 0x3e00, 0x07c0, 0x701f,
    0x0000, 0x1f03, 0xe07c, 0x0001, 0xf81c, 0x07c0, 0x007c, 0x1781, 0xf800, 0x0000, 0x0000, 0x0000,
    0x0000, 0x0000, 0x0000, 0x0000, 0x01f0, 0x0000, 0x0000, 0x7000, 0x0000, 0x0003, 0xe000, 0x0000,
    0x001c, 0x0000, 0x0000, 0x0780, 0x0000, 0x0000, 0x0000, 0x0000, 0x0000, 0x0000, 0x0000, 0x0000,
    0x63f0, 0xc100, 0x0030, 0xf060, 0x8000, 0x20c7, 0xe180, 0x0002, 0x043c, 0x1820, 0x0083, 0x1f86,
    0x0000, 0x0000, 0x0000, 0x0000, 0x0000, 0x0000, 0x0000, 0x0000, 0x2200, 0x0100, 0x0000, 0x8000,
    0x0000, 0x0044, 0x0000, 0x0002, 0x0021, 0x1000, 0x0080, 0x1844, 0x0000, 0x0000, 0x0000, 0x0000,
    0x0000, 0x0000, 0x0000, 0x0001, 0x81f0, 0x2000, 0x0040, 0xf818, 0x0000, 0x0303, 0xe060, 0x0000,
    0x003f, 0x0600, 0x0004, 0x0fc1, 0x8000, 0x0000, 0x0000, 0x0000, 0x0000, 0x0000, 0x0000, 0x001e,
    0x4010, 0xde00, 0x07b0, 0x0067, 0x0000, 0x3c80, 0x219c, 0x0001, 0xfc21, 0x09c0, 0x007b, 0x0842,
    0x7800, 0x0000, 0x0000, 0x0000, 0x0000, 0x0000, 0x0000, 0x0001, 0x8010, 0x2000, 0x0040, 0x0018,
    0x0000, 0x0300, 0x2060, 0x0000, 0x0000, 0x0600, 0x0004, 0x0001, 0x8000, 0x0000, 0x0000, 0x0000,
    0x0000, 0x0000, 0x0000, 0x0000, 0x2010, 0x0100, 0x0008, 0x8080, 0x8000, 0x0040, 0x2200, 0x0002,
    0x0021, 0x1020, 0x0080, 0x0844, 0x0000, 0x0000, 0x0000, 0x0000, 0x0000, 0x0000, 0x0000, 0x0000,
    0x0000, 0x0100, 0x0008, 0x8080, 0x0000, 0x0000, 0x0200, 0x0002, 0x0021, 0x0000, 0x0080, 0x0844,
    0x0000, 0x0000, 0x0000, 0x0000, 0x0000, 0x0200, 0x0000, 0x0001, 0xc1f0, 0x2000, 0x0070, 0xf818,
    0x0000, 0x0303, 0xe0e0, 0x0000, 0x183f, 0x0600, 0x000f, 0x07c1, 0x8000, 0x0000, 0x0000, 0x0000,
    0x0000, 0x0100, 0x0000, 0x001e, 0x3010, 0xfe00, 0x07cc, 0x0077, 0x0000, 0x3ee0, 0x275c, 0x0001,
    0xf601, 0x1bc0, 0x0074, 0x884e, 0xf800, 0x0000, 0x0000, 0x0000, 0x0000, 0x0200, 0x0000, 0x0001,
    0xc010, 0x0000, 0x0030, 0x0008, 0x0000, 0x0100, 0x20a0, 0x0000, 0x0800, 0x0400, 0x000b, 0x0801,
    0x0000, 0x0000, 0x0000, 0x0000, 0x0000, 0x0100, 0x0000, 0x0000, 0x0013, 0x0100, 0x0000, 0xa180,
    0x8000, 0x0010, 0x2000, 0x0002, 0x0121, 0x6020, 0x0080, 0x4850, 0x0000, 0x0000, 0x0000, 0x0000,
    0x0000, 0x0200, 0x0000, 0x0000, 0x0000, 0x0100, 0x0000, 0x8000, 0x0000, 0x0010, 0x0000, 0x0002,
    0x0021, 0x4000, 0x0080, 0x0850, 0x0000, 0x0000, 0x0000, 0x0000, 0x0000, 0x0300, 0x0000, 0x0001,
    0xc3f0, 0xe000, 0x0070, 0xb878, 0x0000, 0x03c1, 0xc1e0, 0x0000, 0x1c3f, 0x1e00, 0x0007, 0x0f83,
    0x8000, 0x0000, 0x0000, 0x0000, 0x0000, 0x0300, 0x0000, 0x0006, 0xf023, 0x3800, 0x01ed, 0x05d4,
    0x0000, 0x07a4, 0x07c0, 0x0000, 0x7b62, 0x2f00, 0x001e, 0xc84d, 0xc000, 0x0000, 0x0000, 0x0000,
    0x0000, 0x0000, 0x0000, 0x0001, 0x0000, 0xc000, 0x0011, 0x5428, 0x0000, 0x0046, 0x6020, 0x0000,
    0x0454, 0x1000, 0x0001, 0x04c2, 0x0000, 0x0000, 0x0000, 0x0000, 0x0000, 0x0300, 0x0000, 0x0000,
    0x0884, 0x0600, 0x0003, 0x2602, 0x0000, 0x0815, 0x8810, 0x0000, 0x8040, 0x40c0, 0x0020, 0x2050,
    0x2000, 0x0000, 0x0000, 0x0000, 0x0000, 0x0000, 0x0000, 0x0000, 0x0b34, 0x0600, 0x0003, 0xde02,
    0x0000, 0x0006, 0x6800, 0x0000, 0x8077, 0x00c0, 0x0020, 0x2cd0, 0x0000, 0x0000, 0x0000, 0x0000,
    0x0000, 0x0000, 0x0000, 0x0000, 0xff3f, 0xe000, 0x003f, 0xcbf0, 0x0000, 0x01fe, 0xff80, 0x0000,
    0x0ffb, 0xfc00, 0x0003, 0xfcff, 0x0000, 0x0000, 0x0000, 0x0000, 0x0000, 0x0000, 0x0000, 0x0003,
    0x7113, 0x1800, 0x01dc, 0x85cc, 0x0000, 0x06e1, 0x8660, 0x0000, 0x770a, 0x3300, 0x001c, 0x888e,
    0xc000, 0x0000, 0x0000, 0x0000, 0x0000, 0x0000, 0x0000, 0x0000, 0x8ddc, 0xe000, 0x0023, 0xb230,
    0x0000, 0x0118, 0x9980, 0x0000, 0x08c6, 0xcc00, 0x0003, 0x7bb1, 0x0000, 0x0000, 0x0000, 0x0000,
    0x0000, 0x0000, 0x0000, 0x0004, 0x0000, 0x0000, 0x0000, 0x0000, 0x0000, 0x0800, 0x8010, 0x0000,
    0x0000, 0x0000, 0x0000, 0x0000, 0x2000, 0x0000, 0x0000, 0x0000, 0x0000, 0x0000, 0x0000, 0x0000,
    0x02e0, 0x0000, 0x0000, 0x7c00, 0x0000, 0x0807, 0x6010, 0x0000, 0x003d, 0x0000, 0x0000, 0x0740,
    0x0000, 0x0000, 0x0000, 0x0000, 0x0000, 0x0000, 0x0000, 0x0000, 0x7dbf, 0xc000, 0x003f, 0xfbe0,
    0x0000, 0x01fe, 0x7f80, 0x0000, 0x0ffe, 0xfc00, 0x0003, 0xffbf, 0x0000, 0x0000, 0x0000, 0x0000,
    0x0000, 0x0000, 0x0000, 0x0003, 0xcf54, 0xb800, 0x01de, 0x8ffc, 0x0000, 0x0692, 0x0f60, 0x0000,
    0x75a2, 0xfb00, 0x001d, 0x0822, 0xc000, 0x0000, 0x0000, 0x0000, 0x0000, 0x0000, 0x0000, 0x0000,
    0x311b, 0x4000, 0x0021, 0x8800, 0x0000, 0x016a, 0x1080, 0x0000, 0x0a63, 0x0400, 0x0002, 0xf85d,
    0x0000, 0x0000, 0x0000, 0x0000, 0x0000, 0x0000, 0x0000, 0x0004, 0x0000, 0x0000, 0x0000, 0x0000,
    0x0000, 0x0801, 0x8010, 0x0000, 0x8000, 0x0000, 0x0020, 0x0000, 0x2000, 0x0000, 0x0000, 0x0000,
    0x0000, 0x0000, 0x0000, 0x0000, 0x02e0, 0x0000, 0x0000, 0x7400, 0x0000, 0x0004, 0x6000, 0x0000,
    0x801d, 0x0000, 0x0020, 0x07c0, 0x0000, 0x0000, 0x0000, 0x0000, 0x0000, 0x0000, 0x0000, 0x0000,
    0x2138, 0x8000, 0x0011, 0xc840, 0x0000, 0x0002, 0x6100, 0x0000, 0x0476, 0x1000, 0x0001, 0x1e80,
    0x0000, 0x0000, 0x0000, 0x0300, 0x0000, 0x0000, 0x0000, 0x0000, 0xe1d8, 0x6000, 0x0061, 0x9c20,
    0x0000, 0x0182, 0x80c0, 0x0000, 0x186a, 0x1c00, 0x0006, 0x1983, 0x0000, 0x0000, 0x0000, 0x0100,
    0x0000, 0x0000, 0x0000, 0x0000, 0x1f17, 0x8000, 0x001e, 0x8bc0, 0x0000, 0x007e, 0x1f00, 0x0000,
    0x07a3, 0xe000, 0x0001, 0xe8fc, 0x0000, 0x0000, 0x0000, 0x0200, 0x0000, 0x0000, 0x0000, 0x0007,
    0x0000, 0x1800, 0x0180, 0x201c, 0x0000, 0x0601, 0x0020, 0x0000, 0x6000, 0x0300, 0x0018, 0x0200,
    0xe000, 0x0000, 0x0000, 0x0300, 0x0000, 0x0000, 0x0000, 0x0006, 0x02e0, 0x1800, 0x0180, 0x540c,
    0x0000, 0x0404, 0x6020, 0x0000, 0x601d, 0x0300, 0x0018, 0x0740, 0x6000, 0x0000, 0x0000, 0x0000,
    0x0000, 0x0000, 0x0000, 0x0000, 0x0130, 0x0000, 0x0000, 0xc800, 0x0000, 0x0002, 0x6000, 0x0000,
    0x0472, 0x1000, 0x0000, 0x1c80, 0x0000, 0x0000, 0x0000, 0x0380, 0x0000, 0x0000, 0x0000, 0x0000,
    0xc3d0, 0xe000, 0x0070, 0xbc60, 0x0000, 0x0181, 0x8180, 0x0000, 0x186e, 0x1c00, 0x0007, 0x1ac3,
    0x0000, 0x0000, 0x0000, 0x0080, 0x0000, 0x0000, 0x0000, 0x0000, 0x3d1f, 0x0000, 0x000f, 0x8b80,
    0x0000, 0x007c, 0x1e00, 0x0000, 0x07a3, 0xe000, 0x0000, 0xe8bc, 0x0000, 0x0000, 0x0000, 0x0200,
    0x0000, 0x0000, 0x0000, 0x0001, 0x0000, 0x0000, 0x0000, 0x0010, 0x0000, 0x0200, 0x0040, 0x0000,
    0x0000, 0x0000, 0x0000, 0x0100, 0x8000, 0x0000, 0x0000, 0x0380, 0x0000, 0x0000, 0x0000, 0x0001,
    0x02e0, 0x0000, 0x0000, 0x4400, 0x0000, 0x0206, 0x6000, 0x0000, 0x001d, 0x0000, 0x0000, 0x0440,
    0x8000, 0x0000, 0x0000, 0x0080, 0x0000, 0x0000, 0x0000, 0x0000, 0xcf3c, 0xc000, 0x0013, 0xc860,
    0x0000, 0x009e, 0x7980, 0x0000, 0x1cf3, 0xdc00, 0x0003, 0x3cb3, 0x0000, 0x0000, 0x0000, 0x0000,
    0x0000, 0x0000, 0x0000, 0x0000, 0x0dd4, 0xa000, 0x0072, 0x3840, 0x0000, 0x0110, 0x0900, 0x0000,
    0x042e, 0x5000, 0x0005, 0x2b90, 0x0000, 0x0000, 0x0000, 0x0000, 0x0000, 0x0000, 0x0000, 0x0000,
    0xf11b, 0x4000, 0x000d, 0x0fa0, 0x0000, 0x00e8, 0x1680, 0x0000, 0x1be2, 0xac00, 0x0002, 0xd8ef,
    0x0000, 0x0000, 0x0000, 0x0000, 0x0000, 0x0000, 0x0000, 0x0001, 0x0000, 0x0000, 0x0000, 0x0010,
    0x0000, 0x0201, 0x8040, 0x0000, 0x0000, 0x0000, 0x0000, 0x0000, 0x8000, 0x0000, 0x0000, 0x0000,
    0x0000, 0x0000, 0x0000, 0x0001, 0x02a0, 0x0000, 0x0000, 0xf400, 0x0000, 0x0006, 0x6000, 0x0000,
    0x0015, 0x0000, 0x0000, 0x0540, 0x8000, 0x0000, 0x0000, 0x0000, 0x0000, 0x0000, 0x0000, 0x0000,
    0xcc14, 0xe000, 0x0032, 0x3260, 0x0000, 0x0190, 0x1980, 0x0000, 0x1d82, 0xdc00, 0x0003, 0x2033,
    0x0000, 0x0200, 0x0000, 0x0000, 0x0000, 0x0000, 0x0000, 0x0000, 0xc3f8, 0xc000, 0x0051, 0xce60,
    0x0000, 0x009f, 0xe100, 0x0000, 0x0d7f, 0x5800, 0x0007, 0x1fc2, 0x0000, 0x0200, 0x0000, 0x0000,
    0x0000, 0x0000, 0x0000, 0x0000, 0x3d37, 0x2000, 0x002e, 0xc980, 0x0000, 0x0166, 0x7e80, 0x0000,
    0x12b2, 0xa400, 0x0000, 0xecbd, 0x0000, 0x0200, 0x0000, 0x0000, 0x0000, 0x0000, 0x0000, 0x0003,
    0x0120, 0x1800, 0x0180, 0xc818, 0x0000, 0x0606, 0x6060, 0x0000, 0x6030, 0x0300, 0x0018, 0x0c80,
    0xe000, 0x0000, 0x0000, 0x0000, 0x0000, 0x0000, 0x0000, 0x0002, 0x03e0, 0x1800, 0x0180, 0xfc08,
    0x0000, 0x0407, 0xe020, 0x0000, 0x603d, 0x0300, 0x0018, 0x0fc0, 0x6000, 0x0200, 0x0000, 0x0000,
    0x0000, 0x0000, 0x0000, 0x0000, 0xf043, 0xc000, 0x003c, 0x31e0, 0x0000, 0x01e1, 0x8780, 0x0000,
    0x1f0c, 0x3c00, 0x0007, 0xc30f, 0x0000, 0x0500, 0x0000, 0x0000, 0x0000, 0x0000, 0x0000, 0x0003,
    0x5cc4, 0x7800, 0x01e2, 0x3618, 0x0000, 0x06b9, 0x9860, 0x0000, 0x6a8c, 0xeb00, 0x001a, 0x333e,
    0xc000, 0x0500, 0x0000, 0x0000, 0x0000, 0x0000, 0x0000, 0x0000, 0xa0c3, 0x8000, 0x001c, 0x31e0,
    0x0000, 0x0141, 0x8780, 0x0000, 0x150c, 0x1400, 0x0005, 0xc301, 0x0000, 0x0300, 0x0000, 0x0000,
    0x0000, 0x0000, 0x0000, 0x0004, 0x0088, 0x0000, 0x0001, 0x0004, 0x0000, 0x0800, 0x0010, 0x0000,
    0x8040, 0x0000, 0x0020, 0x0040, 0x2000, 0x0400, 0x0000, 0x0000, 0x0000, 0x0000, 0x0000, 0x0000,
    0x0080, 0x0000, 0x0000, 0x0000, 0x0000, 0x0800, 0x0010, 0x0000, 0x8000, 0x0000, 0x0020, 0x0040,
    0x0000, 0x0500, 0x0000, 0x0000, 0x0000, 0x0000, 0x0000, 0x0000, 0xf0c3, 0xc000, 0x003c, 0x33e0,
    0x0000, 0x01f1, 0x8780, 0x0000, 0x1f0c, 0x7c00, 0x0007, 0xc31f, 0x0000, 0x0200, 0x0000, 0x0000,
    0x0000, 0x0000, 0x0000, 0x0003, 0x7043, 0xf800, 0x01fc, 0x1398, 0x0000, 0x06f0, 0x0760, 0x0000,
    0x6e08, 0x7b00, 0x001b, 0x811e, 0xc000, 0x0200, 0x0000, 0x0000, 0x0000, 0x0000, 0x0000, 0x0000,
    0x8040, 0x0000, 0x0000, 0x3260, 0x0000, 0x0110, 0x8080, 0x0000, 0x1108, 0x4400, 0x0004, 0x4311,
    0x0000, 0x0200, 0x0000, 0x0000, 0x0000, 0x0000, 0x0000, 0x0004, 0x0cc4, 0x0000, 0x0002, 0x0404,
    0x0000, 0x0809, 0x0810, 0x0000, 0x808c, 0x8000, 0x0020, 0x2020, 0x2000, 0x0000, 0x0000, 0x0000,
    0x0000, 0x0000, 0x0000, 0x0000, 0x0484, 0x0000, 0x0002, 0x1600, 0x0000, 0x0819, 0x0810, 0x0000,
    0x8084, 0xc000, 0x0020, 0x2130, 0x0000, 0x0200, 0x0000, 0x0000, 0x0000, 0x0000, 0x0000, 0x0000,
    0xf0c3, 0xc000, 0x003c, 0x21e0, 0x0000, 0x01e1, 0x8780, 0x0000, 0x1f0c, 0x3800, 0x0007, 0xc30f,
    0x0000, 0x0000, 0x0000, 0x0000, 0x0000, 0x0000, 0x0000, 0x0003, 0x0080, 0x3800, 0x01c0, 0x0018,
    0x0000, 0x0601, 0x0060, 0x0000, 0x6104, 0x0700, 0x0018, 0x0100, 0xc000, 0x0000, 0x0000, 0x0000,
    0x0000, 0x0000, 0x0000, 0x0000, 0xf0c3, 0xc000, 0x003c, 0x21e0, 0x0000, 0x01e1, 0x8780, 0x0000,
    0x1f0c, 0x3800, 0x0007, 0xc30f, 0x0000, 0x0000, 0x0000, 0x0000, 0x0000, 0x0000, 0x0000, 0x0004,
    0x0800, 0x0000, 0x0000, 0x1204, 0x0000, 0x0810, 0x0010, 0x0000, 0x8000, 0x4000, 0x0020, 0x0010,
    0x2000, 0x0000, 0x0000, 0x0000, 0x0000, 0x0000, 0x0000, 0x0000, 0x0880, 0x0000, 0x0000, 0x0200,
    0x0000, 0x0811, 0x0010, 0x0000, 0x8104, 0x4000, 0x0020, 0x0110, 0x0000, 0x0000, 0x0000, 0x0000,
    0x0000, 0x0000, 0x0000, 0x0000, 0x0000, 0x0000, 0x0000, 0x0000, 0x0000, 0x0000, 0x0000, 0x0000,
    0x0000, 0x0000, 0x0000, 0x0000, 0x0000, 0x0000, 0x0000, 0x0000, 0x0000, 0x0000, 0x0000, 0x0007,
    0xc000, 0xf800, 0x01f0, 0x0078, 0x0000, 0x0780, 0x01e0, 0x0000, 0x7c00, 0x0f00, 0x001f, 0x0003,
    0xc000, 0x0000, 0x0000, 0x0000, 0x0000, 0x0000, 0x0000, 0x0000, 0x0000, 0x0000, 0x0000, 0x0000,
    0x0000, 0x0000, 0x0000, 0x0000, 0x0000, 0x0000, 0x0000, 0x0000, 0x0000, 0x0000, 0x0000, 0x0000,
    0x0000, 0x0000, 0x0000, 0x0000, 0x2000, 0x0000, 0x0000, 0x0084, 0x0000, 0x0840, 0x0210, 0x0000,
    0x8000, 0x1000, 0x0020, 0x0004, 0x2000, 0x0000, 0x0000, 0x0000, 0x0000, 0x0000, 0x0000, 0x0000,
    0x2000, 0x0000, 0x0000, 0x0080, 0x0000, 0x0000, 0x0210, 0x0000, 0x8000, 0x1000, 0x0020, 0x0004,
    0x0000, 0x0000, 0x0000, 0x0000, 0x0000, 0x0000, 0x0000, 0x0000, 0x0000, 0x0000, 0x0000, 0x0000,
    0x0000, 0x0000, 0x0000, 0x0000, 0x0000, 0x0000, 0x0000, 0x0000, 0x0000, 0x0000, 0x0000, 0x0000,
    0x0000, 0x0000, 0x0000, 0x0003, 0xc000, 0x7000, 0x00f0, 0x0078, 0x0000, 0x0580, 0x0120, 0x0000,
    0x7800, 0x0e00, 0x001e, 0x0003, 0xc000, 0x0000, 0x0000, 0x0000, 0x0000, 0x0000, 0x0000, 0x0000,
    0x0000, 0x0000, 0x0000, 0x0000, 0x0000, 0x0000, 0x0000, 0x0000, 0x0000, 0x0000, 0x0000, 0x0000,
    0x0000, 0x0000, 0x0000, 0x0000, 0x0000, 0x0000, 0x0000, 0x0004, 0x0000, 0x8800, 0x0100, 0x0004,
    0x0000, 0x0a40, 0x02d0, 0x0000, 0x8400, 0x1100, 0x0001, 0x0000, 0x2000, 0x0000, 0x0000, 0x0000,
    0x0000, 0x0000, 0x0000, 0x0000, 0x0000, 0x0000, 0x0000, 0x0000, 0x0000, 0x0800, 0x0210, 0x0000,
    0x8000, 0x1000, 0x0000, 0x0000, 0x0000, 0x0000, 0x0000, 0x0000, 0x0000, 0x0000, 0x0000, 0x0000,
    0x0000, 0x0000, 0x0000, 0x0000, 0x0000, 0x0000, 0x0000, 0x0000, 0x0000, 0x0000, 0x0000, 0x0000,
    0x0000, 0x0000, 0x0000, 0x0000, 0x0000, 0x0000, 0x0000, 0x0000, 0x0000, 0x0000, 0x0000, 0x0000,
    0x0000, 0x0000, 0x0000, 0x0000, 0x0000, 0x0000, 0x0000, 0x0000, 0x0000, 0x0000, 0x0000, 0x0000,
    0x0000, 0x0000, 0x0000, 0x0000, 0x0000, 0x0000, 0x0000, 0x0000, 0x0000, 0x0000, 0x0000, 0x0000,
    0x0000, 0x0000, 0x0000, 0x0000, 0x0000, 0x0000, 0x0000, 0x0000, 0x0000, 0x0000, 0x0000, 0x0000,
    0x0000, 0x0000, 0x0000, 0x0000, 0x0000, 0x0000, 0x0000, 0x0000, 0x0000, 0x0000, 0x0000, 0x0000,
    0x0000, 0x0000, 0x0000, 0x0000, 0x0000, 0x0000, 0x0000, 0x0000, 0x0000, 0x0000, 0x0000, 0x0000,
    0x0000, 0x0000, 0x0000, 0x0000, 0x0000, 0x0000, 0x0000, 0x0000, 0x0000, 0x0000, 0x0000, 0x0000,
    0x0000, 0x0000, 0x3000, 0x0000, 0x0000, 0x0000, 0x0000, 0x0000, 0x0000, 0x0000, 0x0000, 0x0000,
    0x0000, 0x0000, 0x0000, 0x0000, 0x0000, 0x0000, 0x0000, 0x0000, 0x0000, 0x0000, 0x3000, 0x0000,
    0x0000, 0x0000, 0x0000, 0x0000, 0x0000, 0x0000, 0x0000, 0x0000, 0x0000, 0x0000, 0x0000, 0x0000,
    0x0000, 0x0000, 0x0000, 0x0000, 0x0000, 0x0000, 0x3000, 0x0000, 0x0000, 0x0000, 0x0000, 0x0000,
    0x0000, 0x0000, 0x0000, 0x0000, 0x0000, 0x0000, 0x0000, 0x0000, 0x0000, 0x0000, 0x0000, 0x0000,
    0x0000, 0x0000, 0x0000, 0x0000, 0x0000, 0x0000, 0x0000, 0x0000, 0x0000, 0x0000, 0x0000, 0x0000,
    0x0000, 0x0000, 0x0000, 0x0000, 0x0000, 0x0000, 0x0000, 0x0000, 0x0000, 0x0000, 0x3000, 0x0000,
    0x0000, 0x0000, 0x0000, 0x0000, 0x0000, 0x0000, 0x0000, 0x0000, 0x0000, 0x0000, 0x0000, 0x0000,
    0x0000, 0x0000, 0x0000, 0x0000, 0x0000, 0x0000, 0x0000, 0x0000, 0x0000, 0x0000, 0x0000, 0x0000,
    0x0000, 0x0000, 0x0000, 0x0000, 0x0000, 0x0000, 0x0000, 0x0000, 0x0000, 0x0000, 0x0000, 0x0000,
    0x0000, 0x0000, 0x0000, 0x0000, 0x0000, 0x0000, 0x0000, 0x0000, 0x0000, 0x0000, 0x0000, 0x0000,
    0x0000, 0x0000, 0x0000, 0x0000, 0x0000, 0x0000, 0x0000, 0x0000, 0x0000, 0x0000, 0x3000, 0x0000,
    0x0000, 0x0000, 0x0000, 0x0000, 0x0000, 0x0000, 0x0000, 0x0000, 0x0000, 0x0000, 0x0000, 0x0000,
    0x0000, 0x0000, 0x0000, 0x0000, 0x0000, 0x0000, 0x0000, 0x0000, 0x0000, 0x0000, 0x0000, 0x0000,
    0x0000, 0x0000, 0x0000, 0x0000, 0x0000, 0x0000, 0x0000, 0x0000, 0x0000, 0x0000, 0x0000, 0x0000,
    0x0000, 0x0000, 0x0000, 0x0000, 0x0000, 0x0000, 0x0000, 0x0000, 0x0000, 0x0000, 0x0000, 0x0000,
    0x0000, 0x0000, 0x0000, 0x0000, 0x0000, 0x0000, 0x0000, 0x0000, 0x0000, 0x0000, 0x0000, 0x0000,
    0x0000, 0x0000, 0x0000, 0x0000, 0x0000, 0x0000, 0x0000, 0x0000, 0x0000, 0x0000, 0x0000, 0x0000,
    0x0000, 0x0000, 0x0000, 0x0000, 0x0000, 0x0000, 0x0000, 0x0000, 0x0000, 0x0000, 0x0000, 0x0000,
    0x0000, 0x0000, 0x0000, 0x0000, 0x0000, 0x0000, 0x0000, 0x0000, 0x0000, 0x0000, 0x0000, 0x0000,
    0x0000, 0x0000, 0x0000, 0x0000, 0x0000, 0x0000, 0x0000, 0x0000, 0x0000, 0x0000, 0x0000, 0x0000,
    0x0000, 0x0000, 0x0000, 0x0000, 0x0000, 0x0000, 0x0000, 0x0000, 0x0000, 0x0000, 0x0000, 0x0000,
    0x0000, 0x0000, 0x0000, 0x0000, 0x0000, 0x0000, 0x0000, 0x0000, 0x0000, 0x0000, 0x0000, 0x0000,
    0x0000, 0x0000, 0x0000, 0x0000, 0x0000, 0x0000, 0x0000, 0x0000, 0x0000, 0x0000, 0x0000, 0x0000,
    0x0000, 0x0000, 0x0000, 0x0000, 0x0000, 0x0000, 0x0000, 0x0000, 0x0000, 0x0000, 0x0000, 0x0000,
    0x0060, 0x0000, 0x0000, 0x0000, 0x0000, 0x0000, 0x0000, 0x0000, 0x0000, 0x0000, 0x0000, 0x0000,
    0x0000, 0x0000, 0x0000, 0x0000, 0x0000, 0x0000, 0x0000, 0x0000, 0x0060, 0x0000, 0x0000, 0x0000,
    0x0000, 0x0000, 0x0000, 0x0000, 0x0000, 0x0000, 0x0000, 0x0000, 0x0000, 0x0000, 0x0000, 0x0000,
    0x0000, 0x0000, 0x0000, 0x0000, 0x0000, 0x0000, 0x0000, 0x0000, 0x0000, 0x0000, 0x0000, 0x0000,
    0x0000, 0x0000, 0x0000, 0x0000, 0x0000, 0x0000, 0x0000, 0x0000, 0x0000, 0x0000, 0x0000, 0x0000,
    0x0060, 0x0000, 0x0000, 0x0000, 0x0000, 0x0000, 0x0000, 0x0000, 0x0000, 0x0000, 0x0000, 0x0000,
    0x0000, 0x0000, 0x0000, 0x0000, 0x0000, 0x0000, 0x0000, 0x0000, 0x0060, 0x0000, 0x0000, 0x0000,
    0x0000, 0x0000, 0x0000, 0x0000, 0x0000, 0x0000, 0x0000, 0x0000, 0x0000, 0x0000, 0x0000, 0x0000,
    0x0000, 0x0000, 0x0000, 0x0000, 0x0060, 0x0000, 0x0000, 0x1807, 0x0000, 0x0018, 0x0600, 0x0000,
    0x1807, 0x0000, 0x0000, 0x8028, 0x0000, 0x0060, 0x1800, 0x0000, 0x601c, 0x0000, 0x0000, 0x0000,
    0x0000, 0x0000, 0x0000, 0x0001, 0x0000, 0x0000, 0x0000, 0x0000, 0x1004, 0x0000, 0x0000, 0xc010,
    0x0000, 0x0000, 0x0000, 0x0000, 0x0000, 0x0000, 0x0000, 0x0000, 0x0000, 0x0000, 0x0000, 0x1804,
    0x0000, 0x0018, 0x0400, 0x0000, 0x0001, 0x0000, 0x0000, 0x0028, 0x0000, 0x0020, 0x1000, 0x0000,
    0x2014, 0x0000, 0x0000, 0x0000, 0x0000, 0x0000, 0x0000, 0x0007, 0x0000, 0x0000, 0x0600, 0x0000,
    0x1807, 0x0000, 0x0000, 0xc038, 0x0000, 0x0060, 0x1800, 0x0000, 0x601c, 0x0000, 0x0000, 0x0000,
    0x0000, 0x0000, 0x0000, 0x1805, 0x0000, 0x0018, 0x0400, 0x0000, 0x0004, 0x0000, 0x0000, 0x0000,
    0x0000, 0x0020, 0x1000, 0x0000, 0x2000, 0x0000, 0x0000, 0x0000, 0x0060, 0x0000, 0x0000, 0x1e0e,
    0x0000, 0x001e, 0x1e00, 0x0000, 0x1e0f, 0x0000, 0x0000, 0xf078, 0x0000, 0x0078, 0x7800, 0x0000,
    0x7878, 0x0000, 0x0000, 0x0000, 0x0000, 0x0000, 0x0000, 0x0000, 0x0000, 0x0000, 0x1000, 0x0000,
    0x0001, 0x0000, 0x0000, 0x0008, 0x0000, 0x0008, 0x4000, 0x0000, 0x0840, 0x0000, 0x0000, 0x0000,
    0x0000, 0x0000, 0x0000, 0x1806, 0x0000, 0x0018, 0x0600, 0x0000, 0x1802, 0x0000, 0x0000, 0xc030,
    0x0000, 0x0060, 0x1800, 0x0000, 0x6018, 0x0000, 0x0000, 0x0000, 0x0060, 0x0000, 0x0000, 0x1e0e,
    0x0000, 0x001e, 0x1e00, 0x0000, 0x1e0f, 0x0000, 0x0000, 0xf078, 0x0000, 0x0078, 0x7800, 0x0000,
    0x7878, 0x0000, 0x0000, 0x0000, 0x0060, 0x0000, 0x0000, 0x060e, 0x0000, 0x0006, 0x1e00, 0x0000,
    0x060f, 0x0000, 0x0000, 0x3048, 0x0000, 0x0058, 0x7800, 0x0000, 0x1860, 0x0000, 0x0000, 0x0000,
    0x0000, 0x0000, 0x0000, 0x061c, 0x0000, 0x0006, 0x1c00, 0x0000, 0x061c, 0x0000, 0x0000, 0x30e0,
    0x0000, 0x0038, 0x7000, 0x0000, 0x3870, 0x0000, 0x0000, 0x0000, 0x0000, 0x0000, 0x0000, 0x0000,
    0x0000, 0x0000, 0x0000, 0x0000, 0x0004, 0x0000, 0x0000, 0x0080, 0x0000, 0x0008, 0x5000, 0x0000,
    0x2840, 0x0000, 0x0000, 0x0000, 0x0000, 0x0000, 0x0000, 0x0000, 0x0000, 0x0000, 0x0000, 0x0000,
    0x0004, 0x0000, 0x0000, 0x0000, 0x0000, 0x0008, 0x4000, 0x0000, 0x0840, 0x0000, 0x0000, 0x0000,
    0x0000, 0x0000, 0x0000, 0x0014, 0x0000, 0x0000, 0x1400, 0x0000, 0x0014, 0x0000, 0x0000, 0x00a0,
    0x0000, 0x0028, 0x5000, 0x0000, 0x2850, 0x0000, 0x0000, 0x0000, 0x0000, 0x0000, 0x0000, 0x0014,
    0x0000, 0x0000, 0x1400, 0x0000, 0x0010, 0x0000, 0x0000, 0x00a0, 0x0000, 0x0020, 0x1000, 0x0000,
    0x2010, 0x0000, 0x0000, 0x0000, 0x0000, 0x0000, 0x0000, 0x07f8, 0x0000, 0x0007, 0xf800, 0x0000,
    0x07fc, 0x0000, 0x0000, 0x3fe0, 0x0000, 0x001f, 0xe000, 0x0000, 0x1fe0, 0x0000, 0x0000, 0x0000,
    0x0000, 0x0000, 0x0000, 0x01e0, 0x0000, 0x0001, 0xe000, 0x0000, 0x01e4, 0x0000, 0x0000, 0x1f60,
    0x0000, 0x0007, 0x8000, 0x0000, 0x0780, 0x0000, 0x0000, 0x0000, 0x0000, 0x0000, 0x0000, 0x0000,
    0x0000, 0x0000, 0x0000, 0x0000, 0x0000, 0x0000, 0x8000, 0x1040, 0x0000, 0x0000, 0x0000, 0x0000,
    0x0000, 0x0000, 0x0001, 0x0000, 0x0000, 0x0000, 0x0000, 0x07f8, 0x0000, 0x0007, 0xf800, 0x0000,
    0x07fc, 0x0000, 0x0000, 0x3fe0, 0x0000, 0x001f, 0xe000, 0x0000, 0x1fe0, 0x0000, 0x0000, 0x0000,
    0x0000, 0x0000, 0x0000, 0x07f8, 0x0000, 0x0007, 0xf800, 0x0000, 0x07fc, 0x0001, 0x0000, 0x2fa0,
    0x0000, 0x001f, 0xe000, 0x0000, 0x1fe0, 0x0000, 0x0002, 0x0000, 0x0000, 0x0000, 0x0000, 0x03b0,
    0x0000, 0x0003, 0xf000, 0x0000, 0x01f0, 0x0000, 0x0000, 0x0d80, 0x0000, 0x000d, 0xc000, 0x0000,
    0x0fc0, 0x0000, 0x0000, 0x0000, 0x0000, 0x0000, 0x0000, 0x0040, 0x0000, 0x0002, 0x1000, 0x0000,
    0x0010, 0x0000, 0x0000, 0x0200, 0x0000, 0x0002, 0x0000, 0x0000, 0x0000, 0x0000, 0x0000, 0x0000,
    0x0000, 0x0000, 0x0000, 0x0000, 0x0000, 0x0000, 0x1000, 0x0000, 0x0010, 0x0000, 0x8000, 0x0000,
    0x0000, 0x0000, 0x0000, 0x0000, 0x0000, 0x0000, 0x0001, 0x0000, 0x0000, 0x0000, 0x0000, 0x02c0,
    0x0000, 0x0002, 0xd000, 0x0000, 0x00d0, 0x0000, 0x0000, 0x0200, 0x0000, 0x000b, 0x4000, 0x0000,
    0x0b40, 0x0000, 0x0000, 0x0000, 0x0000, 0x0000, 0x0000, 0x0200, 0x0000, 0x0002, 0x0000, 0x0000,
    0x0000, 0x0001, 0x0000, 0x0000, 0x0000, 0x0008, 0x4000, 0x0000, 0x0840, 0x0000, 0x0002, 0x0000,
    0x0000, 0x0000, 0x0000, 0x03b0, 0x0000, 0x0003, 0xb000, 0x0000, 0x03b0, 0x0000, 0x0000, 0x1d80,
    0x0000, 0x000c, 0xc000, 0x0000, 0x0fc0, 0x0000, 0x0000, 0x0000, 0x0000, 0x0000, 0x0000, 0x0050,
    0x0000, 0x0002, 0x5000, 0x0000, 0x0250, 0x0000, 0x0000, 0x1200, 0x0000, 0x000b, 0x0000, 0x0000,
    0x0040, 0x0000, 0x0000, 0x0000, 0x0000, 0x0000, 0x0000, 0x0010, 0x0000, 0x0000, 0x1000, 0x0000,
    0x0010, 0x0000, 0x0000, 0x0000, 0x0000, 0x0008, 0x0000, 0x0000, 0x0040, 0x0000, 0x0000, 0x0000,
    0x0000, 0x0000, 0x0000, 0x02d0, 0x0000, 0x0002, 0xd000, 0x0000, 0x02d0, 0x0000, 0x0000, 0x1600,
    0x0000, 0x000b, 0x4000, 0x0000, 0x0b40, 0x0000, 0x0000, 0x0000, 0x0000, 0x0000, 0x0000, 0x0200,
    0x0000, 0x0002, 0x0000, 0x0000, 0x0200, 0x0000, 0x0000, 0x1000, 0x0000, 0x0000, 0x4000, 0x0000,
    0x0800, 0x0000, 0x0000, 0x0000, 0x0000, 0x0000, 0x0000, 0xf3f3, 0xe000, 0x00f3, 0x33c0, 0x0000,
    0xf333, 0xe000, 0x0007, 0x999f, 0x0000, 0x07cc, 0xcf00, 0x0003, 0xcdcf, 0x0000, 0x0000, 0x0000,
    0x0000, 0x0000, 0x0000, 0x0000, 0x2000, 0x0000, 0xc000, 0x0000, 0x00c0, 0x2000, 0x0000, 0x0610,
    0x0000, 0x0043, 0x0000, 0x0000, 0x0a00, 0x0000, 0x0000, 0x0000, 0x0000, 0x0000, 0x0000, 0xf213,
    0xc000, 0x00f2, 0x13c0, 0x0000, 0xf213, 0xc000, 0x0007, 0x900f, 0x0000, 0x0788, 0x4f00, 0x0003,
    0xc04f, 0x0000, 0x0000, 0x0000, 0x0000, 0x0000, 0x0000, 0xf3e3, 0xe000, 0x00f3, 0xf3c0, 0x0000,
    0xf3e3, 0xe000, 0x0007, 0x9f9f, 0x0000, 0x07cf, 0xcf00, 0x0003, 0xcfcf, 0x0000, 0x0000, 0x0000,
    0x0000, 0x0000, 0x0000, 0x0010, 0x6000, 0x0020, 0x1140, 0x0000, 0x0010, 0x2000, 0x0000, 0x0012,
    0x0000, 0x0248, 0x4000, 0x0002, 0x8040, 0x0000, 0x0000, 0x0000, 0x0000, 0x0000, 0x0001, 0x73f3,
    0x6000, 0x0163, 0xf360, 0x0001, 0x12f3, 0x3000, 0x0009, 0x9f99, 0x8000, 0x06cf, 0x4480, 0x0006,
    0x4b43, 0x8000, 0x0000, 0x0000, 0x0000, 0x0000, 0x0001, 0x8802, 0x8000, 0x0092, 0x1280, 0x0000,
    0xf112, 0xd000, 0x0006, 0x40c7, 0x8000, 0x0508, 0x9b00, 0x0001, 0xcc9c, 0x0000, 0x0000, 0x0000,
    0x0000, 0x0000, 0x0000, 0x0af0, 0x2000, 0x0100, 0xc020, 0x0001, 0x02e0, 0x2000, 0x0008, 0x5f50,
    0x0000, 0x0047, 0x5080, 0x0004, 0x0350, 0x8000, 0x0000, 0x0000, 0x0000, 0x0000, 0x0001, 0xfb03,
    0xe000, 0x01f1, 0x33e0, 0x0001, 0xf313, 0xf000, 0x000f, 0xd0df, 0x8000, 0x07c0, 0xdf80, 0x0007,
    0xc4df, 0x8000, 0x0000, 0x0000, 0x0000, 0x0000, 0x0001, 0x08f0, 0x2000, 0x0002, 0xc020, 0x0000,
    0x00e0, 0x3000, 0x0000, 0x4f50, 0x8000, 0x004f, 0x5000, 0x0004, 0x0b50, 0x0000, 0x0000, 0x0000,
    0x0000, 0x0000, 0x0002, 0x0ffe, 0x0800, 0x020f, 0xfe08, 0x0003, 0x1ffe, 0x0800, 0x0018, 0x7ff8,
    0xc000, 0x107f, 0xf000, 0x0000, 0x7ff0, 0x0000, 0x0000, 0x0000, 0x0000, 0x0000, 0x0003, 0xffff,
    0xf800, 0x03ff, 0xfff8, 0x0002, 0xfffd, 0xf000, 0x0017, 0xfff7, 0x0000, 0x0fff, 0xffc0, 0x000f,
    0xffff, 0xc000, 0x0000, 0x0000, 0x0000, 0x0000, 0x0000, 0x07fc, 0x0000, 0x000f, 0xfc00, 0x0000,
    0x0ffe, 0x0800, 0x0000, 0x7fe0, 0x4000, 0x103f, 0xf000, 0x0000, 0x3ff0, 0x0000, 0x0000, 0x0000,
    0x0000, 0x0000, 0x0003, 0xf003, 0xf800, 0x03f0, 0x03f8, 0x0003, 0xf001, 0xf800, 0x001f, 0x800f,
    0xc000, 0x1f80, 0x0fc0, 0x000f, 0xc00f, 0xc000, 0x0000, 0x0000, 0x0000, 0x0000, 0x0000, 0x0800,
    0x0800, 0x0000, 0x0008, 0x0000, 0x0002, 0x0000, 0x0000, 0x0010, 0x4000, 0x0040, 0x0000, 0x0000,
    0x0000, 0x0000, 0x0000, 0x0000, 0x0000, 0x0000, 0x0003, 0x0e0e, 0x0800, 0x030c, 0x0e08, 0x0002,
    0x1e0e, 0x0800, 0x0010, 0x7070, 0x4000, 0x1870, 0x3000, 0x0000, 0x7070, 0x0000, 0x0000, 0x0000,
    0x0000, 0x0000, 0x0002, 0xfdff, 0xf800, 0x02ff, 0xfff8, 0x0003, 0xedff, 0xf000, 0x001f, 0xefff,
    0x8000, 0x07ff, 0xffc0, 0x000f, 0xffbf, 0xc000, 0x0000, 0x0000, 0x0000, 0x0000, 0x0000, 0x040c,
    0x0000, 0x000c, 0x0c00, 0x0000, 0x1c0c, 0x0800, 0x0000, 0x6060, 0x4000, 0x1030, 0x3000, 0x0000,
    0x3030, 0x0000, 0x0000, 0x0000, 0x0000, 0x0000, 0x0003, 0xf003, 0xf800, 0x03f0, 0x03f8, 0x0003,
    0xe003, 0xf800, 0x001f, 0x800f, 0xc000, 0x1f80, 0x0fc0, 0x000f, 0xc00f, 0xc000, 0x0000, 0x0000,
    0x0000, 0x0000, 0x0000, 0x0bf0, 0x0800, 0x0003, 0xf008, 0x0000, 0x13f0, 0x0000, 0x0000, 0x1f90,
    0x4000, 0x004f, 0xc000, 0x0000, 0x0fc0, 0x0000, 0x0000, 0x0000, 0x0000, 0x0000, 0x0003, 0x0e0f,
    0x1800, 0x033c, 0x0f18, 0x0003, 0x3e0f, 0x1800, 0x0019, 0xf078, 0xc000, 0x18f0, 0x3c80, 0x0000,
    0xf074, 0x0000, 0x0000, 0x0000, 0x0000, 0x0000, 0x0002, 0xfc0c, 0xe800, 0x02cc, 0x0ce8, 0x0002,
    0xce0c, 0xe000, 0x0016, 0x2037, 0x0000, 0x0770, 0x3340, 0x000f, 0x707b, 0xc000, 0x0000, 0x0000,
    0x0000, 0x0000, 0x0000, 0x05fe, 0x0000, 0x000d, 0xfe00, 0x0000, 0x1ffe, 0x0800, 0x0000, 0x2fa0,
    0x4000, 0x1037, 0xb000, 0x0000, 0x3ff0, 0x0000, 0x0000, 0x0000, 0x0000, 0x0000, 0x0003, 0xf201,
    0xf800, 0x03f0, 0x01f8, 0x0003, 0xe201, 0xf800, 0x001f, 0x900f, 0xc000, 0x1fc0, 0x0fc0, 0x000f,
    0xc04f, 0xc000, 0x0000, 0x0000, 0x0000, 0x0000, 0x0000, 0x0a02, 0x0800, 0x0002, 0x0208, 0x0000,
    0x1002, 0x0000, 0x0000, 0x5050, 0x4000, 0x0008, 0x4000, 0x0000, 0x0000, 0x0000, 0x0000, 0x0000,
    0x0000, 0x0300, 0x0003, 0x7e0f, 0xb000, 0x037c, 0x1fb0, 0x0003, 0x7e1f, 0xf000, 0x001b, 0xf07d,
    0xc000, 0x0df0, 0x3ec0, 0x000d, 0xf07e, 0xc000, 0x0000, 0x0000, 0x0000, 0x0000, 0x0000, 0xbc0f,
    0xe000, 0x00bc, 0x1fe0, 0x0000, 0xfe1f, 0xa000, 0x0015, 0xe03f, 0x4000, 0x07f0, 0x3d00, 0x0007,
    0xf03d, 0x0000, 0x0000, 0x0000, 0x0000, 0x0300, 0x0003, 0x4dfc, 0x1000, 0x034d, 0xec10, 0x0003,
    0x0fec, 0x1000, 0x000a, 0x6fa0, 0x8000, 0x0837, 0xb2c0, 0x0008, 0x3fb2, 0xc000, 0x0000, 0x0000,
    0x0000, 0x0300, 0x0003, 0x8200, 0x7000, 0x0380, 0x0070, 0x0003, 0xc200, 0xf000, 0x001c, 0x1003,
    0xc000, 0x0e00, 0x01c0, 0x000f, 0x0041, 0xc000, 0x0000, 0x0000, 0x0000, 0x0000, 0x0000, 0x7203,
    0x8000, 0x0072, 0x0380, 0x0000, 0x3003, 0x0000, 0x0013, 0x905c, 0x4000, 0x01c8, 0x4e80, 0x0000,
    0xc04e, 0x8000, 0x0000, 0x0000, 0x0000, 0x0000, 0x0000, 0x7e0f, 0xe000, 0x00fe, 0x1fe0, 0x0000,
    0xfe1f, 0xe000, 0x0003, 0xf07f, 0x0000, 0x07f8, 0x7f00, 0x0007, 0xf87f, 0x0000, 0x0000, 0x0000,
    0x0000, 0x0300, 0x0000, 0xbd3f, 0x8000, 0x003d, 0x6f00, 0x0000, 0x3def, 0x8000, 0x0005, 0xeffc,
    0x0000, 0x01f7, 0xbe00, 0x0001, 0xf3bc, 0x0000, 0x0000, 0x0000, 0x0000, 0x0000, 0x0000, 0x7ccf,
    0xa000, 0x007c, 0x8f20, 0x0000, 0x7c0f, 0x2000, 0x0003, 0xe07d, 0x0000, 0x05f0, 0x3c00, 0x0004,
    0xf43e, 0x0000, 0x0000, 0x0000, 0x0000, 0x0300, 0x0000, 0x8000, 0x6000, 0x0080, 0x0060, 0x0000,
    0x8000, 0x6000, 0x0004, 0x0003, 0x0000, 0x0600, 0x0100, 0x0006, 0x0001, 0x0000, 0x0000, 0x0000,
    0x0000, 0x0000, 0x0000, 0x43f0, 0x0000, 0x0043, 0xf080, 0x0000, 0x43f0, 0x8000, 0x0002, 0x1f81,
    0x0000, 0x040f, 0xc200, 0x0001, 0x0fc2, 0x0000, 0x0000, 0x0000, 0x0000, 0x0300, 0x0000, 0x8ffc,
    0x4000, 0x008f, 0xfc40, 0x0000, 0x8ffc, 0x4000, 0x0004, 0x7fe2, 0x0000, 0x063f, 0xf100, 0x0002,
    0x3ff1, 0x0000, 0x0000, 0x0000, 0x0000, 0x0000, 0x0000, 0x5ffe, 0x0000, 0x005f, 0xfe80, 0x0000,
    0x5ffe, 0x8000, 0x0003, 0xfffc, 0x0000, 0x057f, 0xfa00, 0x0001, 0x7ffe, 0x0000, 0x0000, 0x0000,
    0x0000, 0x0300, 0x0000, 0xdffe, 0x4000, 0x00df, 0xfec0, 0x0000, 0xdffe, 0xc000, 0x0007, 0xfffe,
    0x0000, 0x037f, 0xfb00, 0x0003, 0x7fff, 0x0000, 0x0000, 0x0000, 0x0000, 0x0300, 0x0000, 0xd002,
    0x4000, 0x00d0, 0x02c0, 0x0000, 0xd002, 0xc000, 0x0007, 0x801e, 0x0000, 0x0740, 0x0b00, 0x0003,
    0x400f, 0x0000, 0x0000, 0x0000, 0x0000, 0x0000, 0x0000, 0x5002, 0x0000, 0x0050, 0x0280, 0x0000,
    0x5002, 0x8000, 0x0003, 0x801c, 0x0000, 0x0540, 0x0a00, 0x0001, 0x400e, 0x0000, 0x0000, 0x0000,
    0x0000, 0x0000, 0x0000, 0x041c, 0x0000, 0x000e, 0x0c00, 0x0000, 0x0e1c, 0x0000, 0x0000, 0x2060,
    0x0000, 0x0038, 0x7000, 0x0000, 0x3070, 0x0000, 0x0000, 0x0000, 0x0000, 0x0000, 0x0000, 0x0e1c,
    0x0000, 0x000c, 0x0c00, 0x0000, 0x0c1c, 0x0000, 0x0000, 0x7030, 0x0000, 0x0070, 0x3000, 0x0000,
    0x3030, 0x0000, 0x0000, 0x0000, 0x0000, 0x0000, 0x0000, 0x0dec, 0x0000, 0x000d, 0xec00, 0x0000,
    0x0dfc, 0x0000, 0x0000, 0x6fb0, 0x0000, 0x0077, 0xb000, 0x0000, 0x37b0, 0x0000, 0x0000, 0x0000,
    0x0000, 0x0000, 0x0000, 0x0800, 0x0000, 0x0002, 0x0000, 0x0000, 0x0210, 0x0000, 0x0000, 0x4010,
    0x0000, 0x0048, 0x4000, 0x0000, 0x0040, 0x0000, 0x0000, 0x0000, 0x0000, 0x0000, 0x0000, 0x0a00,
    0x0000, 0x0002, 0x1000, 0x0000, 0x0200, 0x0000, 0x0000, 0x5050, 0x0000, 0x0048, 0x4000, 0x0000,
    0x0840, 0x0000, 0x0000, 0x0000, 0x0000, 0x0000, 0x0000, 0x7e0e, 0x8000, 0x005e, 0x1f80, 0x0000,
    0x5e1f, 0x8000, 0x0002, 0xf07c, 0x0000, 0x0170, 0x7a00, 0x0001, 0x707e, 0x0000, 0x0000, 0x0000,
    0x0000, 0x0000, 0x0000, 0x740f, 0x0000, 0x003e, 0x1f00, 0x0000, 0x3c1f, 0x0000, 0x0003, 0xe034,
    0x0000, 0x01f0, 0x7c00, 0x0000, 0xf06e, 0x0000, 0x0000, 0x0000, 0x0000, 0x0000, 0x0000, 0x05fc,
    0x8000, 0x004f, 0xec80, 0x0000, 0x4dec, 0x8000, 0x0000, 0x6fa8, 0x0000, 0x0037, 0xf200, 0x0001,
    0x3fe0, 0x0000, 0x0000, 0x0000, 0x0000, 0x0000, 0x0000, 0x7201, 0x8000, 0x0072, 0x0180, 0x0000,
    0x7203, 0x8000, 0x0003, 0x9004, 0x0000, 0x0180, 0x4e00, 0x0001, 0x804e, 0x0000, 0x0000, 0x0000,
    0x0000, 0x0000, 0x0000, 0x4a02, 0x8000, 0x0000, 0x0280, 0x0000, 0x0200, 0x8000, 0x0002, 0x1058,
    0x0000, 0x0048, 0x0000, 0x0001, 0x4012, 0x0000, 0x0000, 0x0000, 0x0000, 0x0000, 0x0000, 0x4a03,
    0x8000, 0x0064, 0x0280, 0x0000, 0x7c13, 0x8000, 0x0002, 0x703c, 0x0000, 0x0150, 0x3600, 0x0001,
    0xc056, 0x0000, 0x0000, 0x0000, 0x0000, 0x0000, 0x0000, 0x740e, 0x8000, 0x001c, 0x0f80, 0x0000,
    0x0c1e, 0x8000, 0x0001, 0xe074, 0x0000, 0x01f0, 0x3800, 0x0001, 0x702a, 0x0000, 0x0000, 0x0000,
    0x0000, 0x0000, 0x0000, 0x05fc, 0x0000, 0x004d, 0xfc00, 0x0000, 0x5dec, 0x0000, 0x0002, 0x6fa0,
    0x0000, 0x0037, 0xb200, 0x0000, 0x3fa0, 0x0000, 0x0000, 0x0000, 0x0000, 0x0000, 0x0000, 0x760f,
    0x8000, 0x0078, 0x0f80, 0x0000, 0x600f, 0x8000, 0x0003, 0x901c, 0x0000, 0x01e0, 0x0e00, 0x0001,
    0xf06e, 0x0000, 0x0000, 0x0000, 0x0000, 0x0000, 0x0000, 0x4e0c, 0x0000, 0x000a, 0x0c00, 0x0000,
    0x520c, 0x0000, 0x0000, 0x1040, 0x0000, 0x0028, 0x4000, 0x0000, 0x3072, 0x0000, 0x0000, 0x0000,
    0x0000, 0x0000, 0x0000, 0x49b2, 0x8000, 0x0061, 0xa380, 0x0000, 0x71e3, 0x8000, 0x0003, 0x0d94,
    0x0000, 0x01c5, 0x8200, 0x0001, 0x4596, 0x0003, 0x0000, 0x0000, 0x0000, 0x0000, 0x0000, 0x7971,
    0x8000, 0x0011, 0x6280, 0x0000, 0x1122, 0x8000, 0x0000, 0x8b8c, 0x0000, 0x0106, 0x8c00, 0x0001,
    0xc69a, 0x0003, 0x0000, 0x0000, 0x0000, 0x0000, 0x0000, 0x0132, 0x0000, 0x0041, 0x2000, 0x0000,
    0x4120, 0x0000, 0x0002, 0x0990, 0x0000, 0x0044, 0x8200, 0x0000, 0x0480, 0x0000, 0x0000, 0x0000,
    0x0000, 0x0000, 0x0000, 0x7883, 0x8000, 0x0072, 0x9380, 0x0000, 0x72d3, 0x8000, 0x0003, 0x841c,
    0x0000, 0x01c1, 0x4e00, 0x0001, 0xc91e, 0x0003, 0x0000, 0x0000, 0x0000, 0x0000, 0x0000, 0x49f2,
    0x0000, 0x0003, 0xf000, 0x0000, 0x43f0, 0x0000, 0x0000, 0x0f90, 0x0000, 0x0047, 0xc000, 0x0000,
    0x0f92, 0x0003, 0x0000, 0x0000, 0x0000, 0x0000, 0x0000, 0x7843, 0x8000, 0x0060, 0xc380, 0x0000,
    0x70c3, 0x8000, 0x0003, 0x021c, 0x0000, 0x01c3, 0x0600, 0x0001, 0xc31e, 0x0003, 0x0000, 0x0000,
    0x0000, 0x0000, 0x0000, 0x48c2, 0x0000, 0x0010, 0xc280, 0x0000, 0x10c2, 0x8000, 0x0000, 0x8700,
    0x0000, 0x0043, 0x0800, 0x0001, 0x4312, 0x0000, 0x0000, 0x0000, 0x0000, 0x0000, 0x0000, 0x00c0,
    0x8000, 0x0040, 0xc000, 0x0000, 0x40c0, 0x0000, 0x0002, 0x0714, 0x0000, 0x0103, 0x0200, 0x0000,
    0x0300, 0x0000, 0x0000, 0x0000, 0x0000, 0x0000, 0x0000, 0x7883, 0x0000, 0x0070, 0x0380, 0x0000,
    0x7003, 0x8000, 0x0003, 0x8518, 0x0000, 0x00c0, 0x0e00, 0x0001, 0xc01e, 0x0000, 0x0000, 0x0000,
    0x0000, 0x0000, 0x0000, 0x4880, 0x8000, 0x0000, 0x0000, 0x0000, 0x4000, 0x0000, 0x0000, 0x0514,
    0x0000, 0x0100, 0x0000, 0x0000, 0x0012, 0x0000, 0x0000, 0x0000, 0x0000, 0x0000, 0x0000, 0x3043,
    0x8000, 0x0070, 0xc380, 0x0000, 0x7043, 0x8000, 0x0003, 0x821c, 0x0000, 0x01c2, 0x0e00, 0x0001,
    0xc20e, 0x0003, 0x0000, 0x0000, 0x0000, 0x0000, 0x0000, 0x30c1, 0x0000, 0x0020, 0xc100, 0x0000,
    0x20c1, 0x0000, 0x0003, 0x8608, 0x0000, 0x0083, 0x0c00, 0x0000, 0x830e, 0x0000, 0x0000, 0x0000,
    0x0000, 0x0000, 0x0000, 0x00c2, 0x8000, 0x0050, 0xc280, 0x0000, 0x50c2, 0x8000, 0x0000, 0x0614,
    0x0000, 0x0143, 0x0200, 0x0001, 0x4300, 0x0000, 0x0000, 0x0000, 0x0000, 0x0000, 0x0000, 0x3083,
    0x8000, 0x0070, 0x0380, 0x0000, 0x7083, 0x8000, 0x0003, 0x841c, 0x0000, 0x01c1, 0x0e00, 0x0001,
    0xc10e, 0x0003, 0x0000, 0x0000, 0x0000, 0x0000, 0x0000, 0x0080, 0x0000, 0x0010, 0x0000, 0x0000,
    0x1080, 0x0000, 0x0002, 0x0404, 0x0000, 0x0101, 0x0000, 0x0000, 0x0102, 0x0003, 0x0000, 0x0000,
    0x0000, 0x0000, 0x0000, 0x0000, 0x0000, 0x0000, 0x0000, 0x0000, 0x0000, 0x0000, 0x0000, 0x0000,
    0x0000, 0x0000, 0x0000, 0x0000, 0x0000, 0x0000, 0x0000, 0x0000, 0x0000, 0x0000, 0x0000, 0x0000,
    0x0000, 0x0000, 0x0000, 0x0000, 0x0000, 0x0000, 0x0000, 0x0000, 0x0000, 0x0000, 0x0000, 0x0000,
    0x0000, 0x0000, 0x0000, 0x0000, 0x0000, 0x0000, 0x0000, 0x0000, 0x0000, 0x0000, 0x0000, 0x0000,
    0x0000, 0x0000, 0x0000, 0x0000, 0x0000, 0x0000, 0x0000, 0x0000, 0x0000, 0x0000, 0x0000, 0x0000,
    0x0000, 0x0000, 0x0000, 0x0000, 0x0000, 0x0000, 0x0000, 0x0000, 0x0000, 0x0000, 0x0000, 0x0000,
    0x0000, 0x0000, 0x0000, 0x0000, 0x0000, 0x0000, 0x0000, 0x0000, 0x0000, 0x0000, 0x0000, 0x0000,
    0x0000, 0x0000, 0x0000, 0x0000, 0x0000, 0x0000, 0x0000, 0x0000, 0x0000, 0x0000, 0x0000, 0x0000,
    0x0000, 0x0000, 0x0000, 0x0000, 0x0000, 0x0000, 0x0000, 0x0000, 0x0000, 0x0000, 0x0000, 0x0000,
    0x0000, 0x0000, 0x0000, 0x0000, 0x0000, 0x0000, 0x0000, 0x0000, 0x0000, 0x0000, 0x0000, 0x0000,
    0x0000, 0x0000, 0x0000, 0x0000, 0x0000, 0x0000, 0x0000, 0x0000, 0x0000, 0x0000, 0x0000, 0x0000,
    0x0000, 0x0000, 0x0000, 0x0000, 0x0000, 0x0000, 0x0000, 0x0000, 0x0000, 0x0000, 0x0000, 0x0000,
    0x0000, 0x0000, 0x0000, 0x0000, 0x0000, 0x0000, 0x0000, 0x0000, 0x0000, 0x0000, 0x0000, 0x0000,
    0x0000, 0x0000, 0x0000, 0x0000, 0x0000, 0x0000, 0x0000, 0x0000, 0x0000, 0x0000, 0x0000, 0x0000,
    0x0000, 0x0000, 0x0000, 0x0000, 0x0000, 0x0000, 0x0000, 0x0000, 0x0000, 0x0000, 0x0000, 0x0000,
    0x0000, 0x0000, 0x0000, 0x0000, 0x0000, 0x0000, 0x0000, 0x0000, 0x0000, 0x0000, 0x0000, 0x0000,
    0x0000, 0x0000, 0x0000, 0x0000, 0x0000, 0x0000, 0x0000, 0x0000, 0x0000, 0x0000, 0x0000, 0x0000,
    0x0000, 0x0000, 0x0000, 0x0000, 0x0000, 0x0001, 0x8000, 0x0000, 0x0000, 0x0000, 0x0000, 0x0000,
    0x0000, 0x0000, 0x0000, 0x0000, 0x0000, 0x0000, 0x0000, 0x0000, 0x0000, 0x0000, 0x0000, 0x0000,
    0x0000, 0x0001, 0x0000, 0x0000, 0x0000, 0x0000, 0x0000, 0x0000, 0x0000, 0x0000, 0x0000, 0x0000,
    0x0000, 0x0000, 0x0000, 0x0000, 0x0000, 0x0000, 0x0000, 0x0000, 0x0000, 0x0001, 0x0000, 0x0000,
    0x0000, 0x0000, 0x0000, 0x0000, 0x0000, 0x0000, 0x0000, 0x0000, 0x0000, 0x0000, 0x0000, 0x0000,
    0x0000, 0x0000, 0x0000, 0x0000, 0x0000, 0x0001, 0x0000, 0x0000, 0x0000, 0x0000, 0x0000, 0x0000,
    0x0000, 0x0000, 0x0000, 0x0000, 0x0000, 0x0000, 0x0000, 0x0000, 0x0000, 0x0000, 0x0000, 0x0000,
    0x0000, 0x0000, 0x0000, 0x0000, 0x0000, 0x0000, 0x0000, 0x0000, 0x0000, 0x0000, 0x0000, 0x0000,
    0x0000, 0x0000, 0x0000, 0x0000, 0x0000, 0x0000, 0x0000, 0x0000, 0x0000, 0x0001, 0xc000, 0x0000,
    0x0000, 0x0000, 0x0000, 0x0000, 0x0000, 0x0000, 0x0000, 0x0000, 0x0000, 0x0000, 0x0000, 0x0000,
    0x0000, 0x0000, 0x0000, 0x0000, 0x0000, 0x0000, 0x4000, 0x0000, 0x0000, 0x0000, 0x0000, 0x0000,
    0x0000, 0x0000, 0x0000, 0x0000, 0x0000, 0x0000, 0x0000, 0x0000, 0x0000, 0x0000, 0x0000, 0x0000,
    0x0000, 0x0000, 0x0000, 0x0000, 0x0000, 0x0000, 0x0000, 0x0000, 0x0000, 0x0000, 0x0000, 0x0000,
    0x0000, 0x0000, 0x0000, 0x0000, 0x0000, 0x0000, 0x0000, 0x0000, 0x0000, 0x0000, 0x4000, 0x0000,
    0x0000, 0x0000, 0x0000, 0x0000, 0x0000, 0x0000, 0x0000, 0x0000, 0x0000, 0x0000, 0x0000, 0x0000,
    0x0000, 0x0000, 0x0000, 0x0000, 0x0000, 0x0000, 0x4000, 0x0000, 0x0000, 0x0000, 0x0000, 0x0000,
    0x0000, 0x0000, 0x0000, 0x0000, 0x0000, 0x0000, 0x0000, 0x0000, 0x0000, 0x0000, 0x0000, 0x0000,
    0x0000, 0x0001, 0xc000, 0x0000, 0x0000, 0x0000, 0x0000, 0x0000, 0x0000, 0x0000, 0x0000, 0x0000,
    0x0000, 0x0000, 0x0000, 0x0000, 0x0000, 0x0000, 0x0000, 0x0000, 0x0000, 0x0001, 0x4000, 0x0000,
    0x0000, 0x0000, 0x0000, 0x0000, 0x0000, 0x0000, 0x0000, 0x0000, 0x0000, 0x0000, 0x0000, 0x0000,
    0x0000, 0x0000, 0x0000, 0x0000, 0x0000, 0x0001, 0x0000, 0x0000, 0x0000, 0x0000, 0x0000, 0x0000,
    0x0000, 0x0000, 0x0000, 0x0000, 0x0000, 0x0000, 0x0000, 0x0000, 0x0000, 0x0000, 0x0000, 0x0000,
    0x0000, 0x0001, 0x4000, 0x0000, 0x0000, 0x0000, 0x0000, 0x0000, 0x0000, 0x0000, 0x0000, 0x0000,
    0x0000, 0x0000, 0x0000, 0x0000, 0x0000, 0x0000, 0x0000, 0x0000, 0x0000, 0x0000, 0x4000, 0x0000,
    0x0000, 0x0000, 0x0000, 0x0000, 0x0000, 0x0000, 0x0000, 0x0000, 0x0000, 0x0000, 0x0000, 0x0000,
    0x0000, 0x0000, 0x0000, 0x0000, 0x0000, 0x0001, 0x8000, 0x0000, 0x0000, 0x0000, 0x0000, 0x0000,
    0x0000, 0x0000, 0x0000, 0x0000, 0x0000, 0x0000, 0x0000, 0x0000, 0x0000, 0x0000, 0x0000, 0x0000,
    0x0000, 0x0001, 0x0000, 0x0000, 0x0000, 0x0000, 0x0000, 0x0000, 0x0000, 0x0000, 0x0000, 0x0000,
    0x0000, 0x0000, 0x0000, 0x0000, 0x0000, 0x0000, 0x0000, 0x0000, 0x0000, 0x0001, 0x0000, 0x0000,
    0x0000, 0x0000, 0x0000, 0x0000, 0x0000, 0x0000, 0x0000, 0x0000, 0x0000, 0x0000, 0x0000, 0x0000,
    0x0000, 0x0000, 0x0000, 0x0000, 0x0000, 0x0001, 0x0000, 0x0000, 0x0000, 0x0000, 0x0000, 0x0000,
    0x0000, 0x0000, 0x0000, 0x0000, 0x0000, 0x0000, 0x0000, 0x0000, 0x0000, 0x0000, 0x0000, 0x0000,
    0x0000, 0x0000, 0x0000, 0x0000, 0x0000, 0x0000, 0x0000, 0x0000, 0x0000, 0x0000, 0x0000, 0x0000,
    0x0000, 0x0000, 0x0000, 0x0000, 0x0000, 0x0000, 0x0000, 0x0000, 0x0000, 0x0001, 0x8000, 0x0000,
    0x0000, 0x0000, 0x0000, 0x0000, 0x0000, 0x0000, 0x0000, 0x0000, 0x0000, 0x0000, 0x0000, 0x0000,
    0x0000, 0x0000, 0x0000, 0x0000, 0x0000, 0x0001, 0x0000, 0x0000, 0x0000, 0x0000, 0x0000, 0x0000,
    0x0000, 0x0000, 0x0000, 0x0000, 0x0000, 0x0000, 0x0000, 0x0000, 0x0000, 0x0000, 0x0000, 0x0000,
    0x0000, 0x0001, 0x0000, 0x0000, 0x0000, 0x0000, 0x0000, 0x0000, 0x0000, 0x0000, 0x0000, 0x0000,
    0x0000, 0x0000, 0x0000, 0x0000, 0x0000, 0x0000, 0x0000, 0x0000, 0x0000, 0x0001, 0x0000, 0x0000,
    0x0000, 0x0000, 0x0000, 0x0000, 0x0000, 0x0000, 0x0000, 0x0000, 0x0060, 0x0000, 0x0000, 0x0000,
    0x0000, 0x0000, 0x0000, 0x0000, 0x0000, 0x0000, 0x0000, 0x0000, 0x0000, 0x0000, 0x0000, 0x0000,
    0x0000, 0x0000, 0x0000, 0x0000, 0x0000, 0x0000, 0x0600, 0x0000, 0x0000, 0x0000, 0x0000, 0x0000,
    0x0000, 0x0001, 0x8000, 0x0000, 0x0000, 0x0000, 0x0000, 0x0000, 0x0000, 0x0000, 0x0000, 0x0000,
    0x0000, 0x0000, 0x0000, 0x0000, 0x0000, 0x0000, 0x0000, 0x0000, 0x0000, 0x0001, 0x0000, 0x0000,
    0x0000, 0x0000, 0x0000, 0x0000, 0x0000, 0x0000, 0x0000, 0x0000, 0x0040, 0x0000, 0x0000, 0x0000,
    0x0000, 0x0000, 0x0000, 0x0c00, 0x0000, 0x0001, 0x0000, 0x0000, 0x0000, 0x0000, 0x0000, 0x0000,
    0x0000, 0x0000, 0x0000, 0x0000, 0x0000, 0x0000, 0x0400, 0x0000, 0x0000, 0x0000, 0x0000, 0x0000,
    0x0000, 0x0001, 0x0000, 0x0000, 0x0000, 0x0000, 0x0000, 0x0000, 0x0000, 0x0000, 0x0000, 0x0000,
    0x0020, 0x0000, 0x0400, 0x0000, 0x0000, 0x0000, 0x0000, 0x0000, 0x0000, 0x0000, 0x0000, 0x0000,
    0x0000, 0x0000, 0x0000, 0x0000, 0x0000, 0x0000, 0x0000, 0x0000, 0x0000, 0x0000, 0x0600, 0x0000,
    0x0000, 0x0000, 0x0000, 0x0000, 0x0000, 0x0001, 0x8000, 0x0000, 0x0000, 0x0000, 0x0000, 0x0000,
    0x0000, 0x0000, 0x0000, 0x0000, 0x0000, 0x0000, 0x0000, 0x0000, 0x0000, 0x0000, 0x0000, 0x0000,
    0x0000, 0x0000, 0x0000, 0x0000, 0x0000, 0x0000, 0x0000, 0x0000, 0x0000, 0x0000, 0x0000, 0x0000,
    0x0000, 0x0000, 0x0000, 0x0000, 0x0000, 0x0000, 0x0000, 0x0000, 0x0000, 0x0000, 0x0000, 0x0000,
    0x0000, 0x0000, 0x0000, 0x0000, 0x0000, 0x0000, 0x0000, 0x0000, 0x0000, 0x0000, 0x0400, 0x0000,
    0x0000, 0x0000, 0x0000, 0x0000, 0x0000, 0x0000, 0x0000, 0x0000, 0x0000, 0x0000, 0x0000, 0x0000,
    0x0000, 0x0000, 0x0000, 0x0000, 0x0000, 0x0000, 0x0400, 0x0000, 0x0000, 0x0000, 0x0000, 0x0c00,
    0x0000, 0x0000, 0x0000, 0x0000, 0x0000, 0x0000, 0x0000, 0x0000, 0x0000, 0x0000, 0x0000, 0x0000,
    0x0000, 0x0000, 0x0000, 0x0000, 0x000c, 0x0000, 0x0000, 0x0000, 0x0000, 0x0001, 0x8000, 0x0000,
    0x0040, 0x0000, 0x0000, 0x4000, 0x0000, 0x0000, 0x0000, 0x0000, 0x0000, 0x0000, 0x0000, 0x0000,
    0x0000, 0x0000, 0x0000, 0x0000, 0x0000, 0x0001, 0x8000, 0x0000, 0x0040, 0x0000, 0x0000, 0x0000,
    0x0000, 0x0000, 0x0000, 0x0000, 0x0000, 0x0000, 0x0000, 0x0000, 0x000c, 0x0000, 0x0000, 0x0000,
    0x0000, 0x0001, 0x8000, 0x0000, 0x0040, 0x0000, 0x0000, 0x0000, 0x0000, 0x0000, 0x0000, 0x0000,
    0x0000, 0x0000, 0x0000, 0x0000, 0x000c, 0x0000, 0x0000, 0x0000, 0x0000, 0x0001, 0x8000, 0x0000,
    0x0000, 0x0000, 0x0000, 0x4000, 0x0000, 0x0000, 0x0000, 0x0000, 0x0000, 0x0000, 0x0000, 0x0000,
    0x0000, 0x0000, 0x0000, 0x0000, 0x0000, 0x0000, 0x0000, 0x0000, 0x0040, 0x0000, 0x0000, 0x4000,
    0x0000, 0x0000, 0x0000, 0x0000, 0x0000, 0x0000, 0x0000, 0x0000, 0x0000, 0x0000, 0x0000, 0x0000,
    0x0000, 0x0000, 0x0000, 0x0000, 0x0020, 0x0000, 0x0000, 0x6000, 0x0000, 0x0000, 0x0000, 0x0000,
    0x0000, 0x0000, 0x0000, 0x0000, 0x000c, 0x0000, 0x0000, 0x0000, 0x0000, 0x0000, 0x0000, 0x0000,
    0x0020, 0x0000, 0x0000, 0x2000, 0x0000, 0x0000, 0x0000, 0x0000, 0x0000, 0x0000, 0x0000, 0x0000,
    0x0000, 0x0000, 0x0000, 0x0000, 0x0000, 0x0000, 0x0000, 0x0000, 0x0060, 0x0000, 0x0000, 0x2000,
    0x0000, 0x0000, 0x0000, 0x0000, 0x0000, 0x0000, 0x0000, 0x0000, 0x000c, 0x0000, 0x0000, 0x0000,
    0x0000, 0x0000, 0x0000, 0x0000, 0x0000, 0x0000, 0x0000, 0x2000, 0x0000, 0x0000, 0x0000, 0x0000,
    0x0000, 0x0000, 0x0000, 0x0000, 0x0000, 0x0000, 0x0000, 0x0000, 0x0000, 0x0000, 0x0000, 0x0000,
    0x00a0, 0x0000, 0x0000, 0x0000, 0x0000, 0x0000, 0x0000, 0x0000, 0x0000, 0x0000, 0x0000, 0x0000,
    0x000c, 0x0000, 0x0000, 0x0000, 0x0000, 0x0000, 0x0000, 0x0000, 0x0040, 0x0000, 0x0000, 0x6000,
    0x0000, 0x0000, 0x0000, 0x0000, 0x0000, 0x0000, 0x0000, 0x0000, 0x0000, 0x0000, 0x0000, 0x0000,
    0x0000, 0x0000, 0x0000, 0x0000, 0x0040, 0x0000, 0x0000, 0x2000, 0x0000, 0x0000, 0x0000, 0x0000,
    0x0000, 0x0000, 0x0000, 0x0000, 0x000c, 0x0000, 0x0000, 0x0000, 0x0000, 0x0000, 0x0000, 0x0000,
    0x0040, 0x0000, 0x0000, 0x0000, 0x0000, 0x0000, 0x0000, 0x0000, 0x0000, 0x0000, 0x0000, 0x0000,
    0x000c, 0x0000, 0x0000, 0x0000, 0x0000, 0x0000, 0x0000, 0x0000, 0x0000, 0x0000, 0x0000, 0x6000,
    0x0000, 0x0000, 0x0000, 0x0000, 0x0000, 0x0000, 0x0000, 0x0000, 0x0000, 0x0000, 0x0000, 0x0000,
    0x0000, 0x0000, 0x0000, 0x0000, 0x0040, 0x0000, 0x0000, 0x6000, 0x0000, 0x0000, 0x0000, 0x0000,
    0x0000, 0x0000, 0x0000, 0x0000, 0x0000, 0x0000, 0x0000, 0x0000, 0x0000, 0x0000, 0x0000, 0x0000,
    0x0000, 0x0000, 0x0000, 0x0000, 0x0000, 0x0000, 0x0000, 0x0000, 0x0000, 0x0000, 0x0000, 0x0000,
    0x0000, 0x0000, 0x0000, 0x0000, 0x0000, 0x0000, 0x0000, 0x0000, 0x0000, 0x0000, 0x0000, 0x0000,
    0x0000, 0x0000, 0x0000, 0x0000, 0x0000, 0x0000, 0x0000, 0x0000, 0x0000, 0x0000, 0x0000, 0x0000,
    0x0000, 0x0000, 0x0000, 0x0000, 0x0000, 0x0000, 0x0000, 0x0000, 0x0000, 0x0000, 0x0000, 0x0000,
    0x0000, 0x0000, 0x0000, 0x0000, 0x0000, 0x0000, 0x0000, 0x0000, 0x0000, 0x0000, 0x0000, 0x0000,
    0x0000, 0x0000, 0x0000, 0x0000, 0x0000, 0x0000, 0x0000, 0x0000, 0x0000, 0x0000, 0x0000, 0x0000,
    0x0000, 0x0000, 0x0000, 0x0000, 0x0000, 0x0000, 0x0000, 0x0000, 0x0000, 0x0000, 0x0000, 0x0000,
    0x0000, 0x0000, 0x0000, 0x0000, 0x0000, 0x0000, 0x0000, 0x0000, 0x0000, 0x0000, 0x0000, 0x0000,
    0x0000, 0x0001, 0x8000, 0x0000, 0x0000, 0x0000, 0x0000, 0x0000, 0x0000, 0x0000, 0x0000, 0x0000,
    0x0000, 0x0000, 0x0000, 0x0000, 0x0000, 0x0000, 0x0000, 0x0000, 0x0000, 0x0001, 0x0000, 0x0000,
    0x0000, 0x0000, 0x0000, 0x0000, 0x0000, 0x0000, 0x0000, 0x0000, 0x0000, 0x0000, 0x0000, 0x0000,
    0x0000, 0x0000, 0x0000, 0x0000, 0x0000, 0x0001, 0x0000, 0x0000, 0x0000, 0x0000, 0x0000, 0x0000,
    0x0000, 0x0000, 0x0000, 0x0000, 0x0000, 0x0000, 0x0000, 0x0000, 0x0000, 0x0000, 0x0000, 0x0000,
    0x0000, 0x0001, 0x0000, 0x0000, 0x0000, 0x0000, 0x0000, 0x0000, 0x0000, 0x0000, 0x0000, 0x0000,
    0x0000, 0x0000, 0x0000, 0x0000, 0x0000, 0x0000, 0x0000, 0x0000, 0x0000, 0x0000, 0x0000, 0x0000,
    0x0000, 0x0000, 0x0000, 0x0000, 0x0000, 0x0000, 0x0000, 0x0000, 0x0000, 0x0000, 0x0000, 0x0000,
    0x0000, 0x0000, 0x0000, 0x0000, 0x0000, 0x0001, 0xc000, 0x0000, 0x0000, 0x0000, 0x0000, 0x0000,
    0x0000, 0x0000, 0x0060, 0x0000, 0x0000, 0x0000, 0x0000, 0x0000, 0x0000, 0x0000, 0x0000, 0x0000,
    0x0000, 0x0000, 0x4000, 0x0000, 0x0000, 0x0000, 0x0000, 0x0000, 0x0000, 0x0000, 0x0000, 0x0000,
    0x0000, 0x0000, 0x0000, 0x0000, 0x0000, 0x0000, 0x0000, 0x0000, 0x0000, 0x0000, 0x0000, 0x0000,
    0x0000, 0x0000, 0x0000, 0x0000, 0x0000, 0x0000, 0x0000, 0x0000, 0x0000, 0x0000, 0x0000, 0x0000,
    0x0000, 0x0000, 0x0000, 0x0000, 0x0000, 0x0000, 0x4000, 0x0000, 0x0000, 0x0000, 0x0000, 0x0000,
    0x0000, 0x0000, 0x0060, 0x0000, 0x0000, 0x0000, 0x0000, 0x0000, 0x0000, 0x0000, 0x0000, 0x0000,
    0x0000, 0x0000, 0x4000, 0x0000, 0x0000, 0x0000, 0x0000, 0x0000, 0x0000, 0x0000, 0x0060, 0x0000,
    0x0000, 0x0000, 0x0000, 0x0000, 0x0000, 0x0000, 0x0000, 0x0000, 0x0000, 0x0001, 0x8000, 0x0000,
    0x0000, 0x0000, 0x0000, 0x0000, 0x0000, 0x0000, 0x0060, 0x0000, 0x0000, 0x0000, 0x0000, 0x0000,
    0x0000, 0x0000, 0x0000, 0x0000, 0x0000, 0x0001, 0x0000, 0x0000, 0x0000, 0x0000, 0x0000, 0x0000,
    0x0000, 0x0000, 0x0000, 0x0000, 0x0000, 0x0000, 0x0000, 0x0000, 0x0000, 0x0000, 0x0000, 0x0000,
    0x0000, 0x0001, 0x0000, 0x0000, 0x0000, 0x0000, 0x0000, 0x0000, 0x0000, 0x0000, 0x0000, 0x0000,
    0x0000, 0x0000, 0x0000, 0x0000, 0x0000, 0x0000, 0x0000, 0x0000, 0x0000, 0x0001, 0x0000, 0x0000,
    0x0000, 0x0000, 0x0000, 0x0000, 0x0000, 0x0000, 0x0000, 0x0000, 0x0000, 0x0000, 0x0000, 0x0000,
    0x0000, 0x0000, 0x0000, 0x0000, 0x0000, 0x0000, 0x0000, 0x0000, 0x0000, 0x0000, 0x0000, 0x0000,
    0x0000, 0x0000, 0x0000, 0x0000, 0x0000, 0x0000, 0x0000, 0x0000, 0x0000, 0x0000, 0x0000, 0x0000,
    0x0000, 0x0001, 0x8000, 0x0000, 0x0000, 0x0000, 0x0000, 0x0000, 0x0000, 0x0000, 0x0060, 0x0000,
    0x0000, 0x0000, 0x0000, 0x0000, 0x0000, 0x0000, 0x0000, 0x0000, 0x0000, 0x0001, 0x0000, 0x0000,
    0x0000, 0x0000, 0x0000, 0x0000, 0x0000, 0x0000, 0x0000, 0x0000, 0x0000, 0x0000, 0x0000, 0x0000,
    0x0000, 0x0000, 0x0000, 0x0000, 0x0000, 0x0001, 0x0000, 0x0000, 0x0000, 0x0000, 0x0000, 0x0000,
    0x0000, 0x0000, 0x0000, 0x0000, 0x0000, 0x0000, 0x0000, 0x0000, 0x0000, 0x0000, 0x0000, 0x0000,
    0x0000, 0x0001, 0x0000, 0x0000, 0x0000, 0x0000, 0x0000, 0x0000, 0x0000, 0x0000, 0x0060, 0x0000,
    0x0000, 0x0000, 0x0000, 0x0000, 0x0000, 0x0000, 0x0000, 0x0000, 0x0000, 0x0000, 0x0000, 0x0000,
    0x0000, 0x0000, 0x0000, 0x0000, 0x0000, 0x0000, 0x0060, 0x0000, 0x0000, 0x0000, 0x0000, 0x0000,
    0x0000, 0x0000, 0x0000, 0x0000, 0x0000, 0x0001, 0xc000, 0x0600, 0x0000, 0x0000, 0x0000, 0x0000,
    0x0000, 0x0000, 0x0000, 0x0000, 0x0000, 0x0000, 0x0000, 0x0000, 0x0000, 0x0000, 0x0000, 0x0000,
    0x0000, 0x0001, 0x4000, 0x0200, 0x0000, 0x0000, 0x0000, 0x0000, 0x0000, 0x0000, 0x0000, 0x0000,
    0x0000, 0x0000, 0x0000, 0x0000, 0x0000, 0x0000, 0x0000, 0x0000, 0x0000, 0x0001, 0x0000, 0x0000,
    0x0000, 0x0000, 0x0000, 0x0000, 0x0000, 0x0000, 0x0000, 0x0000, 0x0000, 0x0000, 0x0000, 0x0000,
    0x0000, 0x0000, 0x0000, 0x0000, 0x0000, 0x0001, 0x4000, 0x0600, 0x0000, 0x0000, 0x0000, 0x0000,
    0x0000, 0x0000, 0x0000, 0x0000, 0x0000, 0x0000, 0x0000, 0x0000, 0x0000, 0x0000, 0x0000, 0x0000,
    0x0000, 0x0000, 0x4000, 0x0600, 0x0000, 0x0000, 0x0000, 0x0000, 0x0000, 0x0000, 0x0000, 0x0000,
    0x0000, 0x0000, 0x0000, 0x0000, 0x0000, 0x0000, 0x0000, 0x0000, 0x0000, 0x0001, 0xc000, 0x0e00,
    0x0000, 0x0000, 0x0000, 0x0000, 0x0000, 0x0000, 0x0000, 0x0000, 0x0000, 0x0000, 0x0000, 0x0000,
    0x0000, 0x0000, 0x0000, 0x0000, 0x0000, 0x0000, 0x4000, 0x0800, 0x0000, 0x0000, 0x0000, 0x0000,
    0x0000, 0x0000, 0x0000, 0x0000, 0x0000, 0x0000, 0x0000, 0x0000, 0x0000, 0x0000, 0x0000, 0x0000,
    0x0000, 0x0000, 0x0000, 0x0000, 0x0000, 0x0000, 0x0000, 0x0000, 0x0000, 0x0000, 0x0000, 0x0000,
    0x0000, 0x0000, 0x0000, 0x0000, 0x0000, 0x0000, 0x0000, 0x0000, 0x0000, 0x0000, 0x4000, 0x0a00,
    0x0000, 0x0000, 0x0000, 0x0000, 0x0000, 0x0000, 0x0000, 0x0000, 0x0000, 0x0000, 0x0000, 0x0000,
    0x0000, 0x0000, 0x0000, 0x0000, 0x0000, 0x0000, 0x4000, 0x0a00, 0x0000, 0x0000, 0x0000, 0x0000,
    0x0000, 0x0000, 0x0000, 0x0000, 0x0000, 0x0180, 0x0000, 0x0000, 0x0000, 0x0000, 0x0000, 0x0000,
    0x1c00, 0x0001, 0x8000, 0x0400, 0x0000, 0x0000, 0x0000, 0x0000, 0x0020, 0x0000, 0x0000, 0x0000,
    0x0000, 0x0180, 0x0000, 0x0000, 0x0000, 0x0000, 0x0000, 0x0000, 0x1c00, 0x0001, 0x0000, 0x0000,
    0x0000, 0x0000, 0x0000, 0x0000, 0x0020, 0x0000, 0x0000, 0x0000, 0x0000, 0x0080, 0x0000, 0x0000,
    0x0000, 0x0000, 0x0000, 0x0000, 0x0000, 0x0000, 0x0000, 0x0000, 0x0000, 0x0000, 0x0000, 0x0000,
    0x0020, 0x0000, 0x0000, 0x0000, 0x0000, 0x0180, 0x0000, 0x0000, 0x0000, 0x0000, 0x0000, 0x0000,
    0x1c00, 0x0001, 0x8000, 0x0400, 0x0000, 0x0000, 0x0000, 0x0000, 0x0000, 0x0000, 0x0000, 0x0000,
    0x0000, 0x0100, 0x0000, 0x0000, 0x0000, 0x0000, 0x0000, 0x0000, 0x1400, 0x0001, 0x8000, 0x0400,
    0x0000, 0x0000, 0x0000, 0x0000, 0x0030, 0x0000, 0x0000, 0x0000, 0x0000, 0x01c0, 0x0000, 0x0008,
    0x0000, 0x0000, 0x0000, 0x0000, 0x1c00, 0x0000, 0x0000, 0x0000, 0x0000, 0x0000, 0x0000, 0x0000,
    0x0000, 0x0000, 0x0000, 0x0000, 0x0000, 0x0040, 0x0000, 0x0008, 0x0000, 0x0000, 0x0000, 0x0000,
    0x0000, 0x0000, 0x0000, 0x0000, 0x0000, 0x0000, 0x0000, 0x0000, 0x0000, 0x0000, 0x0000, 0x0000,
    0x0000, 0x0000, 0x0000, 0x000c, 0x0000, 0x0000, 0x0000, 0x0000, 0x1400, 0x0000, 0x0000, 0x0000,
    0x0000, 0x0000, 0x0000, 0x0000, 0x0010, 0x0000, 0x0000, 0x0000, 0x0000, 0x0140, 0x0000, 0x0000,
    0x0000, 0x0000, 0x0000, 0x0000, 0x1c00, 0x0000, 0x0000, 0x0000, 0x0000, 0x0000, 0x0000, 0x0000,
    0x0000, 0x0000, 0x0000, 0x0000, 0x0000, 0x0140, 0x0000, 0x0008, 0x0000, 0x0000, 0x0000, 0x0000,
    0x0000, 0x0000, 0x0000, 0x0000, 0x0000, 0x0000, 0x0000, 0x0000, 0x0020, 0x0000, 0x0000, 0x0000,
    0x0000, 0x0000, 0x0000, 0x000a, 0x0000, 0x0000, 0x0200, 0x0000, 0x0000, 0x0000, 0x0000, 0x0000,
    0x0000, 0x0200, 0x0000, 0x0000, 0x0000, 0x0000, 0x0000, 0x0000, 0x0000, 0x0000, 0x0000, 0x000a,
    0x0000, 0x0000, 0x0200, 0x0000, 0x0000, 0x0000, 0x0000, 0x0000, 0x0000, 0x0300, 0x0000, 0x0000,
    0x0000, 0x0000, 0x0000, 0x0000, 0x0000, 0x0000, 0x0000, 0x000c, 0x0000, 0x0000, 0x0000, 0x0000,
    0x0000, 0x0000, 0x0000, 0x0000, 0x0000, 0x0000, 0x0000, 0x0000, 0x0000, 0x0000, 0x0000, 0x0000,
    0x0000, 0x0000, 0x0000, 0x0002, 0x0000, 0x0000, 0x0200, 0x0000, 0x0000, 0x0000, 0x0000, 0x0000,
    0x0000, 0x0300, 0x0000, 0x0000, 0x0000, 0x0000, 0x0000, 0x0000, 0x0000, 0x0000, 0x0000, 0x000a,
    0x0000, 0x0000, 0x0200, 0x0000, 0x0000, 0x0000, 0x0000, 0x0000, 0x0000, 0x0000, 0x0000, 0x0000,
    0x0000, 0x0000, 0x0000, 0x0000, 0x0000, 0x0000, 0x0000, 0x0000, 0x0000, 0x0000, 0x0600, 0x0000,
    0x0000, 0x0000, 0x0000, 0x0000, 0x0000, 0x0300, 0x0000, 0x0000, 0x0000, 0x0000, 0x0000, 0x0000,
    0x0000, 0x0000, 0x0000, 0x0000, 0x0000, 0x0000, 0x0400, 0x0000, 0x0000, 0x0000, 0x0000, 0x0000,
    0x0000, 0x0300, 0x0000, 0x0000, 0x0000, 0x0000, 0x0000, 0x0000, 0x0000, 0x0000, 0x0000, 0x0000,
    0x0000, 0x0000, 0x0400, 0x0000, 0x0000, 0x0000, 0x0000, 0x0000, 0x0000, 0x0000, 0x0000, 0x0000,
    0x0000, 0x0000, 0x0000, 0x0000, 0x0000, 0x0000, 0x0000, 0x0000, 0x0000, 0x0000, 0x0400, 0x0000,
    0x0000, 0x0000, 0x0000, 0x0000, 0x0000, 0x0300, 0x0000, 0x0000, 0x0000, 0x0000, 0x0000, 0x0000,
    0x0000, 0x0000, 0x0000, 0x0000, 0x0000, 0x0000, 0x0000, 0x0000, 0x0000, 0x0000, 0x0000, 0x0000,
    0x0000, 0x0000, 0x0000, 0x0000, 0x0000, 0x0000, 0x0000, 0x0000, 0x0000, 0x0000, 0x0000, 0x0000,
    0x0000, 0x0000, 0x0600, 0x0000, 0x0000, 0x0001, 0xc000, 0x0000, 0x0000, 0x0000, 0x0000, 0x0000,
    0x0000, 0x0000, 0x0000, 0x0000, 0x0000, 0x0000, 0x0000, 0x0000, 0x0000, 0x0000, 0x0000, 0x0000,
    0x0000, 0x0001, 0x0000, 0x0000, 0x0000, 0x0000, 0x0000, 0x0000, 0x0000, 0x0000, 0x0000, 0x0000,
    0x0000, 0x0000, 0x0000, 0x0000, 0x0000, 0x0000, 0x0000, 0x0000, 0x0000, 0x0001, 0x0000, 0x0000,
    0x0000, 0x0000, 0x0000, 0x0000, 0x0000, 0x0000, 0x0000, 0x0000, 0x0000, 0x0000, 0x0000, 0x0000,
    0x0000, 0x0000, 0x0600, 0x0000, 0x0000, 0x0001, 0x4000, 0x0000, 0x0000, 0x0000, 0x0000, 0x0000,
    0x0000, 0x0000, 0x0000, 0x0000, 0x0000, 0x0000, 0x0000, 0x0000, 0x0000, 0x0000, 0x0600, 0x0000,
    0x0000, 0x0000, 0x4000, 0x0000, 0x0000, 0x0000, 0x0000, 0x0000, 0x0000, 0x0000, 0x0000, 0x0000,
    0x0000, 0x0000, 0x0000, 0x0000, 0x0000, 0x0000, 0x0000, 0x0000, 0x0000, 0x0001, 0xc000, 0x0000,
    0x0000, 0x0000, 0x0000, 0x0000, 0x0000, 0x0000, 0x0000, 0x0000, 0x0000, 0x0000, 0x0000, 0x0000,
    0x0000, 0x0000, 0x0000, 0x0000, 0x0000, 0x0000, 0x4000, 0x0000, 0x0000, 0x0000, 0x0000, 0x0000,
    0x0000, 0x0000, 0x0000, 0x0000, 0x0000, 0x0000, 0x0000, 0x0000, 0x0000, 0x0000, 0x0000, 0x0000,
    0x0000, 0x0000, 0x4000, 0x0000, 0x0000, 0x0000, 0x0000, 0x0000, 0x0000, 0x0000, 0x0000, 0x0000,
    0x0000, 0x0000, 0x0000, 0x0000, 0x0000, 0x0000, 0x0000, 0x0000, 0x0000, 0x0000, 0x4000, 0x0000,
    0x0000, 0x0000, 0x0000, 0x0000, 0x0000, 0x0000, 0x0000, 0x0000, 0x0000, 0x0000, 0x0000, 0x0000,
    0x0000, 0x0000, 0x0000, 0x0000, 0x0000, 0x0000, 0x0000, 0x0000, 0x0000, 0x0000, 0x0000, 0x0000,
    0x0000, 0x0000, 0x0000, 0x0000, 0x0000, 0x0000, 0x0000, 0x0000, 0x0000, 0x0000, 0x0000, 0x0000,
    0x0000, 0x0001, 0xc000, 0x0000, 0x0000, 0x0000, 0x0000, 0x0000, 0x0000, 0x0000, 0x0000, 0x0000,
    0x0000, 0x0000, 0x0000, 0x0000, 0x0000, 0x0000, 0x0000, 0x0000, 0x0000, 0x0000, 0x0000, 0x0000,
    0x0000, 0x0000, 0x0000, 0x0000, 0x0000, 0x0000, 0x0000, 0x0000, 0x0000, 0x0000, 0x0000, 0x0000,
    0x0000, 0x0000, 0x0000, 0x0000, 0x0000, 0x0000, 0x0000, 0x0000, 0x0000, 0x0000, 0x0000, 0x0000,
    0x0000, 0x0000, 0x0000, 0x0000, 0x0000, 0x0000, 0x0000, 0x0000, 0x0000, 0x0000, 0x0000, 0x0000,
    0x0000, 0x0000, 0x4000, 0x0000, 0x0000, 0x0000, 0x0000, 0x0000, 0x0000, 0x0000, 0x0000, 0x0000,
    0x0000, 0x0000, 0x0000, 0x0000, 0x0000, 0x0000, 0x0000, 0x0000, 0x0000, 0x0000, 0x4000, 0x0000,
    0x0000, 0x0000, 0x0000, 0x0000, 0x0000, 0x0000, 0x0000, 0x0000, 0x0000, 0x0000, 0x0000, 0x0000,
    0x0000, 0x0000, 0x0000, 0x0000, 0x0000, 0x0001, 0xc000, 0x0000, 0x0000, 0x0000, 0x0000, 0x0000,
    0x0000, 0x0000, 0x0000, 0x0000, 0x0000, 0x0000, 0x0000, 0x0000, 0x0000, 0x0000, 0x0000, 0x0000,
    0x0000, 0x0000, 0x0000, 0x0000, 0x0000, 0x0000, 0x0000, 0x0000, 0x0000, 0x0000, 0x0000, 0x0000,
    0x0000, 0x0000, 0x0000, 0x0000, 0x0000, 0x0000, 0x0000, 0x0000, 0x0000, 0x0000, 0x0000, 0x0000,
    0x0000, 0x0000, 0x0000, 0x0000, 0x0000, 0x0000, 0x0000, 0x0000, 0x0000, 0x0000, 0x0000, 0x0000,
    0x0000, 0x0000, 0x0000, 0x0000, 0x0000, 0x0000, 0x4000, 0x0000, 0x0000, 0x0000, 0x0000, 0x0000,
    0x0000, 0x0000, 0x0000, 0x0000, 0x0000, 0x0000, 0x0000, 0x0000, 0x0000, 0x0000, 0x0000, 0x0000,
    0x0000, 0x0000, 0x4000, 0x0000, 0x0000, 0x0000, 0x0000, 0x0000, 0x0000, 0x0000, 0x0000, 0x0000,
    0x0000, 0x0000, 0x0000, 0x0000, 0x0000, 0x0000, 0x0000, 0x0000, 0x0000, 0x0007, 0xe000, 0x0000,
    0x0000, 0x0000, 0x0000, 0x0000, 0x0000, 0x0000, 0x0000, 0x0000, 0x0000, 0x0000, 0x0000, 0x0000,
    0x0000, 0x0000, 0x0000, 0x0000, 0x0000, 0x0000, 0x4000, 0x0000, 0x0000, 0x0000, 0x0000, 0x0000,
    0x0000, 0x0000, 0x0000, 0x0000, 0x0000, 0x0000, 0x0000, 0x0000, 0x0000, 0x0000, 0x0000, 0x0000,
    0x0000, 0x0000, 0x4000, 0x0000, 0x0000, 0x0000, 0x0000, 0x0000, 0x0000, 0x0000, 0x0000, 0x0000,
    0x0000, 0x0000, 0x0000, 0x0000, 0x0000, 0x0000, 0x0000, 0x0000, 0x0000, 0x0006, 0x6000, 0x0000,
    0x0000, 0x0000, 0x0000, 0x0000, 0x0000, 0x0000, 0x0000, 0x0000, 0x0000, 0x0000, 0x0000, 0x0000,
    0x0000, 0x0000, 0x0000, 0x0000, 0x0000, 0x0006, 0x2000, 0x0000, 0x0000, 0x0000, 0x0000, 0x0000,
    0x0000, 0x0000, 0x0000, 0x0000, 0x0000, 0x0000, 0x0000, 0x0000, 0x0000, 0x0000, 0x0000, 0x0000,
    0x0000, 0x0007, 0xf000, 0x0000, 0x0000, 0x0000, 0x0000, 0x0000, 0x0000, 0x0000, 0x0000, 0x0000,
    0x0000, 0x0000, 0x0000, 0x0000, 0x0000, 0x0000, 0x0000, 0x0000, 0x0000, 0x0000, 0x1000, 0x0000,
    0x0000, 0x0000, 0x0000, 0x0000, 0x0000, 0x0000, 0x0000, 0x0000, 0x0000, 0x0000, 0x0000, 0x0000,
    0x0000, 0x0000, 0x0000, 0x0000, 0x0000, 0x0000, 0x0000, 0x0000, 0x0000, 0x0000, 0x0000, 0x0000,
    0x0000, 0x0000, 0x0000, 0x0000, 0x0000, 0x0000, 0x0000, 0x0000, 0x0000, 0x0000, 0x0000, 0x0000,
    0x0000, 0x0000, 0x1000, 0x0000, 0x0000, 0x0000, 0x0000, 0x0000, 0x0000, 0x0000, 0x0000, 0x0000,
    0x0000, 0x0000, 0x0000, 0x0000, 0x0000, 0x0000, 0x0000, 0x0000, 0x0000, 0x0000, 0x1000, 0x0000,
    0x0000, 0x0000, 0x0000, 0x0000, 0x0000, 0x0000, 0x0000, 0x0000, 0x0000, 0x0000, 0x0000, 0x0000,
    0x0000, 0x0000, 0x0000, 0x0000, 0x0000, 0x0007, 0xf000, 0x0000, 0x0000, 0x0000, 0x0060, 0x0000,
    0x0000, 0x0000, 0x0000, 0x0200, 0x0000, 0x0000, 0x0000, 0x0000, 0x0000, 0x0000, 0x0000, 0x0000,
    0x0000, 0x0000, 0x1000, 0x0000, 0x0000, 0x0000, 0x0020, 0x0000, 0x0000, 0x0000, 0x0000, 0x0200,
    0x0000, 0x0000, 0x0000, 0x0000, 0x0000, 0x0000, 0x0000, 0x0000, 0x0000, 0x0000, 0x0000, 0x0000,
    0x0000, 0x0000, 0x0020, 0x0000, 0x0000, 0x0000, 0x0000, 0x0300, 0x0000, 0x0000, 0x0000, 0x0000,
    0x0000, 0x0000, 0x0000, 0x0000, 0x0000, 0x0000, 0x1000, 0x0000, 0x0000, 0x0000, 0x0020, 0x0000,
    0x0000, 0x0000, 0x0000, 0x0000, 0x0000, 0x0000, 0x0000, 0x0000, 0x0000, 0x0000, 0x0000, 0x0000,
    0x0000, 0x0000, 0x1000, 0x0000, 0x0000, 0x0000, 0x0000, 0x0000, 0x0000, 0x0000, 0x0000, 0x0200,
    0x0000, 0x0000, 0x0000, 0x0000, 0x0000, 0x0000, 0x0000, 0x0000, 0x0000, 0x0007, 0xf000, 0x0000,
    0x0000, 0x0000, 0x0060, 0x0000, 0x0000, 0x0000, 0x0000, 0x0200, 0x0000, 0x0000, 0x0000, 0x0000,
    0x0000, 0x0000, 0x0000, 0x0000, 0x0000, 0x0000, 0x1000, 0x0000, 0x0000, 0x0000, 0x0020, 0x0000,
    0x0000, 0x0000, 0x0000, 0x0200, 0x0000, 0x0000, 0x0000, 0x0000, 0x0000, 0x0000, 0x0000, 0x0000,
    0x0000, 0x0000, 0x0000, 0x0000, 0x0000, 0x0000, 0x0020, 0x0000, 0x0000, 0x0000, 0x0000, 0x0300,
    0x0000, 0x0000, 0x0000, 0x0000, 0x0000, 0x0000, 0x0000, 0x0000, 0x0000, 0x0000, 0x1000, 0x0000,
    0x0000, 0x0000, 0x0020, 0x0000, 0x0000, 0x0000, 0x0000, 0x0000, 0x0000, 0x0000, 0x0000, 0x0000,
    0x0000, 0x0000, 0x0000, 0x0000, 0x0000, 0x0000, 0x1000, 0x0000, 0x0000, 0x0000, 0x0000, 0x0000,
    0x0000, 0x0000, 0x0000, 0x0200, 0x0000, 0x0000, 0x0000, 0x0000, 0x0000, 0x0000, 0x0000, 0x0000,
    0x0000, 0x0006, 0x6000, 0x0000, 0x0000, 0x0000, 0x0000, 0x0000, 0x0000, 0x0000, 0x0000, 0x0000,
    0x0000, 0x0000, 0x0000, 0x0000, 0x0000, 0x0000, 0x0000, 0x0000, 0x0000, 0x0001, 0x8000, 0x0000,
    0x0000, 0x0000, 0x0000, 0x0000, 0x0000, 0x0000, 0x0000, 0x0000, 0x0000, 0x0000, 0x0000, 0x0000,
    0x0000, 0x0000, 0x0000, 0x0000, 0x0000, 0x0000, 0x4000, 0x0000, 0x0000, 0x0000, 0x0000, 0x0000,
    0x0000, 0x0000, 0x0000, 0x0000, 0x0000, 0x0000, 0x0000, 0x0000, 0x0000, 0x0000, 0x0000, 0x0000,
    0x0000, 0x0000, 0x0000, 0x0000, 0x0000, 0x0000, 0x0000, 0x0000, 0x0000, 0x0000, 0x0000, 0x0000,
    0x0000, 0x0000, 0x0000, 0x0000, 0x0000, 0x0000, 0x0000, 0x0000, 0x0000, 0x0000, 0x0000, 0x0000,
    0x0000, 0x0000, 0x0000, 0x0000, 0x0000, 0x0000, 0x0000, 0x0000, 0x0000, 0x0000, 0x0000, 0x0000,
    0x0000, 0x0000, 0x0000, 0x0000, 0x0000, 0x001e, 0x3800, 0x0000, 0x0000, 0x0000, 0x0000, 0x0000,
    0x0000, 0x0000, 0x0000, 0x0000, 0x0000, 0x0000, 0x0000, 0x0000, 0x0000, 0x0000, 0x0000, 0x0000,
    0x0000, 0x0001, 0xd000, 0x0000, 0x0000, 0x0000, 0x0000, 0x0000, 0x0000, 0x0000, 0x0000, 0x0000,
    0x0000, 0x0000, 0x0000, 0x0000, 0x0000, 0x0000, 0x0000, 0x0000, 0x0000, 0x0000, 0x1000, 0x0000,
    0x0000, 0x0000, 0x0000, 0x0000, 0x0000, 0x0000, 0x0000, 0x0000, 0x0000, 0x0000, 0x0000, 0x0000,
    0x0000, 0x0000, 0x0000, 0x0000, 0x0000, 0x0018, 0x1800, 0x0000, 0x0000, 0x0000, 0x0000, 0x0000,
    0x0000, 0x0000, 0x0000, 0x0000, 0x0000, 0x0000, 0x0000, 0x0000, 0x0000, 0x0000, 0x0000, 0x0000,
    0x0000, 0x0018, 0x0800, 0x0000, 0x0000, 0x0000, 0x0000, 0x0000, 0x0000, 0x0000, 0x0000, 0x0000,
    0x0000, 0x0000, 0x0000, 0x0000, 0x0000, 0x0000, 0x0000, 0x0000, 0x0000, 0x001e, 0x3c00, 0x0000,
    0x0000, 0x0000, 0x0000, 0x0000, 0x0000, 0x0000, 0x0000, 0x0000, 0x0000, 0x0000, 0x0000, 0x0000,
    0x0000, 0x0000, 0x0000, 0x0000, 0x0000, 0x0003, 0xc000, 0x0000, 0x0000, 0x0000, 0x0000, 0x0000,
    0x0000, 0x0000, 0x0000, 0x0000, 0x0000, 0x0000, 0x0000, 0x0000, 0x0000, 0x0000, 0x0000, 0x0000,
    0x0000, 0x0002, 0x0000, 0x0000, 0x0000, 0x0000, 0x0000, 0x0000, 0x0000, 0x0000, 0x0000, 0x0000,
    0x0000, 0x0000, 0x0000, 0x0000, 0x0000, 0x0000, 0x0000, 0x0000, 0x0000, 0x0002, 0x0400, 0x0000,
    0x0000, 0x0000, 0x0000, 0x0000, 0x0000, 0x0000, 0x0000, 0x0000, 0x0000, 0x0000, 0x0000, 0x0000,
    0x0000, 0x0000, 0x0000, 0x0000, 0x0000, 0x0000, 0x0400, 0x0000, 0x0000, 0x0000, 0x0000, 0x0000,
    0x0000, 0x0000, 0x0000, 0x0000, 0x0000, 0x0000, 0x0400, 0x0000, 0x0000, 0x0000, 0x0000, 0x0000,
    0x0000, 0x039e, 0x7dc0, 0x0000, 0x0000, 0x0000, 0x0000, 0x0000, 0x0000, 0x0006, 0x0000, 0x0000,
    0x0000, 0x0000, 0x0400, 0x0000, 0x0000, 0x0000, 0x0000, 0x0000, 0x0000, 0x0111, 0x81c0, 0x0000,
    0x0000, 0x0000, 0x0000, 0x0000, 0x0000, 0x0000, 0x0000, 0x0000, 0x0000, 0x0000, 0x0400, 0x0000,
    0x0000, 0x0000, 0x0000, 0x0000, 0x0000, 0x0110, 0x40c0, 0x0000, 0x0000, 0x0000, 0x0000, 0x0000,
    0x0000, 0x0006, 0x0000, 0x0000, 0x0000, 0x0000, 0x0000, 0x0000, 0x0000, 0x0000, 0x0000, 0x0000,
    0x0000, 0x0390, 0x05c0, 0x0000, 0x0000, 0x0000, 0x0000, 0x0000, 0x0000, 0x0006, 0x0000, 0x0000,
    0x0000, 0x0000, 0x0600, 0x0000, 0x0000, 0x0000, 0x0000, 0x0000, 0x0000, 0x0280, 0x0500, 0x0000,
    0x0000, 0x0000, 0x0000, 0x0000, 0x0000, 0x0004, 0x0000, 0x0000, 0x0000, 0x0000, 0x0000, 0x0000,
    0x0000, 0x0000, 0x0000, 0x0000, 0x0000, 0x039e, 0x7dc0, 0x0000, 0x0000, 0x0000, 0x0000, 0x0000,
    0x0000, 0x000e, 0x0000, 0x0000, 0x0000, 0x0000, 0x0000, 0x0000, 0x0000, 0x0000, 0x0000, 0x0000,
    0x0000, 0x0281, 0x8000, 0x0000, 0x0000, 0x0000, 0x0000, 0x0000, 0x0000, 0x000a, 0x0000, 0x0000,
    0x0000, 0x0000, 0x0200, 0x0000, 0x0000, 0x0000, 0x0000, 0x0000, 0x0000, 0x0280, 0x4000, 0x0000,
    0x4000, 0x0000, 0x0000, 0x0000, 0x0000, 0x0000, 0x0000, 0x0000, 0x0000, 0x0000, 0x0000, 0x0000,
    0x0000, 0x0000, 0x0000, 0x0000, 0x0000, 0x0280, 0x0500, 0x0000, 0x0000, 0x0000, 0x0000, 0x0000,
    0x0000, 0x000e, 0x0000, 0x0000, 0x0000, 0x0000, 0x0400, 0x0000, 0x0000, 0x0000, 0x0000, 0x0000,
    0x0000, 0x0000, 0x0500, 0x0000, 0x2000, 0x0000, 0x0000, 0x0000, 0x0000, 0x0008, 0x0000, 0x0000,
    0x0100, 0x0000, 0x0000, 0x0000, 0x0020, 0x0000, 0x0000, 0x0000, 0x0000, 0x039e, 0x3dc0, 0x0000,
    0x0000, 0x0000, 0x0000, 0x0000, 0x0000, 0x0006, 0x0000, 0x0000, 0x0000, 0x0000, 0x0000, 0x0000,
    0x0010, 0x0000, 0x0000, 0x0000, 0x0000, 0x0283, 0xc000, 0x0000, 0x0000, 0x0000, 0x0000, 0x0000,
    0x0000, 0x0002, 0x0000, 0x0000, 0x0000, 0x0000, 0x0000, 0x0000, 0x0020, 0x0000, 0x0000, 0x0000,
    0x0000, 0x0282, 0x0000, 0x0000, 0x4000, 0x0000, 0x0000, 0x0000, 0x0000, 0x0004, 0x0000, 0x0000,
    0x0100, 0x0000, 0x0000, 0x0000, 0x0030, 0x0000, 0x0000, 0x0000, 0x0000, 0x0282, 0x0500, 0x0000,
    0x0000, 0x0000, 0x0000, 0x0000, 0x0000, 0x0006, 0x0000, 0x0000, 0x0100, 0x0000, 0x0000, 0x0000,
    0x0000, 0x0000, 0x0000, 0x0000, 0x0000, 0x0000, 0x0500, 0x0000, 0x2000, 0x0000, 0x0000, 0x0000,
    0x0000, 0x0002, 0x0000, 0x0000, 0x0380, 0x0000, 0x0000, 0x0000, 0x0030, 0x0000, 0x0000, 0x0000,
    0x0000, 0x03be, 0x7dc0, 0x0000, 0x0000, 0x0000, 0x0000, 0x0001, 0x0000, 0x0000, 0x0000, 0x0000,
    0x0280, 0x0000, 0x0000, 0x0000, 0x0010, 0x0000, 0x0000, 0x0000, 0x0000, 0x02a1, 0xc000, 0x0000,
    0x0000, 0x0000, 0x0000, 0x0001, 0x0000, 0x0000, 0x0000, 0x0000, 0x0200, 0x0000, 0x0000, 0x0000,
    0x0020, 0x0000, 0x0000, 0x0000, 0x0000, 0x0280, 0x4000, 0x0000, 0x0000, 0x0000, 0x0000, 0x0000,
    0x0000, 0x0000, 0x0000, 0x0000, 0x0280, 0x0000, 0x0000, 0x0000, 0x0030, 0x0000, 0x0000, 0x0000,
    0x0000, 0x02a0, 0x4500, 0x0000, 0x0000, 0x0000, 0x0000, 0x0001, 0x0000, 0x0000, 0x0000, 0x0000,
    0x0080, 0x0000, 0x0000, 0x0000, 0x0000, 0x0000, 0x0000, 0x0000, 0x0000, 0x0020, 0x0500, 0x0000,
    0x0000, 0x0000, 0x0000, 0x0001, 0x0000, 0x0000, 0x0000, 0x0000, 0x0300, 0x0000, 0x0000, 0x0000,
    0x0000, 0x0000, 0x0000, 0x0000, 0x0000, 0x03ff, 0xffc0, 0x0000, 0x0000, 0x0000, 0x0000, 0x0003,
    0x8000, 0x0000, 0x0000, 0x0000, 0x0200, 0x0000, 0x0000, 0x0000, 0x0000, 0x0000, 0x0000, 0x0000,
    0x0000, 0x0200, 0x0000, 0x0000, 0x0000, 0x0000, 0x0000, 0x0000, 0x0000, 0x0000, 0x0000, 0x0000,
    0x0000, 0x0000, 0x0000, 0x0000, 0x0000, 0x0000, 0x0000, 0x0000, 0x0000, 0x0200, 0x0000, 0x0000,
    0x0000, 0x0000, 0x0000, 0x0000, 0x0000, 0x0000, 0x0000, 0x0000, 0x0300, 0x0000, 0x0000, 0x0000,
    0x0000, 0x0000, 0x0000, 0x0000, 0x0000, 0x0200, 0x0000, 0x0000, 0x0000, 0x0000, 0x0000, 0x0002,
    0x8000, 0x0000, 0x0000, 0x0000, 0x0300, 0x0000, 0x0000, 0x0000, 0x0000, 0x0000, 0x0000, 0x0000,
    0x0000, 0x0000, 0x0000, 0x0000, 0x0000, 0x0000, 0x0000, 0x0002, 0x8000, 0x0000, 0x0000, 0x0000,
    0x0000, 0x0000, 0x0000, 0x0000, 0x0000, 0x0000, 0x0003, 0x0000, 0x0000, 0x0fff, 0xfff8, 0x0000,
    0x0000, 0x0000, 0x0000, 0x0001, 0x0000, 0x0000, 0x0000, 0x0000, 0x0000, 0x0000, 0x0000, 0x0000,
    0x0000, 0x0000, 0x0000, 0x0000, 0x0000, 0x0000, 0x0008, 0x0000, 0x0000, 0x0000, 0x0000, 0x0000,
    0x0000, 0x0000, 0x0000, 0x0000, 0x0000, 0x0000, 0x0000, 0x0000, 0x0000, 0x0000, 0x0000, 0x0000,
    0x0000, 0x0000, 0x0000, 0x0000, 0x0000, 0x0000, 0x0000, 0x0000, 0x0000, 0x0000, 0x0000, 0x0000,
    0x0000, 0x0000, 0x0000, 0x0000, 0x0000, 0x0000, 0x0000, 0x0000, 0x0000, 0x0c00, 0x0038, 0x0000,
    0x0000, 0x0000, 0x0000, 0x0001, 0x0000, 0x0000, 0x0000, 0x0000, 0x0000, 0x0000, 0x0000, 0x0000,
    0x0000, 0x0000, 0x0000, 0x0000, 0x0000, 0x0c00, 0x0038, 0x0000, 0x0000, 0x0000, 0x0000, 0x0001,
    0x0000, 0x0000, 0x0000, 0x0000, 0x0000, 0x0000, 0x0000, 0x0000, 0x0000, 0x0000, 0x0003, 0x0000,
    0x0000, 0x0fff, 0xfff8, 0x0000, 0x0000, 0x0000, 0x0000, 0x0000, 0x0000, 0x0000, 0x0000, 0x0000,
    0x0000, 0x0000, 0x0000, 0x0000, 0x0000, 0x0000, 0x0000, 0x0000, 0x0000, 0x0000, 0x0000, 0x0000,
    0x0000, 0x0000, 0x0000, 0x0000, 0x0000, 0x0000, 0x0000, 0x0000, 0x0000, 0x0000, 0x0000, 0x0000,
    0x0000, 0x0000, 0x0000, 0x0000, 0x0000, 0x0000, 0x0000, 0x0000, 0x0000, 0x0000, 0x0000, 0x0000,
    0x0000, 0x0000, 0x0000, 0x0000, 0x0000, 0x0000, 0x0000, 0x0000, 0x0000, 0x0000, 0x0003, 0x0000,
    0x0000, 0x0000, 0x0008, 0x0000, 0x0000, 0x0000, 0x0000, 0x0000, 0x0000, 0x0000, 0x0000, 0x0000,
    0x0000, 0x0000, 0x0000, 0x0000, 0x0000, 0x0000, 0x0003, 0x0000, 0x0000, 0x0000, 0x0008, 0x0000,
    0x0000, 0x0000, 0x0000, 0x0000, 0x0000, 0x0000, 0x0000, 0x0000, 0x0000, 0x0000, 0x0000, 0x0000,
    0x0000, 0x0000, 0x0000, 0x0000, 0x0000, 0x0dff, 0xffb8, 0x0000, 0x0000, 0x0000, 0x0000, 0x0000,
    0x0000, 0x0000, 0x0000, 0x0000, 0x0000, 0x0000, 0x0000, 0x0000, 0x0000, 0x0000, 0x0000, 0x0000,
    0x0000, 0x0218, 0x00e0, 0x0000, 0x0000, 0x0000, 0x0000, 0x0000, 0x0000, 0x0000, 0x0000, 0x0000,
    0x0000, 0x0000, 0x0000, 0x0000, 0x0000, 0x0000, 0x0000, 0x0000, 0x0000, 0x0110, 0x00a0, 0x0000,
    0x0000, 0x0000, 0x0000, 0x0000, 0x0000, 0x0000, 0x0000, 0x0000, 0x0000, 0x0000, 0x0000, 0x0000,
    0x0000, 0x0000, 0x0000, 0x0000, 0x0000, 0x0018, 0x18a8, 0x0000, 0x0000, 0x0000, 0x0000, 0x0000,
    0x0000, 0x0000, 0x0000, 0x0000, 0x0000, 0x0000, 0x0000, 0x0000, 0x0000, 0x0000, 0x0000, 0x0000,
    0x0000, 0x0008, 0x1808, 0x0000, 0x0000, 0x0000, 0x0000, 0x0000, 0x0000, 0x0000, 0x0000, 0x0000,
    0x0000, 0x0000, 0x0000, 0x0000, 0x0000, 0x0000, 0x0000, 0x0000, 0x0000, 0x0cf7, 0xf7b8, 0x0000,
    0x0000, 0x0000, 0x0000, 0x0000, 0x0000, 0x0000, 0x0000, 0x0000, 0x0000, 0x0000, 0x0000, 0x0000,
    0x0000, 0x0000, 0x0000, 0x0000, 0x0000, 0x0304, 0x10e0, 0x0000, 0x0000, 0x0000, 0x0000, 0x0000,
    0x0000, 0x0000, 0x0000, 0x0000, 0x0000, 0x0000, 0x0000, 0x0000, 0x0000, 0x0000, 0x0000, 0x0000,
    0x0000, 0x0004, 0x00a0, 0x0000, 0x0000, 0x0000, 0x0000, 0x0000, 0x0000, 0x0000, 0x0000, 0x0000,
    0x0000, 0x0000, 0x0000, 0x0000, 0x0000, 0x0000, 0x0000, 0x0000, 0x0000, 0x0014, 0x10a8, 0x0000,
    0x0000, 0x0000, 0x0000, 0x0000, 0x0000, 0x0000, 0x0000, 0x0000, 0x0000, 0x0000, 0x0000, 0x0000,
    0x0000, 0x0000, 0x0000, 0x0000, 0x0000, 0x0010, 0x1008, 0x0000, 0x0000, 0x0000, 0x0000, 0x0000,
    0x0000, 0x0000, 0x0000, 0x0000, 0x0000, 0x0000, 0x0000, 0x0000, 0x0000, 0x0000, 0x0000, 0x0000,
    0x0000, 0x0fc7, 0xf3f8, 0x0000, 0x0000, 0x0000, 0x0000, 0x0000, 0x0000, 0x0000, 0x0000, 0x0000,
    0x0000, 0x0000, 0x0000, 0x0000, 0x0000, 0x0000, 0x0000, 0x0000, 0x0000, 0x0004, 0x0000, 0x0000,
    0x0000, 0x0000, 0x0000, 0x0000, 0x0000, 0x0000, 0x0000, 0x0000, 0x0000, 0x0000, 0x0000, 0x0000,
    0x0000, 0x0000, 0x0000, 0x0000, 0x0000, 0x0004, 0x0000, 0x0000, 0x0000, 0x0000, 0x0000, 0x0000,
    0x0000, 0x0000, 0x0000, 0x0000, 0x0000, 0x0000, 0x0000, 0x0000, 0x0000, 0x0000, 0x0000, 0x0000,
    0x0000, 0x0004, 0x1208, 0x0000, 0x0000, 0x0000, 0x0000, 0x0000, 0x0000, 0x0000, 0x0000, 0x0000,
    0x0000, 0x0000, 0x0000, 0x0000, 0x0000, 0x0000, 0x0000, 0x0000, 0x0000, 0x0000, 0x1208, 0x0000,
    0x0000, 0x0000, 0x0000, 0x0000, 0x0000, 0x0000, 0x0000, 0x0000, 0x0000, 0x0000, 0x0000, 0x0000,
    0x0000, 0x0000, 0x0000, 0x0000, 0x0000, 0x0fc7, 0xf3f8, 0x0000, 0x0000, 0x0000, 0x0000, 0x0000,
    0x0000, 0x0000, 0x0000, 0x0000, 0x0000, 0x0000, 0x0000, 0x0000, 0x0000, 0x0000, 0x0000, 0x0000,
    0x0000, 0x0044, 0x1000, 0x0000, 0x0000, 0x0000, 0x0000, 0x0000, 0x0000, 0x0000, 0x0000, 0x0000,
    0x0000, 0x0000, 0x0000, 0x0000, 0x0000, 0x0000, 0x0000, 0x0000, 0x0000, 0x0044, 0x0000, 0x0000,
    0x0000, 0x0000, 0x0000, 0x0000, 0x0000, 0x0000, 0x0000, 0x0000, 0x0000, 0x0000, 0x0000, 0x0000,
    0x0000, 0x0000, 0x0000, 0x0000, 0x0000, 0x0044, 0x1208, 0x0000, 0x0000, 0x0000, 0x0000, 0x0000,
    0x0000, 0x0000, 0x0000, 0x0000, 0x0000, 0x0000, 0x0000, 0x0000, 0x0000, 0x0000, 0x0000, 0x0000,
    0x0000, 0x0000, 0x1208, 0x0000, 0x0000, 0x0000, 0x0000, 0x0000, 0x0000, 0x0000, 0x0000, 0x0000,
    0x0000, 0x0000, 0x0000, 0x0000, 0x0000, 0x0000, 0x0000, 0x0000, 0x0000, 0x0c03, 0xe038, 0x0000,
    0x0000, 0x0000, 0x0000, 0x0000, 0x0000, 0x0000, 0x0000, 0x0000, 0x0000, 0x0000, 0x0000, 0x0000,
    0x0000, 0x0000, 0x0000, 0x0000, 0x0000, 0x0400, 0x2000, 0x0000, 0x0000, 0x0000, 0x0000, 0x0000,
    0x0000, 0x0000, 0x0000, 0x0000, 0x0000, 0x0000, 0x0000, 0x0000, 0x0000, 0x0000, 0x0000, 0x0000,
    0x0000, 0x0400, 0x0000, 0x0000, 0x0000, 0x0000, 0x0000, 0x0000, 0x0000, 0x0000, 0x0000, 0x0000,
    0x0000, 0x0000, 0x0000, 0x0000, 0x0000, 0x0000, 0x0000, 0x0000, 0x0000, 0x0400, 0x2028, 0x0000,
    0x0000, 0x0000, 0x0000, 0x0000, 0x0000, 0x0000, 0x0000, 0x0000, 0x0000, 0x0000, 0x0000, 0x0000,
    0x0000, 0x0000, 0x0000, 0x0000, 0x0000, 0x0000, 0x2028, 0x0000, 0x0000, 0x0000, 0x0000, 0x0000,
    0x0000, 0x0000, 0x0000, 0x0000, 0x0000, 0x0000, 0x0000, 0x0000, 0x0000, 0x0000, 0x0000, 0x0000,
    0x0000, 0x0c03, 0xe038, 0x0000, 0x0000, 0x0000, 0x0000, 0x0000, 0x0000, 0x0000, 0x0000, 0x0000,
    0x0000, 0x0000, 0x0000, 0x0000, 0x0000, 0x0000, 0x0000, 0x0000, 0x0000, 0x0000, 0x2000, 0x0000,
    0x0000, 0x0000, 0x0000, 0x0000, 0x0000, 0x0000, 0x0000, 0x0000, 0x0000, 0x0000, 0x0000, 0x0000,
    0x0000, 0x0000, 0x0000, 0x0000, 0x0000, 0x0000, 0x0000, 0x0000, 0x0000, 0x0000, 0x0000, 0x0000,
    0x0000, 0x0000, 0x0000, 0x0000, 0x0000, 0x0000, 0x0000, 0x0000, 0x0000, 0x0000, 0x0000, 0x0000,
    0x0000, 0x0000, 0x2028, 0x0000, 0x0000, 0x0000, 0x0000, 0x0000, 0x0000, 0x0000, 0x0000, 0x0000,
    0x0000, 0x0000, 0x0000, 0x0000, 0x0000, 0x0000, 0x0000, 0x0000, 0x0000, 0x0000, 0x2028, 0x0000,
    0x0000, 0x0000, 0x0000, 0x0000, 0x0000, 0x0000, 0x0000, 0x0000, 0x0000, 0x0000, 0x0000, 0x0000,
    0x0000, 0x0000, 0x0000, 0x0000, 0x0000, 0x0c03, 0xc018, 0x0000, 0x0000, 0x0000, 0x0000, 0x0000,
    0x0000, 0x0000, 0x0000, 0x0000, 0x0000, 0x0000, 0x0000, 0x0000, 0x0000, 0x0000, 0x0000, 0x0000,
    0x0000, 0x0000, 0x0008, 0x0000, 0x0000, 0x0000, 0x0000, 0x0000, 0x0000, 0x0000, 0x0000, 0x0000,
    0x0000, 0x0000, 0x0000, 0x0000, 0x0000, 0x0000, 0x0000, 0x0000, 0x0000, 0x0000, 0x0000, 0x0000,
    0x0000, 0x0000, 0x0000, 0x0000, 0x0000, 0x0000, 0x0000, 0x0000, 0x0000, 0x0000, 0x0000, 0x0000,
    0x0000, 0x0000, 0x0000, 0x0000, 0x0000, 0x0c03, 0xc018, 0x0000, 0x0000, 0x0000, 0x0000, 0x0000,
    0x0000, 0x0000, 0x0000, 0x0000, 0x0000, 0x0000, 0x0000, 0x0000, 0x0000, 0x0000, 0x0000, 0x0000,
    0x0000, 0x0c03, 0xc018, 0x0000, 0x0000, 0x0000, 0x0000, 0x0000, 0x0000, 0x0000, 0x0000, 0x0000,
    0x0000, 0x0000, 0x0000, 0x0000, 0x0000, 0x0000, 0x0000, 0x0000, 0x0000, 0x0000, 0x0000, 0x0000,
    0x0000, 0x0000, 0x0000, 0x0000, 0x0000, 0x0000, 0x0000, 0x0000, 0x0000, 0x0000, 0x0000, 0x0000,
    0x0000, 0x0000, 0x0000, 0x0000, 0x0000, 0x0000, 0x0000, 0x0000, 0x0000, 0x0000, 0x0000, 0x0000,
    0x0000, 0x0000, 0x0000, 0x0000, 0x0000, 0x0000, 0x0000, 0x0000, 0x0000, 0x0000, 0x0000, 0x0000,
    0x0000, 0x0000, 0x0000, 0x0000, 0x0000, 0x0000, 0x0000, 0x0000, 0x0000, 0x0000, 0x0000, 0x0000,
    0x0000, 0x0000, 0x0000, 0x0000, 0x0000, 0x0000, 0x0000, 0x0000, 0x0000, 0x0000, 0x0000, 0x0000,
    0x0000, 0x0000, 0x0000, 0x0000, 0x0000, 0x0000, 0x0000, 0x0000, 0x0000, 0x0000, 0x0000, 0x0000,
    0x0000, 0x0000, 0x0000, 0x0000, 0x0000, 0x0000, 0x0000, 0x0000, 0x0000, 0x0000, 0x0000, 0x0000,
    0x0000, 0x0000, 0x0000, 0x0000,
};
static const unsigned char font_rows[512] = {
    0x00, 0x00, 0x00, 0x00, 0x00, 0x00, 0x00, 0x00, 0x20, 0x20, 0x20, 0x20, 0x20, 0x00, 0x20, 0x00,
    0x00, 0x00, 0x00, 0x00, 0x00, 0x00, 0x00, 0x00, 0x00, 0x00, 0x00, 0x00, 0x00, 0x00, 0x00, 0x00,
    0x00, 0x00, 0x00, 0x00, 0x00, 0x00, 0x00, 0x00, 0xc8, 0xd0, 0x10, 0x20, 0x40, 0x58, 0x98, 0x00,
    0x00, 0x00, 0x00, 0x00, 0x00, 0x00, 0x00, 0x00, 0x00, 0x00, 0x00, 0x00, 0x00, 0x00, 0x00, 0x00,
    0x00, 0x00, 0x00, 0x00, 0x00, 0x00, 0x00, 0x00, 0x00, 0x00, 0x00, 0x00, 0x00, 0x00, 0x00, 0x00,
    0x00, 0x00, 0x00, 0x00, 0x00, 0x00, 0x00, 0x00, 0x00, 0x00, 0x00, 0x00, 0x00, 0x00, 0x00, 0x00,
    0x00, 0x00, 0x00, 0x00, 0x00, 0x00, 0x00, 0x00, 0x00, 0x00, 0x00, 0xf8, 0x00, 0x00, 0x00, 0x00,
    0x00, 0x00, 0x00, 0x00, 0x00, 0x60, 0x60, 0x00, 0x00, 0x00, 0x00, 0x00, 0x00, 0x00, 0x00, 0x00,
    0x70, 0x88, 0x98, 0xa8, 0xc8, 0x88, 0x70, 0x00, 0x20, 0x60, 0x20, 0x20, 0x20, 0x20, 0x70, 0x00,
    0x70, 0x88, 0x08, 0x10, 0x20, 0x40, 0xf8, 0x00, 0xf8, 0x10, 0x20, 0x10, 0x08, 0x88, 0x70, 0x00,
    0x10, 0x30, 0x50, 0x90, 0xf8, 0x10, 0x10, 0x00, 0xf8, 0x80, 0xf0, 0x08, 0x08, 0x88, 0x70, 0x00,
    0x30, 0x40, 0x80, 0xf0, 0x88, 0x88, 0x70, 0x00, 0xf8, 0x08, 0x10, 0x20, 0x40, 0x40, 0x40, 0x00,
    0x70, 0x88, 0x88, 0x70, 0x88, 0x88, 0x70, 0x00, 0x70, 0x88, 0x88, 0x78, 0x08, 0x10, 0x60, 0x00,
    0x00, 0x60, 0x60, 0x00, 0x60, 0x60, 0x00, 0x00, 0x00, 0x00, 0x00, 0x00, 0x00, 0x00, 0x00, 0x00,
    0x00, 0x00, 0x00, 0x00, 0x00, 0x00, 0x00, 0x00, 0x00, 0x00, 0x00, 0x00, 0x00, 0x00, 0x00, 0x00,
    0x00, 0x00, 0x00, 0x00, 0x00, 0x00, 0x00, 0x00, 0x00, 0x00, 0x00, 0x00, 0x00, 0x00, 0x00, 0x00,
    0x00, 0x00, 0x00, 0x00, 0x00, 0x00, 0x00, 0x00, 0x70, 0x88, 0x88, 0xf8, 0x88, 0x88, 0x88, 0x00,
    0xf0, 0x88, 0x88, 0xf0, 0x88, 0x88, 0xf0, 0x00, 0x70, 0x88, 0x80, 0x80, 0x80, 0x88, 0x70, 0x00,
    0xf0, 0x88, 0x88, 0x88, 0x88, 0x88, 0xf0, 0x00, 0xf8, 0x80, 0x80, 0xf0, 0x80, 0x80, 0xf8, 0x00,
    0xf8, 0x80, 0x80, 0xf0, 0x80, 0x80, 0x80, 0x00, 0x70, 0x88, 0x80, 0xb8, 0x88, 0x88, 0x78, 0x00,
    0x88, 0x88, 0x88, 0xf8, 0x88, 0x88, 0x88, 0x00, 0x70, 0x20, 0x20, 0x20, 0x20, 0x20, 0x70, 0x00,
    0x38, 0x10, 0x10, 0x10, 0x10, 0x90, 0x60, 0x00, 0x88, 0x90, 0xa0, 0xc0, 0xa0, 0x90, 0x88, 0x00,
    0x80, 0x80, 0x80, 0x80, 0x80, 0x80, 0xf8, 0x00, 0x88, 0xd8, 0xa8, 0xa8, 0x88, 0x88, 0x88, 0x00,
    0x88, 0xc8, 0xa8, 0x98, 0x88, 0x88, 0x88, 0x00, 0x70, 0x88, 0x88, 0x88, 0x88, 0x88, 0x70, 0x00,
    0xf0, 0x88, 0x88, 0xf0, 0x80, 0x80, 0x80, 0x00, 0x70, 0x88, 0x88, 0x88, 0xa8, 0x90, 0x68, 0x00,
    0xf0, 0x88, 0x88, 0xf0, 0xa0, 0x90, 0x88, 0x00, 0x78, 0x80, 0x80, 0x70, 0x08, 0x08, 0xf0, 0x00,
    0xf8, 0x20, 0x20, 0x20, 0x20, 0x20, 0x20, 0x00, 0x88, 0x88, 0x88, 0x88, 0x88, 0x88, 0x70, 0x00,
    0x88, 0x88, 0x88, 0x88, 0x88, 0x50, 0x20, 0x00, 0x88, 0x88, 0x88, 0xa8, 0xa8, 0xa8, 0x50, 0x00,
    0x88, 0x88, 0x50, 0x20, 0x50, 0x88, 0x88, 0x00, 0x88, 0x88, 0x50, 0x20, 0x20, 0x20, 0x20, 0x00,
    0xf8, 0x08, 0x10, 0x20, 0x40, 0x80, 0xf8, 0x00, 0x00, 0x00, 0x00, 0x00, 0x00, 0x00, 0x00, 0x00,
    0x00, 0x00, 0x00, 0x00, 0x00, 0x00, 0x00, 0x00, 0x00, 0x00, 0x00, 0x00, 0x00, 0x00, 0x00, 0x00,
    0x00, 0x00, 0x00, 0x00, 0x00, 0x00, 0x00, 0x00, 0x00, 0x00, 0x00, 0x00, 0x00, 0x00, 0x00, 0x00,
};
enum { SFX_SHOOT, SFX_EXPLOSION, SFX_HIT, SFX_DEATH, SFX_SWOOP, SFX_COUNT };
static const unsigned char sfx_data[11600] __attribute__((aligned(2))) = {
    0x59, 0x59, 0xa7, 0xa7, 0xa8, 0x58, 0x58, 0xa8, 0xa8, 0xa8, 0x58, 0x58, 0xa8, 0xa9, 0xa9, 0x57,
    0x57, 0xa9, 0xa9, 0xa9, 0x57, 0x57, 0xaa, 0xaa, 0xaa, 0x56, 0x56, 0xaa, 0xaa, 0xaa, 0x56, 0x55,
    0xab, 0xab, 0xab, 0x55, 0x55, 0x55, 0xab, 0xab, 0x54, 0x54, 0x54, 0xac, 0xac, 0x54, 0x54, 0x54,
    0xac, 0xad, 0xad, 0x53, 0x53, 0xad, 0xad, 0xad, 0x53, 0x53, 0x52, 0xae, 0xae, 0x52, 0x52, 0x52,
    0xae, 0xae, 0xae, 0x51, 0x51, 0xaf, 0xaf, 0xaf, 0x51, 0x51, 0x51, 0xaf, 0xb0, 0x50, 0x50, 0x50,
    0xb0, 0xb0, 0xb0, 0x50, 0x50, 0xb1, 0xb1, 0xb1, 0x4f, 0x4f, 0x4f, 0xb1, 0xb1, 0xb1, 0x4e, 0x4e,
    0xb2, 0xb2, 0xb2, 0x4e, 0x4e, 0x4e, 0xb2, 0xb3, 0xb3, 0x4d, 0x4d, 0xb3, 0xb3, 0xb3, 0x4d, 0x4d,
    0x4c, 0xb4, 0xb4, 0xb4, 0x4c, 0x4c, 0x4c, 0xb4, 0xb4, 0x4b, 0x4b, 0x4b, 0xb5, 0xb5, 0xb5, 0x4b,
    0x4b, 0x4b, 0xb6, 0xb6, 0xb6, 0x4a, 0x4a, 0x4a, 0xb6, 0xb6, 0x4a, 0x49, 0x49, 0xb7, 0xb7, 0xb7,
    0x49, 0x49, 0x49, 0xb7, 0xb8, 0xb8, 0x48, 0x48, 0x48, 0xb8, 0xb8, 0xb8, 0x48, 0x47, 0x47, 0xb9,
    0xb9, 0xb9, 0x47, 0x47, 0x47, 0xb9, 0xba, 0xba, 0x46, 0x46, 0x46, 0xba, 0xba, 0xba, 0x46, 0x45,
    0x45, 0xbb, 0xbb, 0xbb, 0x45, 0x45, 0x45, 0xbb, 0xbc, 0xbc, 0x44, 0x44, 0x44, 0xbc, 0xbc, 0xbc,
    0x44, 0x43, 0x43, 0xbd, 0xbd, 0xbd, 0x43, 0x43, 0x43, 0xbd, 0xbe, 0xbe, 0x42, 0x42, 0x42, 0xbe,
    0xbe, 0xbe, 0x42, 0x41, 0x41, 0xbf, 0xbf, 0xbf, 0x41, 0x41, 0x41, 0x41, 0xc0, 0xc0, 0xc0, 0x40,
    0x40, 0x40, 0xc0, 0xc0, 0xc0, 0x3f, 0x3f, 0x3f, 0xc1, 0xc1, 0xc1, 0x3f, 0x3f, 0x3f, 0x3e, 0xc2,
    0xc2, 0xc2, 0x3e, 0x3e, 0x3e, 0xc2, 0xc2, 0xc3, 0x3d, 0x3d, 0x3d, 0x3d, 0xc3, 0xc3, 0xc3, 0x3d,
    0x3c, 0x3c, 0xc4, 0xc4, 0xc4, 0xc4, 0x3c, 0x3c, 0x3c, 0xc5, 0xc5, 0xc5, 0x3b, 0x3b, 0x3b, 0x3b,
    0xc5, 0xc5, 0xc6, 0x3a, 0x3a, 0x3a, 0xc6, 0xc6, 0xc6, 0xc6, 0x3a, 0x39, 0x39, 0xc7, 0xc7, 0xc7,
    0xc7, 0x39, 0x39, 0x39, 0xc8, 0xc8, 0xc8, 0x38, 0x38, 0x38, 0x38, 0xc8, 0xc8, 0xc9, 0x37, 0x37,
    0x37, 0x37, 0xc9, 0xc9, 0xc9, 0x37, 0x36, 0x36, 0x36, 0xca, 0xca, 0xca, 0x36, 0x36, 0x36, 0x35,
    0xcb, 0xcb, 0xcb, 0xcb, 0x35, 0x35, 0x35, 0xcb, 0xcc, 0xcc, 0xcc, 0x34, 0x34, 0x34, 0xcc, 0xcc,
    0xcc, 0xcd, 0x33, 0x33, 0x33, 0x33, 0xcd, 0xcd, 0xcd, 0x33, 0x32, 0x32, 0x32, 0xce, 0xce, 0xce,
    0xce, 0x32, 0x32, 0x31, 0x31, 0xcf, 0xcf, 0xcf, 0x31, 0x31, 0x31, 0x31, 0xd0, 0xd0, 0xd0, 0xd0,
    0x30, 0x30, 0x30, 0x30, 0xd0, 0xd1, 0xd1, 0xd1, 0x2f, 0x2f, 0x2f, 0x2f, 0xd1, 0xd1, 0xd2, 0x2e,
    0x2e, 0x2e, 0x2e, 0xd2, 0xd2, 0xd2, 0xd2, 0x2d, 0x2d, 0x2d, 0x2d, 0xd3, 0xd3, 0xd3, 0xd3, 0x2d,
    0x2c, 0x2c, 0x2c, 0xd4, 0xd4, 0xd4, 0xd4, 0x2c, 0x2c, 0x2b, 0x2b, 0xd5, 0xd5, 0xd5, 0xd5, 0x2b,
    0x2b, 0x2b, 0x2a, 0xd6, 0xd6, 0xd6, 0xd6, 0xd6, 0x2a, 0x2a, 0x2a, 0x29, 0xd7, 0xd7, 0xd7, 0xd7,
    0x29, 0x29, 0x29, 0x29, 0xd8, 0xd8, 0xd8, 0xd8, 0x28, 0x28, 0x28, 0x28, 0x28, 0xd9, 0xd9, 0xd9,
    0xd9, 0x27, 0x27, 0x27, 0x27, 0xd9, 0xda, 0xda, 0xda, 0xda, 0x26, 0x26, 0x26, 0x26, 0xda, 0xdb,
    0xdb, 0xdb, 0xdb, 0x25, 0x25, 0x25, 0x25, 0xdb, 0xdc, 0xdc, 0xdc, 0x24, 0x24, 0x24, 0x24, 0x24,
    0xdc, 0xdd, 0xdd, 0xdd, 0xdd, 0x23, 0x23, 0x23, 0x23, 0xdd, 0xde, 0xde, 0xde, 0xde, 0x22, 0x22,
    0x22, 0x22, 0xde, 0xdf, 0xdf, 0xdf, 0xdf, 0x21, 0x21, 0x21, 0x21, 0x21, 0xe0, 0xe0, 0xe0, 0xe0,
    0xe0, 0x20, 0x20, 0x20, 0x20, 0x1f, 0xe1, 0xe1, 0xe1, 0xe1, 0x1f, 0x1f, 0x1f, 0x1f, 0x1e, 0xe2,
    0xe2, 0xe2, 0xe2, 0xe2, 0x1e, 0x1e, 0x1e, 0x1d, 0x1d, 0xe3, 0xe3, 0xe3, 0xe3, 0xe3, 0x1d, 0x1d,
    0x1c, 0x1c, 0x1c, 0x1c, 0xe4, 0xe4, 0xe4, 0xe4, 0xe4, 0x1b, 0x1b, 0x1b, 0x1b, 0x1b, 0xe5, 0xe5,
    0xe5, 0xe5, 0xe6, 0x1a, 0x1a, 0x1a, 0x1a, 0x1a, 0xe6, 0xe6, 0xe6, 0xe7, 0xe7, 0xe7, 0x19, 0x19,
    0x19, 0x19, 0x19, 0xe7, 0xe8, 0xe8, 0xe8, 0xe8, 0xe8, 0x18, 0x18, 0x18, 0x18, 0x17, 0xe9, 0xe9,
    0xe9, 0xe9, 0xe9, 0xe9, 0x17, 0x17, 0x16, 0x16, 0x16, 0x16, 0xea, 0xea, 0xea, 0xea, 0xea, 0x15,
    0x15, 0x15, 0x15, 0x15, 0x15, 0xeb, 0xeb, 0xeb, 0xec, 0xec, 0xec, 0x14, 0x14, 0x14, 0x14, 0x14,
    0x14, 0xed, 0xed, 0xed, 0xed, 0xed, 0xed, 0x13, 0x13, 0x13, 0x12, 0x12, 0x12, 0x12, 0xee, 0xee,
    0xee, 0xee, 0xee, 0xef, 0x11, 0x11, 0x11, 0x11, 0x11, 0x11, 0xef, 0xef, 0xf0, 0xf0, 0xf0, 0xf0,
    0xf0, 0x10, 0x10, 0x10, 0x10, 0x0f, 0x0f, 0xf1, 0xf1, 0xf1, 0xf1, 0xf1, 0xf1, 0xf1, 0x0e, 0x0e,
    0x0e, 0x0e, 0x0e, 0x0e, 0x0e, 0xf2, 0xf2, 0xf3, 0xf3, 0xf3, 0xf3, 0x0d, 0x0d, 0x0d, 0x0d, 0x0d,
    0x0c, 0x0c, 0xf4, 0xf4, 0xf4, 0xf4, 0xf4, 0xf4, 0xf4, 0xf5, 0x0b, 0x0b, 0x0b, 0x0b, 0x0b, 0x0b,
    0x0b, 0xf5, 0xf6, 0xf6, 0xf6, 0xf6, 0xf6, 0xf6, 0x0a, 0x0a, 0x0a, 0x09, 0x09, 0x09, 0x09, 0x09,
    0xf7, 0xf7, 0xf7, 0xf7, 0xf8, 0xf8, 0xf8, 0xf8, 0x08, 0x08, 0x08, 0x08, 0x08, 0x07, 0x07, 0x07,
    0xf9, 0xf9, 0xf9, 0xf9, 0xf9, 0xf9, 0xfa, 0xfa, 0x06, 0x06, 0x06, 0x06, 0x06, 0x06, 0x06, 0x05,
    0xfb, 0xfb, 0xfb, 0xfb, 0xfb, 0xfb, 0xfb, 0xfb, 0xfc, 0x04, 0x04, 0x04, 0x04, 0x04, 0x04, 0x04,
    0x04, 0x03, 0xfd, 0xfd, 0xfd, 0xfd, 0xfd, 0xfd, 0xfd, 0xfd, 0xfe, 0x02, 0x02, 0x02, 0x02, 0x02,
    0x02, 0x02, 0x02, 0x01, 0xff, 0xff, 0xff, 0xff, 0xff, 0xff, 0xff, 0xff, 0x00, 0x00, 0x00, 0x00,
    0x19, 0xda, 0xc0, 0x0e, 0x7f, 0xe4, 0x6b, 0x7f, 0x21, 0xe7, 0xca, 0x28, 0x7d, 0x7f, 0xd5, 0x81,
    0x9e, 0x02, 0x16, 0xc8, 0x81, 0xbb, 0x83, 0x21, 0x1f, 0x04, 0x76, 0x4f, 0x78, 0x38, 0x0d, 0xed,
    0x44, 0xcc, 0x36, 0x58, 0x51, 0xcb, 0xb3, 0x3b, 0x3c, 0x0c, 0x92, 0x20, 0xbc, 0xd5, 0xd2, 0xa2,
    0x81, 0x81, 0x81, 0xfb, 0xbe, 0xf1, 0x11, 0x64, 0x5b, 0x09, 0x8f, 0xc6, 0xa9, 0x42, 0x22, 0x37,
    0x36, 0x16, 0x15, 0xf4, 0x32, 0xc2, 0xa5, 0x04, 0x42, 0xae, 0xdf, 0xf2, 0xc1, 0x18, 0x70, 0x7f,
    0x24, 0xd3, 0x84, 0xd8, 0x5c, 0x7f, 0x7f, 0x35, 0x00, 0x4c, 0x68, 0xd5, 0xc1, 0x94, 0x81, 0xef,
    0x69, 0x20, 0x1c, 0x38, 0xca, 0xae, 0x35, 0xe8, 0xf1, 0x20, 0x39, 0x00, 0xb2, 0x81, 0xd8, 0xc1,
    0x88, 0x18, 0xbe, 0x10, 0x7a, 0x05, 0x61, 0x7f, 0x09, 0x3f, 0x29, 0x14, 0xe1, 0xfe, 0xf6, 0x24,
    0x01, 0xf6, 0x97, 0x02, 0xfb, 0x1e, 0x7b, 0xf0, 0x4d, 0x29, 0xdb, 0xc0, 0xef, 0x58, 0x0b, 0x3f,
    0xd7, 0xd8, 0x1d, 0x0a, 0x55, 0xc5, 0x90, 0x81, 0xff, 0xea, 0x1d, 0xe0, 0xd7, 0xf7, 0x34, 0x4e,
    0x41, 0x4d, 0x0c, 0xb2, 0xa5, 0xa3, 0xf6, 0x0b, 0xf5, 0x5e, 0xef, 0xe8, 0xa5, 0x01, 0xc8, 0x81,
    0x94, 0xd2, 0xa0, 0xb2, 0x81, 0xf8, 0x16, 0xc3, 0xde, 0xf2, 0x2a, 0xcd, 0xf6, 0x0a, 0x0f, 0xc3,
    0xfd, 0x14, 0x52, 0x09, 0x56, 0xfd, 0x58, 0x50, 0x7b, 0xf1, 0xff, 0xaa, 0x9d, 0x16, 0xd9, 0x0f,
    0x5d, 0x3e, 0x70, 0x00, 0x29, 0xe1, 0x93, 0x00, 0x19, 0xed, 0xc3, 0x81, 0xec, 0x57, 0x7f, 0x7f,
    0x7f, 0x22, 0x74, 0x18, 0x0f, 0x0a, 0xc3, 0x8c, 0xb1, 0xb5, 0xcb, 0x1e, 0xd6, 0x12, 0x53, 0xce,
    0xe7, 0xa1, 0xba, 0x2a, 0xc2, 0xfd, 0x1e, 0x35, 0xc0, 0xe6, 0x41, 0xd2, 0xf9, 0xb6, 0x1e, 0x2f,
    0x04, 0x3a, 0x04, 0xb7, 0x9a, 0x81, 0xa2, 0xaa, 0xd8, 0x01, 0xb5, 0xb8, 0x93, 0xd0, 0xa7, 0x81,
    0x81, 0x8d, 0xa6, 0xf4, 0xa9, 0xdb, 0xc8, 0x9b, 0x0e, 0xe4, 0xec, 0x14, 0x2a, 0xf9, 0x08, 0x2e,
    0x75, 0x2c, 0x30, 0xc6, 0x14, 0x35, 0x0a, 0x0c, 0xb4, 0xb7, 0x19, 0x2f, 0xbe, 0x0a, 0x3f, 0x1f,
    0x59, 0x7f, 0x40, 0x7b, 0x46, 0x0c, 0xfd, 0xbf, 0xf9, 0xd0, 0x1f, 0xfb, 0xe2, 0x35, 0xca, 0xae,
    0xa5, 0xb3, 0xe1, 0x08, 0xb2, 0xd9, 0xc3, 0xf4, 0xba, 0xbe, 0x92, 0x81, 0xc7, 0xe6, 0xa6, 0x00,
    0x13, 0xb8, 0xd8, 0xd4, 0x98, 0xba, 0x95, 0xc7, 0xb4, 0xd3, 0x2b, 0xc5, 0x23, 0xbf, 0x1b, 0x59,
    0x7f, 0x49, 0xd2, 0xfb, 0x02, 0xdb, 0x36, 0xe7, 0xd6, 0x3e, 0x02, 0x34, 0x38, 0xe0, 0x22, 0xcf,
    0xb1, 0x99, 0xb5, 0x00, 0xc6, 0xa3, 0x14, 0x28, 0x4c, 0x34, 0x44, 0x3c, 0x08, 0x53, 0xf6, 0xe9,
    0xd5, 0xaf, 0x18, 0x58, 0x4b, 0x61, 0x63, 0x3f, 0x21, 0xcc, 0xa6, 0xe2, 0x01, 0x2e, 0x12, 0xef,
    0x47, 0x0f, 0xcc, 0xa8, 0x9c, 0xfb, 0xbd, 0x10, 0x4d, 0x2f, 0x1a, 0x07, 0x1f, 0x54, 0x54, 0x67,
    0x67, 0xf7, 0xde, 0x1d, 0x30, 0x69, 0x6f, 0x69, 0x6c, 0x76, 0x14, 0xf5, 0x2a, 0x2b, 0xd4, 0xa4,
    0xe5, 0xba, 0x0a, 0x3e, 0x05, 0x24, 0x13, 0x45, 0x18, 0x4a, 0x1d, 0x56, 0x40, 0xd6, 0x26, 0xf0,
    0xc9, 0xec, 0xe0, 0xf9, 0x21, 0x17, 0x2e, 0x2a, 0x4f, 0xee, 0xe3, 0xb0, 0xcb, 0x15, 0xee, 0x0c,
    0xd6, 0xee, 0x05, 0xf2, 0x02, 0xc9, 0xe1, 0xe5, 0xf7, 0x0d, 0x3b, 0x4d, 0x54, 0x1e, 0x1b, 0xf1,
    0x20, 0xf1, 0xd7, 0x20, 0x33, 0xee, 0x0b, 0x0e, 0x0b, 0x50, 0x28, 0xd9, 0xf4, 0xf7, 0xe9, 0xb4,
    0x1b, 0x51, 0x56, 0x2a, 0x45, 0x05, 0xc9, 0x18, 0x42, 0xf2, 0xc8, 0x1b, 0x21, 0xe1, 0xd2, 0xd5,
    0xa0, 0xc1, 0xcd, 0xe7, 0xec, 0x11, 0xfc, 0x29, 0xd4, 0xbf, 0xda, 0x22, 0xd0, 0x00, 0xc9, 0xad,
    0xed, 0xda, 0x0b, 0xc3, 0x02, 0xed, 0x35, 0xf5, 0xdc, 0xe0, 0x2c, 0x07, 0xfe, 0xed, 0xcd, 0xf2,
    0x20, 0x29, 0xdf, 0xfa, 0x06, 0x20, 0x06, 0xe4, 0x35, 0x59, 0x2b, 0xef, 0x01, 0xfd, 0x3c, 0x04,
    0xf2, 0xb5, 0x0d, 0xe3, 0x2e, 0x1e, 0xe6, 0xd4, 0xad, 0xf9, 0x1d, 0x1b, 0x03, 0xc5, 0x9f, 0xf4,
    0xe0, 0xba, 0x14, 0xf5, 0xfd, 0x33, 0x31, 0x2a, 0xff, 0x1e, 0x1b, 0x51, 0x4e, 0x5c, 0x65, 0x58,
    0x2a, 0x4d, 0x59, 0x2c, 0x42, 0x5f, 0x46, 0x2d, 0x42, 0xef, 0xdc, 0xb2, 0xd2, 0xc2, 0xa1, 0xd3,
    0xbb, 0xc7, 0xdf, 0xce, 0xf9, 0x2b, 0x34, 0xf3, 0xdc, 0x06, 0xce, 0xda, 0x27, 0x44, 0x27, 0x0a,
    0x15, 0xf6, 0xd9, 0xd3, 0xf0, 0x0f, 0x1d, 0xef, 0xf1, 0x0f, 0xfc, 0x09, 0x01, 0x2b, 0xee, 0xc4,
    0xbd, 0xd7, 0xe4, 0xb9, 0xaa, 0xac, 0xf3, 0xc0, 0xdb, 0xe1, 0xd9, 0x18, 0x0a, 0xf8, 0xc7, 0x14,
    0x45, 0xf0, 0x1e, 0x1d, 0xf9, 0x25, 0xf5, 0xe2, 0xd4, 0xd3, 0x1e, 0xe9, 0xbf, 0x06, 0x35, 0x19,
    0x2f, 0x52, 0x3f, 0x35, 0x52, 0x2b, 0x22, 0xd9, 0x1a, 0x3b, 0x3d, 0x58, 0x20, 0x06, 0xf0, 0x05,
    0x34, 0x0e, 0xfc, 0xed, 0x2e, 0x11, 0x3f, 0x14, 0x3d, 0x09, 0x37, 0xe5, 0x15, 0xe1, 0xde, 0xda,
    0xdb, 0x14, 0x3e, 0xfe, 0x34, 0xfb, 0x01, 0x0d, 0x2d, 0x21, 0x3c, 0x1f, 0x1b, 0x2e, 0x31, 0x24,
    0xf1, 0xc0, 0x0f, 0x30, 0x06, 0x02, 0x34, 0x45, 0x15, 0xf3, 0xef, 0xfe, 0xc8, 0xee, 0xd3, 0xbf,
    0x10, 0x12, 0xf2, 0xc5, 0x09, 0x31, 0x24, 0xe0, 0x1c, 0x0c, 0xf3, 0xfa, 0x2b, 0x09, 0xdd, 0xf7,
    0x2f, 0xf4, 0xf3, 0xfc, 0x34, 0x51, 0x62, 0x58, 0x5b, 0x34, 0x26, 0x10, 0x38, 0xf2, 0x0f, 0xd7,
    0x0b, 0xdc, 0x0d, 0x27, 0xf5, 0x2f, 0x00, 0xe9, 0xca, 0xad, 0xf7, 0xe5, 0x24, 0xe0, 0xd3, 0xc3,
    0xed, 0xf4, 0xca, 0xb7, 0xcf, 0x0a, 0xfd, 0xcf, 0xc4, 0xee, 0x0d, 0x0f, 0x0f, 0x00, 0x1b, 0x3b,
    0x26, 0x39, 0x2d, 0xfc, 0xef, 0x24, 0x2e, 0x4d, 0x4c, 0xfc, 0xe1, 0xdd, 0xd0, 0xe8, 0xd1, 0xe9,
    0xc1, 0xb7, 0x0a, 0x01, 0x2d, 0xe6, 0xd3, 0xc2, 0xc6, 0xfd, 0xdb, 0x1f, 0x33, 0x0e, 0x28, 0x04,
    0xe0, 0xfb, 0xce, 0xd7, 0xf1, 0xd0, 0x00, 0x08, 0x15, 0xda, 0xe1, 0xda, 0xb9, 0xe8, 0x07, 0x10,
    0xee, 0x0c, 0x08, 0x1e, 0x21, 0x04, 0x25, 0x01, 0xfc, 0x03, 0xf5, 0xcc, 0xe0, 0xff, 0x2c, 0x20,
    0x3d, 0x41, 0x17, 0x09, 0x2b, 0x3f, 0x31, 0xf7, 0x0e, 0x19, 0x00, 0xd9, 0xe6, 0xcd, 0xc5, 0xb9,
    0xf5, 0xe6, 0xc9, 0xd0, 0xf1, 0x0f, 0x0a, 0x07, 0x00, 0xd1, 0x0d, 0xed, 0xca, 0xb8, 0xf7, 0x0e,
    0x0b, 0xed, 0xce, 0x10, 0xf1, 0x05, 0xf3, 0xf8, 0xe4, 0xe4, 0xd4, 0x0f, 0x0f, 0x18, 0x12, 0xfe,
    0xfd, 0xf8, 0xda, 0x01, 0x0c, 0x34, 0x42, 0x22, 0x01, 0x12, 0x01, 0xef, 0x23, 0xfa, 0x0c, 0x01,
    0x29, 0xf7, 0x0f, 0x0c, 0xfc, 0x0b, 0xf7, 0xdf, 0xc5, 0x00, 0xdc, 0xc5, 0xc5, 0x08, 0xfa, 0xfe,
    0xff, 0xdd, 0xdc, 0x05, 0xf6, 0x1c, 0x03, 0x07, 0xfa, 0x06, 0x0d, 0xf0, 0xfc, 0x1b, 0xff, 0xea,
    0xf4, 0xe9, 0x17, 0xea, 0x19, 0xf1, 0x10, 0x0a, 0xe7, 0xe8, 0xe7, 0xd3, 0xc0, 0xe5, 0x0c, 0xfa,
    0xef, 0x16, 0xf9, 0xf6, 0xef, 0xdb, 0x03, 0x26, 0x0e, 0xf1, 0xea, 0xdc, 0x0b, 0x06, 0xed, 0xe7,
    0x15, 0x31, 0x11, 0x1e, 0xff, 0xfe, 0xf3, 0xf3, 0x1e, 0x1e, 0x05, 0x27, 0x20, 0xfc, 0x01, 0xfb,
    0x1e, 0x19, 0x26, 0x3a, 0x49, 0x31, 0x29, 0x0d, 0x04, 0x03, 0x04, 0x0e, 0x26, 0x2f, 0x16, 0x10,
    0xef, 0x07, 0x2b, 0x31, 0x33, 0x33, 0x13, 0x17, 0xf1, 0x15, 0x10, 0x05, 0xf4, 0xf5, 0x1d, 0xe8,
    0xe3, 0x05, 0x16, 0x21, 0x0f, 0x27, 0xf7, 0xfd, 0x22, 0x2f, 0x01, 0xe2, 0xe5, 0xe6, 0xf7, 0xfe,
    0x0f, 0x1e, 0x17, 0x28, 0x1a, 0xfb, 0x12, 0x11, 0x28, 0x20, 0x14, 0x2c, 0x0c, 0x1c, 0x2e, 0xf6,
    0xe0, 0xd8, 0xc9, 0xe4, 0x09, 0x10, 0x24, 0x1d, 0x18, 0xf1, 0xf3, 0xf9, 0x22, 0x20, 0x29, 0x20,
    0xf9, 0x11, 0xf4, 0x02, 0x05, 0xe0, 0x13, 0x02, 0x06, 0xe3, 0x11, 0x1f, 0x25, 0x26, 0x35, 0x0c,
    0xfa, 0xf0, 0x13, 0xee, 0x19, 0x12, 0xee, 0x02, 0x04, 0x12, 0x09, 0x1e, 0xfe, 0xea, 0x18, 0x29,
    0x23, 0x28, 0xf2, 0xdc, 0xf4, 0xe9, 0xd7, 0x08, 0x25, 0x2a, 0x18, 0x1e, 0x10, 0x20, 0xf9, 0xdc,
    0xcc, 0x03, 0xf0, 0x02, 0x0d, 0xf0, 0x11, 0x00, 0xeb, 0xed, 0xff, 0xfa, 0xf8, 0xfc, 0xfe, 0xe0,
    0xf4, 0xf0, 0xde, 0xf1, 0xf0, 0xd5, 0x01, 0x12, 0xf2, 0x0f, 0xed, 0xff, 0xef, 0xf4, 0xeb, 0xf9,
    0x19, 0x01, 0x01, 0xfa, 0xfb, 0xe4, 0xf0, 0xe2, 0xe7, 0xf1, 0xe6, 0x02, 0x13, 0x2a, 0x0e, 0x13,
    0x15, 0x10, 0x24, 0x0a, 0xff, 0xf6, 0xf7, 0xe5, 0xfb, 0x0b, 0x13, 0x11, 0x17, 0xf3, 0x00, 0x0a,
    0x19, 0xfd, 0x1c, 0x2e, 0x31, 0x38, 0x04, 0xf4, 0xe5, 0x00, 0x17, 0x0c, 0xf4, 0x19, 0xf8, 0x17,
    0x2d, 0x30, 0x26, 0xfe, 0xde, 0xe0, 0x03, 0xee, 0xe3, 0xeb, 0xe5, 0x0f, 0xf5, 0xe4, 0x11, 0x20,
    0x32, 0x3a, 0x3f, 0x05, 0xe5, 0xd6, 0xe0, 0xef, 0xde, 0xe3, 0x10, 0x12, 0x15, 0x28, 0xfb, 0x0b,
    0xe7, 0xe0, 0x0a, 0x1a, 0x07, 0x1a, 0x05, 0x08, 0xe5, 0xed, 0x13, 0xfa, 0xe3, 0x0d, 0x24, 0x12,
    0xf1, 0xe1, 0xdb, 0xf4, 0xe5, 0xd7, 0xea, 0xf2, 0x17, 0xee, 0xee, 0xea, 0x08, 0xf2, 0x12, 0x19,
    0x0e, 0xee, 0xe8, 0xef, 0xfc, 0x1b, 0xf9, 0x0c, 0x09, 0x0e, 0xea, 0xe2, 0xed, 0x0a, 0x09, 0x07,
    0xea, 0x11, 0xf3, 0x12, 0xf9, 0xf3, 0xf4, 0xf9, 0x16, 0x26, 0x24, 0x2b, 0x07, 0xeb, 0xd7, 0xdf,
    0xf4, 0xf1, 0xee, 0xeb, 0xf4, 0xfe, 0x13, 0x23, 0x19, 0x0d, 0x15, 0x21, 0x06, 0xec, 0xf2, 0x08,
    0xf2, 0xe1, 0xf3, 0xee, 0x13, 0x00, 0x02, 0x05, 0x01, 0x0d, 0x23, 0x2e, 0x0c, 0x1b, 0x06, 0x09,
    0x12, 0x05, 0x1a, 0x28, 0x29, 0x1b, 0x19, 0x26, 0x0f, 0x19, 0x10, 0x01, 0xfc, 0xe2, 0x08, 0x09,
    0xef, 0xfe, 0xf2, 0xf5, 0xe4, 0xea, 0x09, 0x03, 0xff, 0xfd, 0xe4, 0xe8, 0xe1, 0xfe, 0xfe, 0xf5,
    0x08, 0xee, 0x07, 0xed, 0xe4, 0x04, 0x01, 0xfc, 0xfa, 0x14, 0x21, 0x00, 0xfe, 0x0f, 0x1b, 0xfd,
    0x0f, 0xf3, 0xe8, 0xe0, 0xd8, 0xff, 0xe8, 0xfc, 0xe7, 0xff, 0x17, 0xf4, 0xe1, 0xd6, 0xee, 0xde,
    0xfc, 0x09, 0xeb, 0xff, 0x17, 0xfe, 0x09, 0x0f, 0x0d, 0x10, 0x06, 0x19, 0x26, 0x1e, 0x17, 0x08,
    0x0a, 0x0b, 0xfa, 0xfd, 0xf2, 0xe6, 0xea, 0xec, 0x09, 0x09, 0x17, 0x04, 0x12, 0x1d, 0x0b, 0xed,
    0xeb, 0xdd, 0xf0, 0x0e, 0x02, 0x01, 0xf7, 0x0c, 0xef, 0xec, 0x08, 0x00, 0xf1, 0x08, 0xfd, 0x12,
    0xf9, 0x03, 0x08, 0x14, 0x1a, 0x0c, 0x09, 0x02, 0x0c, 0x06, 0xeb, 0xfc, 0xee, 0xf2, 0xed, 0xe5,
    0xe2, 0xe7, 0xf7, 0xed, 0xfa, 0xfb, 0xe5, 0xf4, 0xf4, 0xfc, 0x13, 0x18, 0x0a, 0xff, 0x06, 0x19,
    0x0f, 0xf8, 0xf9, 0xfe, 0x0b, 0xf1, 0xe3, 0xf1, 0x08, 0x02, 0x0d, 0x11, 0x19, 0x1d, 0xfd, 0xef,
    0xfe, 0xf5, 0xf1, 0xe7, 0xf4, 0x0a, 0x1a, 0x09, 0x05, 0x09, 0x06, 0xf9, 0x04, 0xfe, 0x0b, 0x0b,
    0x1d, 0x18, 0x24, 0x11, 0x1e, 0x04, 0x16, 0x21, 0x21, 0x25, 0x14, 0x04, 0xf3, 0xe7, 0xf1, 0xf8,
    0xeb, 0xe3, 0xdc, 0xef, 0x0d, 0x02, 0x14, 0x0c, 0x0b, 0xfa, 0x01, 0xff, 0x0c, 0xf3, 0xf7, 0x02,
    0xf8, 0xe7, 0xf8, 0xf8, 0xea, 0xe3, 0xf9, 0x0a, 0x07, 0x0f, 0x13, 0x17, 0x0e, 0x05, 0x02, 0xf3,
    0xfd, 0xfd, 0xf4, 0xf9, 0x00, 0x0b, 0xff, 0x10, 0x00, 0x00, 0xf4, 0xe4, 0xef, 0xf1, 0xec, 0xf6,
    0xfa, 0x06, 0x11, 0x12, 0x18, 0x20, 0x16, 0x1c, 0x04, 0xfe, 0xee, 0xec, 0xe0, 0xfb, 0x0c, 0xf5,
    0xed, 0xf3, 0xf6, 0xef, 0x04, 0x06, 0xf7, 0xe9, 0xf4, 0xe6, 0xf6, 0x0c, 0xff, 0xf8, 0xea, 0xf1,
    0x0b, 0x05, 0xf3, 0xfc, 0xfc, 0x09, 0x01, 0x06, 0x06, 0x0a, 0xff, 0xfc, 0x04, 0xf5, 0x09, 0x12,
    0x0b, 0x0c, 0xf7, 0xf1, 0x0c, 0x07, 0xf4, 0xf9, 0xfd, 0x10, 0x1b, 0x07, 0x0e, 0x1a, 0x12, 0x01,
    0xfe, 0x07, 0xf8, 0x05, 0xf9, 0x06, 0x03, 0xfa, 0xfa, 0x0d, 0xfb, 0x11, 0xff, 0x02, 0x00, 0x02,
    0xff, 0xf2, 0xe8, 0xe9, 0xea, 0xe4, 0xe6, 0xe6, 0x02, 0x0b, 0x0a, 0x09, 0x18, 0x00, 0x13, 0x14,
    0x1d, 0x03, 0x0f, 0x18, 0x07, 0x14, 0x1a, 0x1b, 0x01, 0x0e, 0x0b, 0x18, 0x0c, 0x16, 0xfe, 0xf9,
    0xf3, 0xf8, 0xec, 0xea, 0xfa, 0x0e, 0x00, 0xee, 0xfc, 0xfd, 0xec, 0xf1, 0xe9, 0x03, 0xef, 0xe8,
    0x06, 0xf6, 0x05, 0xf7, 0xff, 0xf9, 0xec, 0x03, 0xfb, 0x09, 0x04, 0x05, 0x0f, 0xf8, 0x0e, 0x17,
    0x0d, 0x0c, 0xf6, 0xef, 0xe6, 0xf3, 0x02, 0xff, 0xef, 0xfc, 0x06, 0x03, 0xf4, 0xe8, 0xe6, 0xf2,
    0xf0, 0xf3, 0xe7, 0xfd, 0x0b, 0xf5, 0xf2, 0x03, 0x12, 0x09, 0x17, 0x03, 0x09, 0x17, 0x13, 0x0f,
    0xfc, 0xed, 0x05, 0x07, 0xf5, 0xf6, 0xfa, 0x04, 0x0c, 0xfb, 0xf9, 0x0d, 0x10, 0x08, 0xfd, 0x05,
    0x12, 0xfa, 0x00, 0xf6, 0x00, 0x10, 0x00, 0x07, 0xfd, 0xee, 0xee, 0xfb, 0xf6, 0xf9, 0xfc, 0x05,
    0x02, 0x08, 0x0e, 0xf8, 0xf6, 0x0a, 0xf6, 0x04, 0x0b, 0x07, 0x09, 0xf6, 0xff, 0xef, 0xe8, 0xe7,
    0xee, 0x02, 0x03, 0xf7, 0xfb, 0xef, 0xf0, 0xf4, 0xeb, 0xea, 0xf6, 0xff, 0x04, 0xfd, 0xf8, 0x0c,
    0xf9, 0x0b, 0x0f, 0x01, 0xf6, 0x00, 0x05, 0xfc, 0xfa, 0x00, 0xfc, 0xf6, 0xf1, 0xf7, 0xff, 0xf5,
    0xf8, 0x08, 0xfb, 0xfe, 0x05, 0xfd, 0xfc, 0xfb, 0xf6, 0xec, 0xed, 0xef, 0xfb, 0xf9, 0x01, 0xf1,
    0x07, 0x0b, 0xfb, 0xf9, 0x07, 0x12, 0xfa, 0x02, 0xfb, 0x04, 0x02, 0xfa, 0x09, 0x08, 0x0c, 0x0c,
    0xff, 0x08, 0x0e, 0x05, 0x00, 0x00, 0xf5, 0x0a, 0xfd, 0xf5, 0x05, 0x11, 0xfa, 0xf7, 0xfa, 0xf3,
    0xf5, 0xf4, 0xf5, 0xfa, 0xf9, 0xf0, 0xf5, 0xeb, 0xf6, 0x02, 0x10, 0xf9, 0x03, 0xf6, 0x03, 0xfc,
    0xf7, 0xfe, 0x06, 0xfb, 0x00, 0x02, 0x03, 0xf6, 0x00, 0x07, 0x0e, 0xfb, 0xfa, 0x0a, 0x05, 0x01,
    0xf2, 0xfb, 0x04, 0xf8, 0x03, 0x03, 0x0c, 0xfd, 0xfe, 0x0d, 0x13, 0x0e, 0x0f, 0x11, 0x0f, 0x06,
    0xff, 0x0b, 0x07, 0x03, 0xf6, 0xf4, 0xf8, 0xfb, 0x00, 0xf7, 0x05, 0x03, 0xf6, 0x06, 0x11, 0x0b,
    0x11, 0x11, 0x15, 0x1a, 0x13, 0x0c, 0x0f, 0x0d, 0x10, 0xff, 0x00, 0xfd, 0x08, 0xfc, 0x0c, 0xfe,
    0x03, 0x07, 0x0b, 0x14, 0x0f, 0x07, 0xf7, 0xfb, 0xfa, 0xfd, 0x03, 0xf8, 0xfc, 0x06, 0x09, 0x13,
    0x05, 0x06, 0x01, 0x0d, 0x0e, 0x04, 0x00, 0x07, 0x06, 0x06, 0xf7, 0x08, 0x08, 0xf9, 0x06, 0x01,
    0x05, 0x02, 0xf6, 0x00, 0x06, 0x0c, 0x03, 0xfa, 0x05, 0xfc, 0xf2, 0xf0, 0xfc, 0xf9, 0xf3, 0x04,
    0x0f, 0x04, 0xf7, 0xf0, 0xf6, 0xf5, 0xf6, 0xf9, 0xf4, 0x05, 0x0e, 0xfe, 0x04, 0xf5, 0x07, 0x07,
    0xfe, 0xf6, 0xf6, 0x06, 0x07, 0xfb, 0x07, 0x06, 0x0d, 0x03, 0xf5, 0xee, 0xf8, 0xf0, 0xf4, 0xf2,
    0x03, 0x06, 0x09, 0x0c, 0xfb, 0xfd, 0x0b, 0x04, 0xff, 0xfc, 0x00, 0x0b, 0x03, 0x03, 0x08, 0xf8,
    0x00, 0xf9, 0xf8, 0xf0, 0xfd, 0xf4, 0xfe, 0xf4, 0xed, 0xec, 0xf7, 0xf7, 0x06, 0x06, 0x0f, 0x0a,
    0x04, 0x08, 0xfc, 0xff, 0x04, 0xfa, 0xf4, 0xef, 0xf0, 0xf9, 0xfe, 0xff, 0x0b, 0x00, 0x0d, 0x0b,
    0x03, 0x02, 0xf7, 0x01, 0x0c, 0x03, 0x00, 0xf5, 0x06, 0x05, 0x0a, 0x0f, 0x08, 0x03, 0xf8, 0xf5,
    0xf7, 0xf2, 0xf9, 0xf4, 0xf5, 0xfa, 0xfa, 0x00, 0xf8, 0xff, 0x02, 0xfd, 0xfd, 0x03, 0xfd, 0xf7,
    0xf7, 0xf8, 0xff, 0x08, 0xff, 0x01, 0xff, 0xff, 0x09, 0x10, 0x12, 0x10, 0x0d, 0xfe, 0x03, 0xfe,
    0x04, 0x0d, 0x0f, 0x0c, 0x0e, 0x09, 0x0a, 0x0f, 0x13, 0x02, 0xfe, 0xf7, 0x00, 0xfa, 0x04, 0xf8,
    0x01, 0x04, 0xf9, 0xfd, 0xfc, 0xf9, 0xff, 0xf4, 0xf2, 0xf0, 0xef, 0xf1, 0x00, 0xf5, 0xf0, 0xf9,
    0x04, 0x0a, 0x02, 0xfa, 0x03, 0x00, 0x09, 0x04, 0x07, 0xfc, 0x04, 0x08, 0x07, 0x03, 0xf9, 0xfa,
    0xf5, 0xfd, 0x04, 0xf9, 0x06, 0xfb, 0xfb, 0xf7, 0xfd, 0xfd, 0x09, 0x0d, 0xff, 0x04, 0xfc, 0xfe,
    0x00, 0x05, 0xfe, 0xf9, 0x01, 0xfa, 0xf5, 0xfc, 0x07, 0xfd, 0x04, 0xfe, 0x02, 0x06, 0x06, 0xf9,
    0xfc, 0xf6, 0x04, 0xf8, 0xf6, 0xfe, 0x08, 0xfc, 0xfa, 0xfd, 0x06, 0xfe, 0x02, 0x00, 0x06, 0xff,
    0x09, 0xfe, 0xf6, 0xf7, 0xf2, 0x01, 0xfd, 0xfb, 0xfa, 0xf7, 0xf6, 0xf3, 0xf5, 0xf8, 0xf4, 0xfa,
    0xf4, 0xf5, 0xf1, 0xf0, 0xfb, 0xfa, 0x02, 0x05, 0x09, 0x09, 0x03, 0x00, 0xf8, 0x00, 0x0a, 0x0d,
    0x06, 0xfa, 0xf8, 0xfa, 0x07, 0x03, 0x0b, 0x05, 0xfb, 0x03, 0x02, 0x06, 0x0b, 0x0f, 0x01, 0xfb,
    0xfc, 0x06, 0x06, 0x00, 0xfe, 0x02, 0xfb, 0xfc, 0x05, 0x05, 0xfe, 0xfe, 0xfb, 0x05, 0x02, 0x0a,
    0x0a, 0x0e, 0x04, 0x04, 0x02, 0x0a, 0xfc, 0xfa, 0x03, 0x05, 0x07, 0x0b, 0x05, 0x04, 0x08, 0xfc,
    0xff, 0xf7, 0xf8, 0x03, 0xfc, 0xf5, 0xf2, 0xfe, 0x02, 0x00, 0xfa, 0x02, 0x07, 0xfd, 0x03, 0x08,
    0xfc, 0x00, 0x08, 0xfe, 0xfe, 0xf9, 0xf7, 0xf4, 0xf3, 0xf7, 0xf5, 0xfb, 0x07, 0x07, 0x08, 0x0a,
    0x0a, 0x04, 0x0a, 0xfe, 0xf7, 0x03, 0x0a, 0x09, 0x09, 0x0a, 0xfd, 0x07, 0x0c, 0x0e, 0x0b, 0x08,
    0x0b, 0x07, 0x0a, 0x07, 0x06, 0xfd, 0x03, 0x08, 0x03, 0x06, 0xff, 0xf7, 0xf8, 0xfb, 0xf7, 0x02,
    0x03, 0xfb, 0xf5, 0xfe, 0xff, 0x04, 0x06, 0x0a, 0x0c, 0x0c, 0x0c, 0x0d, 0xfe, 0xfc, 0x05, 0xfc,
    0xb0, 0xba, 0xc3, 0xcd, 0xd6, 0xdf, 0xe8, 0xf2, 0xfb, 0x04, 0x0d, 0x17, 0x20, 0x29, 0x32, 0x3b,
    0x45, 0x4e, 0x57, 0xb0, 0xb9, 0xc3, 0xcc, 0xd5, 0xde, 0xe7, 0xf0, 0xf9, 0x02, 0x0b, 0x14, 0x1d,
    0x26, 0x2f, 0x38, 0x41, 0x4a, 0x53, 0xaf, 0xb8, 0xc1, 0xca, 0xd3, 0xdc, 0xe4, 0xed, 0xf6, 0xff,
    0x08, 0x11, 0x1a, 0x23, 0x2b, 0x34, 0x3d, 0x46, 0x4f, 0xac, 0xb5, 0xbd, 0xc6, 0xcf, 0xd8, 0xe1,
    0xe9, 0xf2, 0xfb, 0x03, 0x0c, 0x15, 0x1d, 0x26, 0x2f, 0x37, 0x40, 0x48, 0x51, 0xb0, 0xb9, 0xc2,
    0xca, 0xd3, 0xdb, 0xe4, 0xed, 0xf5, 0xfe, 0x06, 0x0f, 0x17, 0x20, 0x28, 0x30, 0x39, 0x41, 0x4a,
    0x52, 0xb3, 0xbc, 0xc4, 0xcd, 0xd5, 0xdd, 0xe6, 0xee, 0xf7, 0xff, 0x07, 0x10, 0x18, 0x20, 0x28,
    0x31, 0x39, 0x41, 0x49, 0x51, 0xb5, 0xbd, 0xc5, 0xce, 0xd6, 0xde, 0xe6, 0xee, 0xf7, 0xff, 0x07,
    0x0f, 0x17, 0x1f, 0x27, 0x2f, 0x37, 0x3f, 0x47, 0x50, 0xb5, 0xbd, 0xc5, 0xcd, 0xd5, 0xdd, 0xe5,
    0xed, 0xf5, 0xfd, 0x05, 0x0d, 0x15, 0x1d, 0x25, 0x2d, 0x35, 0x3c, 0x44, 0x4c, 0xb4, 0xbc, 0xc3,
    0xcb, 0xd3, 0xdb, 0xe3, 0xeb, 0xf3, 0xfa, 0x02, 0x0a, 0x12, 0x19, 0x21, 0x29, 0x30, 0x38, 0x40,
    0x47, 0xb1, 0xb9, 0xc0, 0xc8, 0xd0, 0xd8, 0xdf, 0xe7, 0xee, 0xf6, 0xfe, 0x05, 0x0d, 0x14, 0x1c,
    0x24, 0x2b, 0x33, 0x3a, 0x42, 0x49, 0xb5, 0xbc, 0xc4, 0xcb, 0xd3, 0xda, 0xe2, 0xe9, 0xf1, 0xf8,
    0x00, 0x07, 0x0e, 0x16, 0x1d, 0x24, 0x2c, 0x33, 0x3a, 0x42, 0x49, 0xb7, 0xbe, 0xc6, 0xcd, 0xd4,
    0xdb, 0xe3, 0xea, 0xf1, 0xf9, 0x00, 0x07, 0x0e, 0x15, 0x1d, 0x24, 0x2b, 0x32, 0x39, 0x40, 0x47,
    0xb7, 0xbf, 0xc6, 0xcd, 0xd4, 0xdb, 0xe2, 0xe9, 0xf1, 0xf8, 0xff, 0x06, 0x0d, 0x14, 0x1b, 0x22,
    0x29, 0x30, 0x37, 0x3e, 0x45, 0xb7, 0xbe, 0xc5, 0xcc, 0xd3, 0xda, 0xe1, 0xe7, 0xee, 0xf5, 0xfc,
    0x03, 0x0a, 0x11, 0x18, 0x1e, 0x25, 0x2c, 0x33, 0x39, 0x40, 0x47, 0xbb, 0xc2, 0xc9, 0xd0, 0xd7,
    0xdd, 0xe4, 0xeb, 0xf2, 0xf8, 0xff, 0x06, 0x0c, 0x13, 0x1a, 0x20, 0x27, 0x2d, 0x34, 0x3b, 0x41,
    0x48, 0xbe, 0xc5, 0xcc, 0xd2, 0xd9, 0xdf, 0xe6, 0xed, 0xf3, 0xfa, 0x00, 0x07, 0x0d, 0x14, 0x1a,
    0x21, 0x27, 0x2d, 0x34, 0x3a, 0x41, 0xb9, 0xc0, 0xc6, 0xcd, 0xd3, 0xda, 0xe0, 0xe6, 0xed, 0xf3,
    0xfa, 0x00, 0x06, 0x0d, 0x13, 0x19, 0x1f, 0x26, 0x2c, 0x32, 0x38, 0x3f, 0x45, 0xc0, 0xc6, 0xcc,
    0xd3, 0xd9, 0xdf, 0xe5, 0xec, 0xf2, 0xf8, 0xfe, 0x04, 0x0a, 0x11, 0x17, 0x1d, 0x23, 0x29, 0x2f,
    0x35, 0x3b, 0x41, 0xbf, 0xc5, 0xcb, 0xd1, 0xd7, 0xdd, 0xe3, 0xe9, 0xef, 0xf5, 0xfb, 0x01, 0x07,
    0x0d, 0x13, 0x19, 0x1f, 0x25, 0x2a, 0x30, 0x36, 0x3c, 0x42, 0xc2, 0xc8, 0xce, 0xd3, 0xd9, 0xdf,
    0xe5, 0xeb, 0xf1, 0xf7, 0xfc, 0x02, 0x08, 0x0e, 0x14, 0x19, 0x1f, 0x25, 0x2a, 0x30, 0x36, 0x3b,
    0x41, 0xc3, 0xc9, 0xcf, 0xd5, 0xda, 0xe0, 0xe6, 0xeb, 0xf1, 0xf7, 0xfc, 0x02, 0x07, 0x0d, 0x13,
    0x18, 0x1e, 0x23, 0x29, 0x2e, 0x34, 0x39, 0x3f, 0xc3, 0xc9, 0xcf, 0xd4, 0xda, 0xdf, 0xe5, 0xea,
    0xf0, 0xf5, 0xfb, 0x00, 0x05, 0x0b, 0x10, 0x16, 0x1b, 0x20, 0x26, 0x2b, 0x31, 0x36, 0x3b, 0xc2,
    0xc8, 0xcd, 0xd2, 0xd8, 0xdd, 0xe2, 0xe8, 0xed, 0xf2, 0xf8, 0xfd, 0x02, 0x07, 0x0d, 0x12, 0x17,
    0x1c, 0x21, 0x27, 0x2c, 0x31, 0x36, 0x3b, 0xc5, 0xca, 0xcf, 0xd4, 0xda, 0xdf, 0xe4, 0xe9, 0xee,
    0xf3, 0xf8, 0xfd, 0x03, 0x08, 0x0d, 0x12, 0x17, 0x1c, 0x21, 0x26, 0x2b, 0x30, 0x35, 0x3a, 0xc6,
    0xcb, 0xd0, 0xd5, 0xda, 0xdf, 0xe4, 0xe9, 0xee, 0xf3, 0xf8, 0xfd, 0x02, 0x06, 0x0b, 0x10, 0x15,
    0x1a, 0x1f, 0x24, 0x28, 0x2d, 0x32, 0x37, 0xc5, 0xca, 0xcf, 0xd4, 0xd9, 0xde, 0xe2, 0xe7, 0xec,
    0xf1, 0xf5, 0xfa, 0xff, 0x04, 0x08, 0x0d, 0x12, 0x17, 0x1b, 0x20, 0x25, 0x29, 0x2e, 0x32, 0x37,
    0xc8, 0xcd, 0xd1, 0xd6, 0xdb, 0xdf, 0xe4, 0xe9, 0xed, 0xf2, 0xf7, 0xfb, 0x00, 0x04, 0x09, 0x0d,
    0x12, 0x16, 0x1b, 0x1f, 0x24, 0x28, 0x2d, 0x31, 0x36, 0xc9, 0xce, 0xd2, 0xd7, 0xdb, 0xe0, 0xe4,
    0xe9, 0xed, 0xf2, 0xf6, 0xfb, 0xff, 0x03, 0x08, 0x0c, 0x10, 0x15, 0x19, 0x1d, 0x22, 0x26, 0x2a,
    0x2f, 0x33, 0xc9, 0xcd, 0xd2, 0xd6, 0xda, 0xdf, 0xe3, 0xe7, 0xec, 0xf0, 0xf4, 0xf8, 0xfd, 0x01,
    0x05, 0x09, 0x0d, 0x12, 0x16, 0x1a, 0x1e, 0x22, 0x26, 0x2b, 0x2f, 0x33, 0xcc, 0xd0, 0xd4, 0xd8,
    0xdc, 0xe0, 0xe5, 0xe9, 0xed, 0xf1, 0xf5, 0xf9, 0xfd, 0x01, 0x05, 0x09, 0x0d, 0x11, 0x15, 0x19,
    0x1d, 0x21, 0x25, 0x29, 0x2d, 0x31, 0xcd, 0xd1, 0xd5, 0xd9, 0xdd, 0xe1, 0xe5, 0xe8, 0xec, 0xf0,
    0xf4, 0xf8, 0xfc, 0x00, 0x04, 0x08, 0x0c, 0x0f, 0x13, 0x17, 0x1b, 0x1f, 0x22, 0x26, 0x2a, 0x2e,
    0x31, 0xd0, 0xd4, 0xd8, 0xdb, 0xdf, 0xe3, 0xe7, 0xeb, 0xee, 0xf2, 0xf6, 0xfa, 0xfd, 0x01, 0x05,
    0x08, 0x0c, 0x10, 0x13, 0x17, 0x1b, 0x1e, 0x22, 0x25, 0x29, 0x2d, 0x30, 0xd2, 0xd5, 0xd9, 0xdd,
    0xe0, 0xe4, 0xe7, 0xeb, 0xef, 0xf2, 0xf6, 0xf9, 0xfd, 0x00, 0x04, 0x07, 0x0b, 0x0e, 0x12, 0x15,
    0x19, 0x1c, 0x20, 0x23, 0x27, 0x2a, 0x2e, 0xd2, 0xd5, 0xd9, 0xdc, 0xe0, 0xe3, 0xe7, 0xea, 0xed,
    0xf1, 0xf4, 0xf8, 0xfb, 0xfe, 0x02, 0x05, 0x08, 0x0c, 0x0f, 0x12, 0x16, 0x19, 0x1c, 0x20, 0x23,
    0x26, 0x29, 0x2d, 0xd4, 0xd7, 0xda, 0xde, 0xe1, 0xe4, 0xe8, 0xeb, 0xee, 0xf1, 0xf5, 0xf8, 0xfb,
    0xfe, 0x01, 0x05, 0x08, 0x0b, 0x0e, 0x11, 0x14, 0x18, 0x1b, 0x1e, 0x21, 0x24, 0x27, 0x2a, 0xd4,
    0xd7, 0xdb, 0xde, 0xe1, 0xe4, 0xe7, 0xea, 0xed, 0xf0, 0xf3, 0xf7, 0xfa, 0xfd, 0x00, 0x03, 0x06,
    0x09, 0x0c, 0x0f, 0x12, 0x15, 0x18, 0x1b, 0x1e, 0x21, 0x23, 0x26, 0x29, 0xd6, 0xd9, 0xdc, 0xdf,
    0xe2, 0xe5, 0xe8, 0xeb, 0xee, 0xf1, 0xf4, 0xf7, 0xfa, 0xfd, 0xff, 0x02, 0x05, 0x08, 0x0b, 0x0e,
    0x11, 0x13, 0x16, 0x19, 0x1c, 0x1f, 0x21, 0x24, 0x27, 0xd7, 0xda, 0xdd, 0xdf, 0xe2, 0xe5, 0xe8,
    0xeb, 0xed, 0xf0, 0xf3, 0xf6, 0xf8, 0xfb, 0xfe, 0x01, 0x03, 0x06, 0x09, 0x0b, 0x0e, 0x11, 0x13,
    0x16, 0x18, 0x1b, 0x1e, 0x20, 0x23, 0x25, 0xd9, 0xdb, 0xde, 0xe1, 0xe3, 0xe6, 0xe9, 0xeb, 0xee,
    0xf1, 0xf3, 0xf6, 0xf8, 0xfb, 0xfd, 0x00, 0x02, 0x05, 0x07, 0x0a, 0x0d, 0x0f, 0x11, 0x14, 0x16,
    0x19, 0x1b, 0x1e, 0x20, 0x23, 0x25, 0xdc, 0xde, 0xe1, 0xe3, 0xe6, 0xe8, 0xeb, 0xed, 0xef, 0xf2,
    0xf4, 0xf7, 0xf9, 0xfc, 0xfe, 0x00, 0x03, 0x05, 0x07, 0x0a, 0x0c, 0x0e, 0x11, 0x13, 0x15, 0x18,
    0x1a, 0x1c, 0x1e, 0x21, 0x23, 0xdd, 0xdf, 0xe2, 0xe4, 0xe6, 0xe9, 0xeb, 0xed, 0xef, 0xf2, 0xf4,
    0xf6, 0xf8, 0xfb, 0xfd, 0xff, 0x01, 0x04, 0x06, 0x08, 0x0a, 0x0c, 0x0e, 0x11, 0x13, 0x15, 0x17,
    0x19, 0x1b, 0x1d, 0x1f, 0x22, 0xdf, 0xe1, 0xe3, 0xe5, 0xe8, 0xea, 0xec, 0xee, 0xf0, 0xf2, 0xf4,
    0xf6, 0xf9, 0xfb, 0xfd, 0xff, 0x01, 0x03, 0x05, 0x07, 0x09, 0x0b, 0x0d, 0x0f, 0x11, 0x13, 0x15,
    0x17, 0x19, 0x1b, 0x1d, 0x1f, 0xdf, 0xe1, 0xe3, 0xe5, 0xe7, 0xe9, 0xeb, 0xed, 0xef, 0xf1, 0xf3,
    0xf5, 0xf7, 0xf9, 0xfb, 0xfd, 0xff, 0x01, 0x03, 0x05, 0x06, 0x08, 0x0a, 0x0c, 0x0e, 0x10, 0x12,
    0x13, 0x15, 0x17, 0x19, 0x1b, 0x1c, 0x1e, 0xe2, 0xe4, 0xe6, 0xe8, 0xea, 0xec, 0xee, 0xef, 0xf1,
    0xf3, 0xf5, 0xf7, 0xf8, 0xfa, 0xfc, 0xfe, 0xff, 0x01, 0x03, 0x05, 0x06, 0x08, 0x0a, 0x0b, 0x0d,
    0x0f, 0x10, 0x12, 0x14, 0x15, 0x17, 0x19, 0x1a, 0x1c, 0xe4, 0xe6, 0xe7, 0xe9, 0xeb, 0xec, 0xee,
    0xf0, 0xf1, 0xf3, 0xf5, 0xf6, 0xf8, 0xfa, 0xfb, 0xfd, 0xfe, 0x00, 0x02, 0x03, 0x05, 0x06, 0x08,
    0x09, 0x0b, 0x0c, 0x0e, 0x0f, 0x11, 0x12, 0x14, 0x15, 0x17, 0x18, 0x1a, 0xe6, 0xe7, 0xe9, 0xea,
    0xec, 0xed, 0xef, 0xf0, 0xf2, 0xf3, 0xf5, 0xf6, 0xf8, 0xf9, 0xfb, 0xfc, 0xfe, 0xff, 0x01, 0x02,
    0x03, 0x05, 0x06, 0x08, 0x09, 0x0a, 0x0c, 0x0d, 0x0e, 0x10, 0x11, 0x13, 0x14, 0x15, 0x17, 0x18,
    0xe7, 0xe9, 0xea, 0xec, 0xed, 0xee, 0xf0, 0xf1, 0xf2, 0xf4, 0xf5, 0xf6, 0xf8, 0xf9, 0xfa, 0xfc,
    0xfd, 0xfe, 0x00, 0x01, 0x02, 0x03, 0x05, 0x06, 0x07, 0x08, 0x0a, 0x0b, 0x0c, 0x0d, 0x0f, 0x10,
    0x11, 0x12, 0x13, 0x14, 0x16, 0x17, 0xea, 0xec, 0xed, 0xee, 0xef, 0xf1, 0xf2, 0xf3, 0xf4, 0xf5,
    0xf7, 0xf8, 0xf9, 0xfa, 0xfb, 0xfd, 0xfe, 0xff, 0x00, 0x01, 0x02, 0x03, 0x04, 0x06, 0x07, 0x08,
    0x09, 0x0a, 0x0b, 0x0c, 0x0d, 0x0e, 0x0f, 0x10, 0x11, 0x12, 0x13, 0x14, 0xec, 0xed, 0xee, 0xef,
    0xf0, 0xf1, 0xf3, 0xf4, 0xf5, 0xf6, 0xf7, 0xf8, 0xf9, 0xfa, 0xfb, 0xfc, 0xfd, 0xfe, 0xff, 0x00,
    0x01, 0x02, 0x03, 0x04, 0x05, 0x06, 0x07, 0x08, 0x09, 0x0a, 0x0a, 0x0b, 0x0c, 0x0d, 0x0e, 0x0f,
    0x10, 0x11, 0x12, 0x12, 0xee, 0xef, 0xf0, 0xf1, 0xf2, 0xf3, 0xf4, 0xf5, 0xf6, 0xf7, 0xf8, 0xf9,
    0xfa, 0xfa, 0xfb, 0xfc, 0xfd, 0xfe, 0xff, 0x00, 0x00, 0x01, 0x02, 0x03, 0x04, 0x05, 0x05, 0x06,
    0x07, 0x08, 0x09, 0x09, 0x0a, 0x0b, 0x0c, 0x0c, 0x0d, 0x0e, 0x0f, 0x0f, 0x10, 0xf0, 0xf1, 0xf2,
    0xf3, 0xf4, 0xf5, 0xf5, 0xf6, 0xf7, 0xf8, 0xf8, 0xf9, 0xfa, 0xfb, 0xfb, 0xfc, 0xfd, 0xfe, 0xfe,
    0xff, 0x00, 0x00, 0x01, 0x02, 0x03, 0x03, 0x04, 0x05, 0x05, 0x06, 0x07, 0x07, 0x08, 0x08, 0x09,
    0x0a, 0x0a, 0x0b, 0x0c, 0x0c, 0x0d, 0x0d, 0xf2, 0xf3, 0xf4, 0xf4, 0xf5, 0xf6, 0xf6, 0xf7, 0xf8,
    0xf8, 0xf9, 0xf9, 0xfa, 0xfb, 0xfb, 0xfc, 0xfd, 0xfd, 0xfe, 0xfe, 0xff, 0xff, 0x00, 0x01, 0x01,
    0x02, 0x02, 0x03, 0x03, 0x04, 0x04, 0x05, 0x05, 0x06, 0x06, 0x07, 0x07, 0x08, 0x08, 0x09, 0x09,
    0x0a, 0x0a, 0x0b, 0x0b, 0xf5, 0xf5, 0xf6, 0xf7, 0xf7, 0xf8, 0xf8, 0xf9, 0xf9, 0xfa, 0xfa, 0xfb,
    0xfb, 0xfc, 0xfc, 0xfd, 0xfd, 0xfe, 0xfe, 0xfe, 0xff, 0xff, 0x00, 0x00, 0x01, 0x01, 0x01, 0x02,
    0x02, 0x03, 0x03, 0x03, 0x04, 0x04, 0x05, 0x05, 0x05, 0x06, 0x06, 0x06, 0x07, 0x07, 0x07, 0x08,
    0x08, 0x08, 0x09, 0xf8, 0xf8, 0xf8, 0xf9, 0xf9, 0xfa, 0xfa, 0xfa, 0xfb, 0xfb, 0xfc, 0xfc, 0xfc,
    0xfd, 0xfd, 0xfd, 0xfe, 0xfe, 0xfe, 0xff, 0xff, 0xff, 0x00, 0x00, 0x00, 0x01, 0x01, 0x01, 0x01,
    0x02, 0x02, 0x02, 0x02, 0x03, 0x03, 0x03, 0x03, 0x04, 0x04, 0x04, 0x04, 0x05, 0x05, 0x05, 0x05,
    0x05, 0x06, 0x06, 0x06, 0xfa, 0xfb, 0xfb, 0xfb, 0xfb, 0xfc, 0xfc, 0xfc, 0xfc, 0xfd, 0xfd, 0xfd,
    0xfd, 0xfe, 0xfe, 0xfe, 0xfe, 0xff, 0xff, 0xff, 0xff, 0xff, 0x00, 0x00, 0x00, 0x00, 0x00, 0x00,
    0x01, 0x01, 0x01, 0x01, 0x01, 0x01, 0x01, 0x02, 0x02, 0x02, 0x02, 0x02, 0x02, 0x02, 0x02, 0x03,
    0x03, 0x03, 0x03, 0x03, 0x03, 0x03, 0x03, 0xfd, 0xfd, 0xfd, 0xfd, 0xfe, 0xfe, 0xfe, 0xfe, 0xfe,
    0xfe, 0xfe, 0xff, 0xff, 0xff, 0xff, 0xff, 0xff, 0xff, 0xff, 0xff, 0xff, 0x00, 0x00, 0x00, 0x00,
    0x00, 0x00, 0x00, 0x00, 0x00, 0x00, 0x00, 0x00, 0x00, 0x00, 0x00, 0x00, 0x00, 0x00, 0x00, 0x00,
    0x00, 0x00, 0x00, 0x00, 0x00, 0x00, 0x00, 0x00, 0x00, 0x00, 0x00, 0x00, 0x00, 0x00, 0x00, 0x00,
    0x42, 0x27, 0x35, 0x47, 0x37, 0x2b, 0x2d, 0x22, 0x34, 0x1b, 0x27, 0x33, 0x33, 0x1e, 0x10, 0x1c,
    0x43, 0x42, 0x3a, 0x31, 0x17, 0x1c, 0x3f, 0x5e, 0x4a, 0x49, 0x5a, 0x43, 0x43, 0x57, 0x5d, 0x4f,
    0x5c, 0x3f, 0x16, 0xf9, 0xdd, 0xd6, 0x02, 0x0c, 0x32, 0x0b, 0x20, 0x32, 0x49, 0x5a, 0x62, 0x79,
    0x67, 0x59, 0x36, 0x50, 0x6e, 0x56, 0x4d, 0x50, 0x4e, 0x0f, 0xf9, 0xdd, 0x01, 0xfc, 0xe5, 0xe0,
    0xd6, 0xbb, 0xa8, 0xb5, 0xb5, 0xce, 0xba, 0xb1, 0xb3, 0xa1, 0xb6, 0xaf, 0xa7, 0xcc, 0xcf, 0xaf,
    0xac, 0xce, 0xc6, 0xb5, 0xbe, 0xd1, 0xe2, 0xe0, 0xde, 0xef, 0xeb, 0xd4, 0xb1, 0xb2, 0xae, 0xa5,
    0xd1, 0xe2, 0xcd, 0xc0, 0xd3, 0xbd, 0xa0, 0xa8, 0xb2, 0xd2, 0xd2, 0xb5, 0xc4, 0xa5, 0xc2, 0xb2,
    0x94, 0x83, 0xfb, 0xf6, 0x0f, 0xf9, 0x1d, 0xfe, 0x1e, 0x2f, 0x3a, 0x2a, 0x26, 0x3d, 0x21, 0x11,
    0x24, 0x35, 0x47, 0x1f, 0x1b, 0x0a, 0xfa, 0xe8, 0xec, 0xe1, 0x02, 0xf8, 0x15, 0x01, 0x15, 0x3a,
    0x2e, 0x27, 0x1b, 0x36, 0x48, 0x4f, 0x3f, 0x5c, 0x48, 0x58, 0x65, 0x46, 0x43, 0x38, 0x4e, 0x28,
    0x28, 0x48, 0x22, 0x0f, 0x12, 0xfc, 0x0c, 0x18, 0x01, 0xfd, 0x20, 0x43, 0xe1, 0xf6, 0xf6, 0xd3,
    0xc9, 0xac, 0xb1, 0x9e, 0x96, 0xae, 0xb8, 0xa5, 0xa1, 0x8e, 0x91, 0x8a, 0xa7, 0xa7, 0xc2, 0xc1,
    0xac, 0x97, 0xb5, 0xa1, 0x92, 0xa3, 0x9a, 0x9b, 0xa9, 0xa8, 0xb6, 0xdb, 0xdd, 0xf4, 0x00, 0xf0,
    0xf4, 0xda, 0xb8, 0xa9, 0x92, 0x84, 0xb0, 0xc5, 0xb1, 0xc2, 0xc9, 0xd0, 0xf2, 0xe7, 0xdb, 0xdb,
    0xca, 0xe2, 0xdd, 0xe6, 0x05, 0x0b, 0x34, 0x1a, 0x16, 0x09, 0xfe, 0x0e, 0x26, 0x30, 0x38, 0x17,
    0x28, 0x47, 0x27, 0x3f, 0x37, 0x2c, 0x14, 0xf6, 0x1d, 0x1d, 0x00, 0x26, 0x22, 0x25, 0x08, 0x0d,
    0x03, 0x1a, 0xfa, 0xf9, 0x19, 0x00, 0x01, 0x22, 0x11, 0xfb, 0x20, 0x12, 0x0f, 0xf8, 0x19, 0x1e,
    0x05, 0x0c, 0x15, 0x1f, 0xff, 0xf6, 0x19, 0x21, 0x31, 0x38, 0x1f, 0x05, 0x17, 0x15, 0x1c, 0x3a,
    0x3f, 0xf9, 0xd6, 0xe8, 0xd0, 0xe9, 0xe3, 0xf7, 0xf1, 0x07, 0xf2, 0xff, 0xe1, 0xe2, 0xc8, 0xc5,
    0xe9, 0xc9, 0xdf, 0xeb, 0xf5, 0xd9, 0xbb, 0xaf, 0xa8, 0x93, 0xb2, 0xa1, 0xb5, 0xa4, 0xad, 0xb5,
    0xb4, 0xd0, 0xe1, 0xf5, 0xeb, 0xed, 0xe6, 0xd5, 0xcc, 0xce, 0xcc, 0xdb, 0xf9, 0x02, 0xe0, 0xde,
    0xdb, 0xdc, 0xeb, 0x08, 0x15, 0x1c, 0x0a, 0x1f, 0x09, 0x0d, 0x04, 0xe6, 0x30, 0x1a, 0x29, 0x11,
    0x1b, 0x02, 0x1f, 0x16, 0x1d, 0x0c, 0x29, 0x3e, 0x56, 0x69, 0x4b, 0x42, 0x36, 0x4e, 0x4b, 0x55,
    0x4b, 0x65, 0x77, 0x58, 0x6c, 0x58, 0x6b, 0x7a, 0x60, 0x51, 0x3b, 0x48, 0x24, 0x27, 0x0b, 0x2b,
    0x13, 0x2d, 0x3e, 0x52, 0x6a, 0x53, 0x44, 0x37, 0x22, 0x04, 0x27, 0x0f, 0xfb, 0x19, 0x1d, 0x20,
    0x2f, 0x2e, 0x34, 0x3d, 0x21, 0x2f, 0x3e, 0xfa, 0xfd, 0xe2, 0xf7, 0xf1, 0x08, 0x10, 0x09, 0xf9,
    0xfe, 0x05, 0xfd, 0x02, 0xf0, 0xfe, 0xf7, 0x0d, 0x22, 0x22, 0x27, 0x1a, 0x07, 0x14, 0xf0, 0xde,
    0xf8, 0xd8, 0xd9, 0xdc, 0xe3, 0x00, 0xe2, 0xe9, 0xe7, 0xf3, 0xf1, 0xe8, 0xeb, 0xf1, 0xd9, 0xf2,
    0xfb, 0x13, 0x09, 0x09, 0x00, 0xe2, 0xfa, 0x04, 0x0f, 0x12, 0xf3, 0xd2, 0xce, 0xc9, 0xb8, 0xc6,
    0xc9, 0xcd, 0x30, 0x32, 0x17, 0x2e, 0x19, 0x32, 0x4a, 0x5f, 0x41, 0x37, 0x3a, 0x41, 0x28, 0x20,
    0x2b, 0x16, 0x30, 0x2a, 0x3d, 0x21, 0x22, 0x15, 0x02, 0x1d, 0x0c, 0x2c, 0x17, 0x24, 0x10, 0x16,
    0x26, 0x3a, 0x4f, 0x3e, 0x3e, 0x36, 0x2a, 0x27, 0x3d, 0x3f, 0x2a, 0x12, 0x2f, 0x3b, 0x47, 0x57,
    0x5f, 0x61, 0x5b, 0x52, 0x32, 0x1f, 0x0d, 0x03, 0x01, 0x24, 0x36, 0x26, 0x35, 0x2c, 0xdb, 0xc9,
    0xde, 0xf8, 0x0b, 0xe9, 0xe2, 0xd8, 0xc1, 0xd0, 0xb7, 0xba, 0xce, 0xe2, 0xfb, 0xe3, 0xda, 0xdc,
    0xc6, 0xe0, 0xed, 0x03, 0xed, 0xdc, 0xf6, 0xfa, 0xff, 0x0c, 0xf8, 0xfd, 0x01, 0xfe, 0xdd, 0xf0,
    0xf8, 0xfd, 0xdf, 0xe9, 0xdb, 0xe3, 0xfb, 0xdc, 0xf8, 0xe3, 0xdf, 0xde, 0xcf, 0xdf, 0xd7, 0xec,
    0xef, 0xd6, 0xd0, 0xd3, 0xdd, 0xdc, 0xf0, 0xee, 0x05, 0x1c, 0x59, 0x4b, 0x4f, 0x51, 0x59, 0x38,
    0x26, 0x35, 0x1c, 0x36, 0x23, 0x36, 0x34, 0x27, 0x11, 0x17, 0x1a, 0x32, 0x42, 0x4c, 0x3b, 0x38,
    0x4e, 0x4f, 0x64, 0x6e, 0x47, 0x4e, 0x33, 0x21, 0x0b, 0xff, 0xf4, 0x05, 0x24, 0x36, 0x20, 0x2b,
    0x14, 0x01, 0x00, 0xf6, 0x03, 0x22, 0x28, 0x23, 0x33, 0x1e, 0x31, 0x31, 0x16, 0x32, 0x44, 0x3a,
    0x47, 0x51, 0x56, 0x3d, 0x34, 0x21, 0x08, 0xc2, 0xd8, 0xc8, 0xc4, 0xbc, 0xab, 0xb1, 0xcd, 0xdb,
    0xf0, 0xea, 0xf9, 0xfe, 0xe9, 0xe9, 0xcd, 0xd6, 0xbc, 0xca, 0xdf, 0xe3, 0xe7, 0xeb, 0xf7, 0xfd,
    0xfd, 0x08, 0xf5, 0xf1, 0xe1, 0xe7, 0x00, 0x08, 0x09, 0xff, 0x07, 0x10, 0x1d, 0x16, 0x18, 0x07,
    0x13, 0x0a, 0x16, 0xf8, 0xda, 0xd6, 0xe1, 0xd2, 0xe4, 0xea, 0xe9, 0xfc, 0xf6, 0xe8, 0xf6, 0xf8,
    0xfa, 0x08, 0x18, 0x0f, 0x3a, 0x23, 0x1f, 0x16, 0x2d, 0x2f, 0x37, 0x2d, 0x2c, 0x29, 0x27, 0x0c,
    0x02, 0x1c, 0x24, 0x0d, 0x0f, 0xfa, 0x05, 0x1f, 0x36, 0x3a, 0x37, 0x1e, 0x08, 0xff, 0x18, 0x27,
    0x3f, 0x27, 0x29, 0x2d, 0x28, 0x23, 0x39, 0x30, 0x40, 0x28, 0x14, 0x00, 0x08, 0xfb, 0xf1, 0xf3,
    0xe8, 0xec, 0x06, 0x1e, 0x17, 0x11, 0x28, 0x28, 0x0e, 0x02, 0xf0, 0xf9, 0xeb, 0xdd, 0xd0, 0xf1,
    0x03, 0xd8, 0xe4, 0xfa, 0xee, 0xf1, 0xdc, 0xd5, 0xda, 0xe4, 0xe6, 0xea, 0xfe, 0x12, 0x20, 0x10,
    0x07, 0x07, 0x10, 0x0b, 0x12, 0x11, 0x17, 0xfa, 0xfc, 0x0b, 0x1d, 0x08, 0x09, 0x16, 0x09, 0xec,
    0xee, 0xd4, 0xd3, 0xd0, 0xda, 0xce, 0xe1, 0xf6, 0x07, 0x09, 0xee, 0xe3, 0xf1, 0xf9, 0x03, 0xe7,
    0xfa, 0xe4, 0xda, 0xe8, 0xd2, 0xdf, 0xe1, 0xf5, 0x0b, 0xf0, 0xf4, 0xdb, 0xc6, 0xba, 0xed, 0xee,
    0xeb, 0x03, 0x05, 0x0a, 0x0f, 0x0c, 0x1f, 0x35, 0x3a, 0x37, 0x30, 0x28, 0x34, 0x39, 0x1c, 0x27,
    0x11, 0x14, 0x2b, 0x40, 0x2b, 0x3c, 0x3b, 0x35, 0x2a, 0x1e, 0x07, 0x07, 0xf9, 0xe8, 0xf2, 0xf0,
    0xef, 0xea, 0xd9, 0xeb, 0xee, 0xfa, 0xeb, 0xf3, 0xf6, 0x06, 0x1d, 0x25, 0x31, 0x34, 0x47, 0x56,
    0x48, 0x3a, 0x3f, 0x30, 0x1b, 0x2f, 0x26, 0x24, 0x2c, 0x3c, 0x46, 0x44, 0x16, 0x24, 0x31, 0x27,
    0x07, 0xfb, 0x0d, 0x13, 0xf8, 0x04, 0x04, 0x17, 0x15, 0x12, 0x02, 0x06, 0xea, 0xf7, 0xdf, 0xdb,
    0xcb, 0xba, 0xb3, 0xc3, 0xc3, 0xdf, 0xdf, 0xf2, 0x01, 0xef, 0xda, 0xd6, 0xeb, 0xfb, 0x0e, 0x19,
    0x19, 0x01, 0x08, 0x07, 0x0d, 0x07, 0x05, 0x14, 0x0e, 0x0b, 0xf8, 0x02, 0xef, 0xff, 0x0d, 0xf7,
    0xf1, 0xe2, 0xf3, 0xf8, 0x05, 0x10, 0x11, 0x19, 0x16, 0x18, 0x57, 0x51, 0x58, 0x44, 0x29, 0x24,
    0x15, 0x1c, 0x1b, 0x21, 0x30, 0x34, 0x22, 0x0b, 0x05, 0x1d, 0x27, 0x3a, 0x28, 0x13, 0x2c, 0x24,
    0x18, 0x0c, 0x0b, 0x11, 0x18, 0x1f, 0x24, 0x2b, 0x27, 0x2b, 0x12, 0x11, 0x21, 0x37, 0x47, 0x3f,
    0x3d, 0x3d, 0x44, 0x55, 0x3f, 0x3d, 0x43, 0x36, 0x44, 0x28, 0x22, 0x32, 0x28, 0x3d, 0x27, 0x24,
    0x1d, 0x1e, 0x15, 0x14, 0x07, 0x20, 0x12, 0xfe, 0x10, 0xca, 0xe3, 0xd1, 0xcc, 0xcc, 0xc7, 0xcd,
    0xcd, 0xbc, 0xd2, 0xd9, 0xc4, 0xba, 0xc7, 0xb5, 0xa9, 0x9d, 0xab, 0x9f, 0x9e, 0xb4, 0xa7, 0x9b,
    0xa4, 0xaa, 0xb8, 0xa9, 0xae, 0xcc, 0xca, 0xd7, 0xe8, 0xf5, 0xe2, 0xde, 0xd0, 0xd0, 0xc2, 0xc1,
    0xc2, 0xd7, 0xdc, 0xca, 0xdb, 0xe9, 0xe6, 0xe5, 0xe8, 0xde, 0xcd, 0xd6, 0xea, 0xfc, 0x03, 0x13,
    0x21, 0x13, 0x1f, 0x22, 0x1a, 0x05, 0xf4, 0xfa, 0x3b, 0x3a, 0x3f, 0x47, 0x42, 0x36, 0x27, 0x39,
    0x47, 0x4f, 0x42, 0x47, 0x3e, 0x2b, 0x32, 0x2b, 0x39, 0x48, 0x3e, 0x39, 0x3b, 0x39, 0x25, 0x1a,
    0x13, 0x1b, 0x1c, 0x2e, 0x18, 0x22, 0x31, 0x25, 0x1b, 0x25, 0x1e, 0x22, 0x31, 0x40, 0x45, 0x3b,
    0x29, 0x34, 0x26, 0x29, 0x16, 0x20, 0x0f, 0x15, 0x0c, 0x01, 0x09, 0x00, 0xf5, 0xec, 0xed, 0xeb,
    0xf8, 0x00, 0xf5, 0xf3, 0x08, 0x1f, 0x21, 0x33, 0xf0, 0xea, 0xe9, 0xf0, 0xdb, 0xd7, 0xe3, 0xd5,
    0xd0, 0xd3, 0xe4, 0xe3, 0xde, 0xca, 0xcc, 0xc1, 0xdb, 0xcd, 0xc5, 0xbc, 0xbc, 0xcc, 0xd1, 0xd4,
    0xe9, 0xe0, 0xd8, 0xdd, 0xce, 0xe6, 0xe9, 0xdf, 0xe3, 0xed, 0xd8, 0xe6, 0xdb, 0xdb, 0xdc, 0xeb,
    0xe2, 0xeb, 0xe3, 0xf1, 0xe0, 0xdc, 0xe1, 0xdc, 0xcb, 0xe1, 0xe6, 0xe0, 0xe9, 0xf1, 0xda, 0xe1,
    0xd1, 0xc7, 0xdd, 0xce, 0xd0, 0xc5, 0xc6, 0xfb, 0xf9, 0x0b, 0x0e, 0x08, 0x20, 0x19, 0x13, 0x08,
    0x1d, 0x0d, 0x12, 0x22, 0x27, 0x23, 0x24, 0x2d, 0x26, 0x2a, 0x29, 0x29, 0x37, 0x47, 0x30, 0x32,
    0x3d, 0x33, 0x36, 0x44, 0x4c, 0x43, 0x3f, 0x27, 0x37, 0x3c, 0x24, 0x1c, 0x0e, 0x19, 0x1f, 0x1a,
    0x26, 0x21, 0x31, 0x2d, 0x28, 0x21, 0x1a, 0x06, 0x0f, 0x09, 0x08, 0xff, 0x14, 0x01, 0xfd, 0x07,
    0x13, 0x02, 0x0c, 0x1d, 0x18, 0x0e, 0x14, 0x25, 0xed, 0xea, 0xe3, 0xec, 0xfd, 0xff, 0x0d, 0x0c,
    0x00, 0xf2, 0xea, 0xe4, 0xe3, 0xee, 0xde, 0xd0, 0xcf, 0xe5, 0xdb, 0xde, 0xd1, 0xd7, 0xcc, 0xbd,
    0xb5, 0xb4, 0xc5, 0xc3, 0xd4, 0xcf, 0xca, 0xc9, 0xbe, 0xb3, 0xc3, 0xb6, 0xce, 0xdb, 0xea, 0xe6,
    0xf8, 0xed, 0xeb, 0xf7, 0xe3, 0xeb, 0xdf, 0xd6, 0xc7, 0xcf, 0xda, 0xda, 0xd7, 0xc8, 0xc6, 0xc8,
    0xc5, 0xc1, 0xbe, 0xc9, 0xe0, 0xcf, 0xce, 0xca, 0x05, 0x0a, 0xfb, 0x02, 0x19, 0x0a, 0xfb, 0xfe,
    0x0e, 0xfe, 0x02, 0x19, 0x22, 0x2b, 0x38, 0x3f, 0x49, 0x35, 0x41, 0x3f, 0x41, 0x31, 0x30, 0x32,
    0x2a, 0x15, 0x0d, 0x15, 0x0b, 0x03, 0x13, 0x1a, 0x16, 0x1f, 0x2f, 0x21, 0x1d, 0x12, 0x0c, 0x15,
    0x24, 0x13, 0x06, 0x0e, 0x10, 0x22, 0x25, 0x1d, 0x0a, 0x0e, 0x19, 0x11, 0x11, 0x0d, 0x16, 0x1e,
    0x13, 0x18, 0x0e, 0x00, 0xf7, 0xed, 0xf5, 0x00, 0xfb, 0xce, 0xcc, 0xda, 0xe6, 0xd7, 0xdb, 0xd1,
    0xe7, 0xd4, 0xe1, 0xd8, 0xe0, 0xe8, 0xf8, 0xfc, 0xf2, 0xf7, 0xf4, 0xf7, 0xf2, 0xe4, 0xe8, 0xf5,
    0xf7, 0xe2, 0xde, 0xd6, 0xe2, 0xdd, 0xe4, 0xec, 0xeb, 0xd8, 0xc9, 0xd3, 0xe8, 0xdd, 0xe8, 0xe4,
    0xf3, 0xe7, 0xe3, 0xd4, 0xe3, 0xd4, 0xd5, 0xe7, 0xeb, 0xe6, 0xdd, 0xda, 0xe6, 0xf3, 0xee, 0xf0,
    0xe4, 0xda, 0xd9, 0xd4, 0xd0, 0xca, 0xc8, 0xcc, 0xc8, 0xd9, 0xd3, 0xf8, 0xf8, 0xfd, 0x13, 0x23,
    0x13, 0x0b, 0x0e, 0x02, 0xf4, 0xf8, 0x0c, 0x07, 0x0a, 0x0e, 0x11, 0x04, 0x15, 0x09, 0x00, 0x06,
    0x08, 0xff, 0x0c, 0xfe, 0x04, 0x03, 0x12, 0x21, 0x28, 0x33, 0x3f, 0x40, 0x3a, 0x2f, 0x28, 0x24,
    0x35, 0x30, 0x27, 0x37, 0x35, 0x39, 0x26, 0x1c, 0x1b, 0x2b, 0x28, 0x37, 0x35, 0x22, 0x14, 0x1e,
    0x22, 0x2d, 0x23, 0x33, 0x2b, 0x38, 0x34, 0x40, 0x3f, 0x46, 0x3f, 0x32, 0x29, 0xf7, 0xed, 0xdc,
    0xe9, 0xe2, 0xe5, 0xd8, 0xcd, 0xc8, 0xdd, 0xe1, 0xed, 0xe6, 0xf6, 0x03, 0xed, 0xe7, 0xe9, 0xdf,
    0xef, 0xde, 0xe2, 0xde, 0xd6, 0xd8, 0xe7, 0xd5, 0xe2, 0xe7, 0xf8, 0xe7, 0xde, 0xe6, 0xf6, 0xe3,
    0xe8, 0xdc, 0xdf, 0xe2, 0xec, 0xf9, 0xf5, 0xe5, 0xed, 0xeb, 0xe0, 0xe7, 0xeb, 0xfb, 0x06, 0xfc,
    0xf2, 0xf6, 0xfc, 0xee, 0xf7, 0xe6, 0xe2, 0xe6, 0xef, 0xf9, 0xe8, 0xdd, 0xea, 0xe4, 0xf2, 0x2c,
    0x24, 0x1c, 0x10, 0x08, 0x15, 0x24, 0x2b, 0x39, 0x29, 0x38, 0x2b, 0x2b, 0x20, 0x21, 0x24, 0x28,
    0x2a, 0x28, 0x27, 0x18, 0x09, 0x04, 0x10, 0x10, 0x21, 0x16, 0x07, 0x00, 0xf8, 0x0a, 0x10, 0x21,
    0x27, 0x18, 0x29, 0x29, 0x36, 0x25, 0x33, 0x32, 0x1f, 0x24, 0x27, 0x2c, 0x1b, 0x0c, 0x09, 0xfb,
    0x00, 0x00, 0xfc, 0x01, 0x02, 0xf9, 0x05, 0x08, 0x11, 0x0e, 0x16, 0x1e, 0x1c, 0x0c, 0x17, 0x17,
    0x14, 0x1f, 0xe0, 0xef, 0xe7, 0xef, 0xeb, 0xeb, 0xf9, 0xe9, 0xe8, 0xf6, 0xf8, 0x06, 0x08, 0xfe,
    0xfd, 0xea, 0xf4, 0xf6, 0xf8, 0xe5, 0xd8, 0xca, 0xbf, 0xd5, 0xd6, 0xe5, 0xe5, 0xd6, 0xcc, 0xd0,
    0xdc, 0xe3, 0xdd, 0xd6, 0xce, 0xd1, 0xd4, 0xd7, 0xd9, 0xe7, 0xe7, 0xf0, 0xf7, 0xed, 0xec, 0xf9,
    0xeb, 0xe0, 0xe9, 0xde, 0xe6, 0xf5, 0xfb, 0xf2, 0xfe, 0x00, 0xf9, 0xf7, 0xed, 0xee, 0xea, 0xe3,
    0xd8, 0xe6, 0xef, 0xe6, 0xe2, 0xe3, 0x18, 0x1b, 0x0c, 0x10, 0x04, 0x06, 0x0c, 0x09, 0x0f, 0x05,
    0x05, 0x0a, 0xff, 0x0c, 0x00, 0xfe, 0x0b, 0x00, 0xfa, 0x0b, 0x00, 0xfe, 0xf8, 0x05, 0x0b, 0x0b,
    0x11, 0x16, 0x16, 0x12, 0x21, 0x1f, 0x1b, 0x0b, 0x16, 0x1f, 0x11, 0x02, 0x0f, 0x04, 0x16, 0x1d,
    0x1b, 0x24, 0x24, 0x2a, 0x28, 0x35, 0x2a, 0x1b, 0x1a, 0x12, 0x1d, 0x20, 0x2c, 0x20, 0x26, 0x2a,
    0x1f, 0x11, 0x1f, 0x24, 0x1d, 0x1d, 0x1c, 0x13, 0x1c, 0x0c, 0xd0, 0xc7, 0xc2, 0xd4, 0xdd, 0xde,
    0xd5, 0xda, 0xdc, 0xed, 0xe1, 0xde, 0xde, 0xde, 0xd8, 0xd3, 0xd3, 0xd4, 0xd8, 0xce, 0xdd, 0xd2,
    0xde, 0xdb, 0xd1, 0xc9, 0xc9, 0xc5, 0xce, 0xdd, 0xed, 0xf3, 0xe4, 0xda, 0xea, 0xec, 0xf6, 0xf6,
    0xed, 0xeb, 0xf1, 0xea, 0xe5, 0xdc, 0xe1, 0xe0, 0xec, 0xe7, 0xdc, 0xe0, 0xe0, 0xee, 0xe4, 0xec,
    0xf9, 0xf7, 0xfe, 0xf3, 0xe3, 0xe6, 0xec, 0xf6, 0xe7, 0xe4, 0xef, 0xe8, 0xef, 0xec, 0x21, 0x18,
    0x15, 0x24, 0x29, 0x1a, 0x27, 0x2d, 0x1e, 0x1d, 0x1a, 0x0b, 0x02, 0x04, 0x04, 0x0e, 0x02, 0xfb,
    0xf6, 0x00, 0xfb, 0xfa, 0x09, 0x02, 0x06, 0x02, 0x0c, 0x0b, 0x13, 0x10, 0x10, 0x06, 0x0f, 0x04,
    0x14, 0x1c, 0x1f, 0x1f, 0x10, 0x1e, 0x1b, 0x18, 0x0a, 0x0f, 0x1c, 0x18, 0x18, 0x0a, 0x14, 0x22,
    0x2c, 0x31, 0x26, 0x21, 0x24, 0x30, 0x27, 0x23, 0x1c, 0x13, 0x15, 0x22, 0x1c, 0x0d, 0x05, 0x12,
    0x0a, 0x05, 0xfa, 0xd0, 0xc9, 0xd7, 0xd2, 0xc9, 0xce, 0xd3, 0xdb, 0xd7, 0xd0, 0xdc, 0xe9, 0xf7,
    0xee, 0xf8, 0xf3, 0xe9, 0xea, 0xe8, 0xdd, 0xeb, 0xe1, 0xd9, 0xe3, 0xe0, 0xd3, 0xdf, 0xe4, 0xe4,
    0xde, 0xee, 0xe5, 0xe7, 0xd9, 0xd2, 0xca, 0xd3, 0xd8, 0xd0, 0xcc, 0xd7, 0xd0, 0xd1, 0xe1, 0xde,
    0xdb, 0xe8, 0xed, 0xe2, 0xd7, 0xda, 0xd0, 0xd4, 0xd3, 0xd8, 0xdc, 0xdf, 0xdf, 0xe2, 0xea, 0xe1,
    0xd8, 0xd7, 0xe7, 0xda, 0xe7, 0xdd, 0xe8, 0xe8, 0x1b, 0x20, 0x2b, 0x1e, 0x20, 0x26, 0x27, 0x1f,
    0x2b, 0x30, 0x31, 0x2c, 0x35, 0x32, 0x31, 0x22, 0x2b, 0x2d, 0x2a, 0x20, 0x29, 0x33, 0x27, 0x21,
    0x21, 0x28, 0x2f, 0x38, 0x2b, 0x22, 0x1b, 0x12, 0x11, 0x12, 0x1a, 0x1c, 0x0e, 0x0b, 0x10, 0x0f,
    0x1d, 0x1a, 0x1f, 0x11, 0x11, 0x10, 0x06, 0x15, 0x18, 0x21, 0x2a, 0x33, 0x3c, 0x2e, 0x33, 0x34,
    0x28, 0x2c, 0x32, 0x22, 0x2a, 0x2f, 0x2b, 0x2b, 0x31, 0x38, 0x2c, 0x33, 0x26, 0x2e, 0x09, 0x03,
    0x07, 0x0a, 0x08, 0x01, 0xf3, 0xf3, 0xe5, 0xe5, 0xdb, 0xd8, 0xde, 0xe7, 0xee, 0xf4, 0xf3, 0xfe,
    0xff, 0xfb, 0xfa, 0x02, 0xf1, 0xe9, 0xe7, 0xed, 0xe3, 0xf1, 0xf3, 0xf3, 0xea, 0xf0, 0xeb, 0xe5,
    0xf1, 0xf1, 0xf7, 0x02, 0x05, 0x04, 0xf3, 0xec, 0xf7, 0xed, 0xe1, 0xe7, 0xe7, 0xec, 0xe5, 0xdf,
    0xd7, 0xd6, 0xd1, 0xd6, 0xd2, 0xd9, 0xd3, 0xdd, 0xd6, 0xcd, 0xd2, 0xde, 0xe3, 0xe9, 0xf6, 0xeb,
    0xed, 0xf0, 0xe8, 0xef, 0x1a, 0x26, 0x29, 0x1f, 0x1b, 0x20, 0x1a, 0x10, 0x1a, 0x19, 0x0f, 0x19,
    0x21, 0x22, 0x25, 0x2e, 0x27, 0x22, 0x16, 0x0e, 0x14, 0x0b, 0x09, 0x0f, 0x0a, 0x18, 0x23, 0x1f,
    0x28, 0x2c, 0x2b, 0x28, 0x1c, 0x16, 0x22, 0x1e, 0x22, 0x14, 0x09, 0x0c, 0x18, 0x10, 0x0d, 0x08,
    0x12, 0x15, 0x11, 0x18, 0x1b, 0x1e, 0x1c, 0x22, 0x1c, 0x1a, 0x0e, 0x16, 0x12, 0x0e, 0x0f, 0x15,
    0x1e, 0x22, 0x16, 0x1c, 0x17, 0x20, 0x21, 0x16, 0x20, 0x17, 0x15, 0xf8, 0x02, 0xf9, 0xef, 0xe6,
    0xf3, 0xf1, 0xe9, 0xe4, 0xe9, 0xf0, 0xf4, 0xef, 0xf1, 0xe7, 0xdf, 0xe1, 0xdf, 0xeb, 0xf7, 0xfe,
    0xf3, 0xe9, 0xeb, 0xef, 0xed, 0xe8, 0xec, 0xf6, 0xfd, 0xf7, 0xf1, 0xe8, 0xee, 0xf0, 0xfa, 0xfb,
    0x03, 0x00, 0x06, 0x05, 0xfc, 0xfd, 0xf6, 0xe9, 0xef, 0xe5, 0xed, 0xe1, 0xdb, 0xda, 0xe3, 0xee,
    0xee, 0xf5, 0xef, 0xe7, 0xf3, 0xf9, 0xed, 0xeb, 0xe5, 0xe7, 0xe0, 0xe2, 0xdd, 0xe0, 0xdb, 0xe1,
    0xdf, 0xe7, 0xe9, 0x12, 0x19, 0x1d, 0x27, 0x1c, 0x23, 0x22, 0x23, 0x18, 0x0c, 0x15, 0x12, 0x0a,
    0x08, 0x05, 0x04, 0x10, 0x1b, 0x24, 0x19, 0x1b, 0x1f, 0x24, 0x2b, 0x23, 0x2a, 0x33, 0x2c, 0x2e,
    0x2a, 0x26, 0x2f, 0x2b, 0x2e, 0x2f, 0x27, 0x20, 0x12, 0x10, 0x1c, 0x18, 0x18, 0x21, 0x1d, 0x10,
    0x05, 0x02, 0x01, 0xfe, 0x01, 0x0b, 0x01, 0x0a, 0x0d, 0x03, 0xff, 0x00, 0x01, 0xff, 0xfd, 0xfe,
    0x07, 0x0d, 0x10, 0x17, 0x0f, 0x07, 0x01, 0xfe, 0x0d, 0x10, 0x19, 0xe7, 0xe7, 0xeb, 0xef, 0xe9,
    0xed, 0xe8, 0xe7, 0xe2, 0xe1, 0xec, 0xe4, 0xdc, 0xd6, 0xd4, 0xd3, 0xd7, 0xe3, 0xdd, 0xe1, 0xe3,
    0xdc, 0xdd, 0xdc, 0xda, 0xd8, 0xdd, 0xde, 0xd6, 0xd9, 0xd3, 0xda, 0xd6, 0xd1, 0xd7, 0xe0, 0xe9,
    0xe5, 0xf0, 0xeb, 0xf1, 0xef, 0xec, 0xf5, 0xf0, 0xf0, 0xec, 0xf5, 0xfd, 0x00, 0x08, 0xf9, 0xef,
    0xf0, 0xf8, 0xfe, 0xff, 0x02, 0xfe, 0xf2, 0xf8, 0xeb, 0xf4, 0xf2, 0xef, 0xe7, 0xed, 0xf1, 0xf7,
    0xfc, 0xfe, 0xfa, 0xf1, 0x0d, 0x11, 0x17, 0x12, 0x14, 0x0f, 0x0d, 0x12, 0x17, 0x14, 0x18, 0x15,
    0x1c, 0x24, 0x1a, 0x15, 0x15, 0x12, 0x0c, 0x18, 0x20, 0x23, 0x2c, 0x22, 0x1e, 0x1d, 0x18, 0x19,
    0x20, 0x14, 0x1a, 0x20, 0x27, 0x27, 0x23, 0x2b, 0x20, 0x26, 0x2b, 0x29, 0x30, 0x2e, 0x2a, 0x2f,
    0x2d, 0x2a, 0x1f, 0x19, 0x22, 0x22, 0x2a, 0x21, 0x1d, 0x1c, 0x1c, 0x20, 0x18, 0x20, 0x27, 0x2a,
    0x30, 0x2c, 0x2f, 0x2f, 0x33, 0x35, 0x34, 0x32, 0x36, 0x39, 0x3a, 0x2e, 0x31, 0x04, 0x04, 0xfc,
    0xf4, 0xf9, 0xef, 0xee, 0xf2, 0xf7, 0xf9, 0xf8, 0xf7, 0xed, 0xf8, 0xfd, 0xf5, 0xf0, 0xf0, 0xe7,
    0xe9, 0xeb, 0xf0, 0xed, 0xea, 0xe2, 0xde, 0xe7, 0xe2, 0xde, 0xdf, 0xe6, 0xe1, 0xe7, 0xe4, 0xe4,
    0xdd, 0xdf, 0xec, 0xe9, 0xed, 0xe3, 0xe7, 0xef, 0xe8, 0xe3, 0xea, 0xe2, 0xe1, 0xe4, 0xe3, 0xe8,
    0xf0, 0xef, 0xea, 0xe7, 0xdd, 0xe6, 0xdd, 0xd9, 0xda, 0xe0, 0xe1, 0xda, 0xd8, 0xd6, 0xe0, 0xe2,
    0xe1, 0xe4, 0xe2, 0xdd, 0xdb, 0xe8, 0xe4, 0x09, 0x01, 0x06, 0x12, 0x18, 0x20, 0x14, 0x1c, 0x1d,
    0x23, 0x25, 0x27, 0x25, 0x2a, 0x2c, 0x1f, 0x1f, 0x21, 0x25, 0x1e, 0x25, 0x1f, 0x15, 0x15, 0x1b,
    0x24, 0x28, 0x20, 0x26, 0x1d, 0x1f, 0x18, 0x0e, 0x15, 0x0b, 0x06, 0x12, 0x13, 0x14, 0x14, 0x14,
    0x15, 0x16, 0x0e, 0x19, 0x13, 0x0f, 0x0e, 0x0a, 0x02, 0x04, 0x0d, 0x12, 0x0f, 0x17, 0x20, 0x28,
    0x2b, 0x20, 0x1f, 0x17, 0x17, 0x19, 0x11, 0x0c, 0x13, 0x0c, 0x13, 0x11, 0x0d, 0x0a, 0x11, 0x07,
    0x0d, 0x0b, 0xf2, 0xea, 0xf4, 0xee, 0xec, 0xed, 0xea, 0xe7, 0xec, 0xed, 0xec, 0xec, 0xf2, 0xf7,
    0xf6, 0xf1, 0xf0, 0xf1, 0xf3, 0xfa, 0xfd, 0xf1, 0xef, 0xf2, 0xf2, 0xf3, 0xf2, 0xeb, 0xe7, 0xf1,
    0xfa, 0xf5, 0xef, 0xea, 0xf4, 0xf8, 0xef, 0xf8, 0xf1, 0xfa, 0x02, 0xf7, 0xef, 0xee, 0xee, 0xe8,
    0xec, 0xe3, 0xed, 0xe4, 0xe0, 0xea, 0xf0, 0xf2, 0xf2, 0xec, 0xf3, 0xf3, 0xf8, 0xf3, 0xf8, 0xf5,
    0xf7, 0xfc, 0xff, 0xfa, 0xfb, 0xfb, 0xf0, 0xec, 0xe8, 0xf3, 0xf1, 0xe7, 0xe6, 0x0c, 0x03, 0x04,
    0x07, 0x00, 0x01, 0x02, 0x01, 0x05, 0x02, 0x01, 0x00, 0xfe, 0x06, 0x04, 0x00, 0x00, 0xfa, 0x05,
    0xff, 0x0a, 0x11, 0x0a, 0x10, 0x18, 0x18, 0x1a, 0x1f, 0x14, 0x10, 0x11, 0x0b, 0x0f, 0x0a, 0x01,
    0x02, 0xfd, 0xf8, 0xfa, 0xfb, 0xfd, 0xf9, 0x04, 0x06, 0x07, 0x11, 0x10, 0x0a, 0x0b, 0x06, 0x0c,
    0x0c, 0x14, 0x11, 0x19, 0x18, 0x13, 0x11, 0x0b, 0x04, 0x08, 0x0c, 0x11, 0x0c, 0x08, 0x12, 0x11,
    0x0e, 0x15, 0x16, 0x11, 0x0a, 0x06, 0x0a, 0x03, 0x09, 0xe8, 0xec, 0xe9, 0xe7, 0xe7, 0xf1, 0xf8,
    0xfb, 0x01, 0x03, 0xf8, 0xf0, 0xf9, 0xf0, 0xee, 0xe8, 0xe5, 0xee, 0xe8, 0xe7, 0xee, 0xed, 0xf3,
    0xed, 0xf5, 0xf0, 0xf7, 0xfa, 0xf8, 0xfc, 0x04, 0xff, 0xfd, 0xfc, 0x02, 0x05, 0xfc, 0xfd, 0xf6,
    0xf8, 0x00, 0xf8, 0xf2, 0xf3, 0xf1, 0xf0, 0xf7, 0xfe, 0xfc, 0xf4, 0xef, 0xf6, 0xee, 0xf2, 0xe9,
    0xef, 0xf6, 0xfd, 0xf3, 0xf3, 0xf8, 0xf0, 0xf7, 0xfe, 0xf7, 0xf0, 0xea, 0xf3, 0xee, 0xec, 0xf6,
    0xec, 0xe9, 0xe7, 0xe0, 0xe8, 0x0d, 0x09, 0x0c, 0x05, 0x0b, 0x06, 0x02, 0xfe, 0x02, 0x0c, 0x0d,
    0x0f, 0x0c, 0x06, 0x02, 0x01, 0x05, 0x0c, 0x07, 0x09, 0x03, 0x04, 0x03, 0x06, 0x0c, 0x0b, 0x0d,
    0x09, 0x10, 0x0e, 0x14, 0x11, 0x11, 0x12, 0x13, 0x10, 0x0e, 0x08, 0x0f, 0x0d, 0x14, 0x16, 0x19,
    0x10, 0x16, 0x1c, 0x19, 0x16, 0x16, 0x14, 0x18, 0x11, 0x0f, 0x18, 0x1d, 0x1e, 0x16, 0x0f, 0x13,
    0x16, 0x18, 0x14, 0x15, 0x1d, 0x1d, 0x17, 0x11, 0x0a, 0x11, 0x0a, 0x0f, 0x11, 0x0c, 0x07, 0x08,
    0x0b, 0x12, 0x18, 0xfd, 0xf3, 0xeb, 0xed, 0xed, 0xf1, 0xf4, 0xeb, 0xed, 0xf2, 0xf2, 0xec, 0xe8,
    0xea, 0xf1, 0xf1, 0xeb, 0xf3, 0xf4, 0xf6, 0xed, 0xf0, 0xf0, 0xf0, 0xea, 0xec, 0xeb, 0xe5, 0xec,
    0xe7, 0xf0, 0xed, 0xf0, 0xea, 0xed, 0xf5, 0xf3, 0xf7, 0xf0, 0xec, 0xe5, 0xe9, 0xe3, 0xed, 0xe7,
    0xf0, 0xeb, 0xe4, 0xeb, 0xed, 0xeb, 0xf0, 0xf5, 0xed, 0xf0, 0xed, 0xe7, 0xe3, 0xe5, 0xee, 0xf3,
    0xf8, 0xf6, 0xef, 0xee, 0xf4, 0xf3, 0xef, 0xf7, 0xef, 0xe9, 0xe4, 0xea, 0xe8, 0xf0, 0xea, 0xf0,
    0xf3, 0x13, 0x13, 0x16, 0x19, 0x14, 0x1c, 0x18, 0x14, 0x14, 0x0f, 0x0d, 0x0f, 0x0a, 0x0a, 0x10,
    0x0d, 0x12, 0x15, 0x0e, 0x11, 0x0c, 0x0a, 0x0f, 0x15, 0x1b, 0x1a, 0x1b, 0x17, 0x12, 0x12, 0x15,
    0x12, 0x10, 0x0c, 0x14, 0x17, 0x11, 0x16, 0x0f, 0x0b, 0x0e, 0x10, 0x0d, 0x10, 0x11, 0x11, 0x12,
    0x0f, 0x0e, 0x08, 0x0a, 0x0a, 0x02, 0x00, 0x05, 0x05, 0x0b, 0x06, 0x0b, 0x0c, 0x06, 0xff, 0x03,
    0x0b, 0x13, 0x0b, 0x04, 0x0d, 0x0e, 0x10, 0x0f, 0x10, 0x07, 0x04, 0x01, 0x00, 0xfd, 0x08, 0x10,
    0xf3, 0xf6, 0xfd, 0xf7, 0xf5, 0xf2, 0xfa, 0xfb, 0xff, 0xf5, 0xfd, 0xfb, 0x01, 0x02, 0x00, 0xfe,
    0xfa, 0xf6, 0xf3, 0xef, 0xee, 0xe7, 0xe3, 0xec, 0xef, 0xf6, 0xf7, 0xfc, 0xff, 0xf9, 0xfd, 0x02,
    0x04, 0x08, 0x05, 0xfc, 0xf4, 0xf2, 0xf5, 0xfb, 0xf2, 0xf5, 0xfb, 0x01, 0xfb, 0xfe, 0xf5, 0xf5,
    0xf0, 0xed, 0xe8, 0xed, 0xe7, 0xf1, 0xf7, 0xf5, 0xfc, 0xfa, 0xfc, 0xff, 0x03, 0xf9, 0xf3, 0xf9,
    0xfa, 0xf7, 0xf7, 0xf3, 0xf0, 0xf0, 0xf2, 0xf9, 0xfc, 0x02, 0xfb, 0xf7, 0xf1, 0xf3, 0xf7, 0x09,
    0x09, 0x0a, 0x04, 0x00, 0x04, 0xff, 0x06, 0xff, 0x02, 0x09, 0x06, 0x07, 0x07, 0x0a, 0x05, 0x02,
    0xfc, 0xfc, 0xfe, 0xfe, 0xfe, 0x03, 0xfd, 0xfe, 0x03, 0xfe, 0x05, 0x01, 0x07, 0x0f, 0x14, 0x16,
    0x0e, 0x15, 0x11, 0x09, 0x03, 0x06, 0x0a, 0x11, 0x13, 0x0d, 0x0c, 0x11, 0x17, 0x16, 0x0e, 0x11,
    0x16, 0x1b, 0x16, 0x18, 0x19, 0x17, 0x14, 0x10, 0x0a, 0x03, 0x01, 0x09, 0x0e, 0x15, 0x17, 0x13,
    0x18, 0x12, 0x14, 0x14, 0x13, 0x0d, 0x0d, 0x12, 0x18, 0x17, 0x0f, 0x12, 0x0b, 0x0c, 0x09, 0x07,
    0xf5, 0xf5, 0xf7, 0xf3, 0xf2, 0xf5, 0xf2, 0xf5, 0xf5, 0xfb, 0xfd, 0xfd, 0xf6, 0xf3, 0xf7, 0xef,
    0xef, 0xf7, 0xf9, 0xfb, 0xfa, 0x00, 0xfd, 0xf9, 0xf5, 0xee, 0xf0, 0xf2, 0xf7, 0xf3, 0xf0, 0xec,
    0xed, 0xe9, 0xee, 0xf5, 0xf7, 0xfa, 0xf5, 0xfb, 0x00, 0x02, 0x06, 0xfe, 0x00, 0xf8, 0xf7, 0xfd,
    0xfa, 0xfe, 0xf7, 0xf0, 0xeb, 0xee, 0xed, 0xee, 0xe9, 0xec, 0xf4, 0xf5, 0xf7, 0xf4, 0xf6, 0xf9,
    0xf4, 0xed, 0xeb, 0xe7, 0xef, 0xf0, 0xf8, 0xf7, 0xf5, 0xf6, 0xef, 0xeb, 0xeb, 0xf2, 0xf1, 0xf4,
    0xf8, 0x0f, 0x11, 0x17, 0x15, 0x0e, 0x13, 0x0f, 0x15, 0x0f, 0x14, 0x15, 0x0f, 0x0a, 0x11, 0x0e,
    0x0b, 0x06, 0x0a, 0x05, 0x04, 0x02, 0x01, 0xfe, 0x04, 0x02, 0xfd, 0x03, 0x0b, 0x0f, 0x0c, 0x12,
    0x18, 0x16, 0x15, 0x15, 0x11, 0x0a, 0x06, 0x03, 0xfd, 0x04, 0x05, 0x05, 0x08, 0x09, 0x10, 0x0b,
    0x0e, 0x11, 0x0a, 0x0f, 0x08, 0x0d, 0x09, 0x03, 0x06, 0x0c, 0x0d, 0x06, 0x0a, 0x07, 0x01, 0x03,
    0x0b, 0x0b, 0x0a, 0x0c, 0x0c, 0x0d, 0x0f, 0x14, 0x11, 0x0f, 0x11, 0x0c, 0x09, 0x0d, 0x0e, 0x07,
    0x08, 0x0c, 0x0f, 0xff, 0x02, 0xff, 0xfe, 0xfb, 0xfa, 0xf6, 0xf6, 0xf9, 0xf4, 0xf3, 0xf1, 0xf5,
    0xf6, 0xfb, 0xff, 0x00, 0xfc, 0xf5, 0xfa, 0xf6, 0xfc, 0x00, 0x01, 0xfb, 0xf4, 0xf5, 0xf8, 0xf3,
    0xf2, 0xef, 0xea, 0xf0, 0xf1, 0xf5, 0xf4, 0xf4, 0xf8, 0xf5, 0xf8, 0xf4, 0xf0, 0xf3, 0xf1, 0xf6,
    0xf6, 0xf1, 0xf3, 0xf9, 0xf9, 0xf8, 0xf8, 0xf2, 0xf4, 0xee, 0xf1, 0xeb, 0xf2, 0xec, 0xec, 0xe9,
    0xe5, 0xe1, 0xe7, 0xe9, 0xeb, 0xe8, 0xe4, 0xed, 0xf1, 0xf6, 0xf4, 0xf6, 0xf3, 0xf8, 0xfe, 0xfc,
    0xf8, 0xfd, 0xf9, 0xf7, 0xf0, 0xed, 0xff, 0x05, 0x0b, 0x0e, 0x13, 0x10, 0x0c, 0x12, 0x12, 0x13,
    0x16, 0x12, 0x0b, 0x0f, 0x0e, 0x07, 0x09, 0x0e, 0x0b, 0x0e, 0x0a, 0x0f, 0x13, 0x13, 0x11, 0x0e,
    0x0b, 0x09, 0x04, 0x06, 0x03, 0x00, 0x06, 0x0c, 0x09, 0x0d, 0x12, 0x0e, 0x08, 0x08, 0x0b, 0x0b,
    0x07, 0x0b, 0x05, 0x04, 0x03, 0x07, 0x09, 0x05, 0x05, 0x08, 0x02, 0x04, 0x0b, 0x0b, 0x06, 0x08,
    0x0b, 0x07, 0x0a, 0x04, 0x07, 0x0c, 0x0a, 0x04, 0x00, 0x07, 0x05, 0x09, 0x08, 0x03, 0xfe, 0x06,
    0x02, 0x03, 0x00, 0x00, 0x01, 0x07, 0x06, 0x02, 0x08, 0x08, 0xf8, 0xfc, 0x01, 0xfb, 0xf7, 0xf5,
    0xf9, 0xf9, 0xf8, 0xfd, 0xfc, 0x00, 0x01, 0xfb, 0xfb, 0xff, 0xfe, 0xfd, 0xff, 0x04, 0x07, 0x02,
    0x04, 0xfd, 0xfe, 0x00, 0x00, 0xfd, 0xfd, 0xfb, 0xf6, 0xfb, 0xff, 0x03, 0x00, 0xfc, 0xf8, 0xf4,
    0xf1, 0xf6, 0xf4, 0xf9, 0xf3, 0xf7, 0xfc, 0xf9, 0xfa, 0xf9, 0xf6, 0xfb, 0x00, 0x00, 0x02, 0xfb,
    0xff, 0x00, 0xfa, 0xf7, 0xfa, 0xfd, 0xff, 0x01, 0x02, 0x00, 0x03, 0x01, 0xfe, 0xf8, 0xfb, 0xfc,
    0x01, 0xfe, 0x01, 0xff, 0x04, 0xfe, 0xfa, 0xff, 0xf9, 0xf5, 0xf4, 0xef, 0xeb, 0xe8, 0xe9, 0xf7,
    0xf5, 0xfc, 0x04, 0x01, 0x00, 0xff, 0x02, 0x08, 0x0c, 0x07, 0x06, 0x0c, 0x07, 0x06, 0x05, 0x08,
    0x07, 0x07, 0x01, 0xff, 0xff, 0xfe, 0xfa, 0xfe, 0x02, 0x06, 0x0b, 0x0d, 0x0f, 0x12, 0x0e, 0x0b,
    0x05, 0x04, 0x00, 0x05, 0x00, 0xfd, 0xfa, 0xfb, 0xfe, 0xfc, 0x04, 0x05, 0x05, 0x04, 0x08, 0x08,
    0x05, 0x02, 0x05, 0x09, 0x0b, 0x10, 0x0f, 0x0a, 0x0f, 0x12, 0x10, 0x0f, 0x11, 0x13, 0x0f, 0x14,
    0x0c, 0x07, 0x0c, 0x11, 0x14, 0x11, 0x0b, 0x08, 0x0e, 0x0c, 0x0e, 0x0a, 0x07, 0x09, 0x0e, 0x0b,
    0x0b, 0x05, 0x01, 0xfc, 0xee, 0xed, 0xed, 0xef, 0xed, 0xf4, 0xf4, 0xf7, 0xf5, 0xf4, 0xf2, 0xf4,
    0xf2, 0xf4, 0xf6, 0xf2, 0xf1, 0xf1, 0xf4, 0xf3, 0xf8, 0xf7, 0xf2, 0xf3, 0xf9, 0xfa, 0xfb, 0xfd,
    0xfc, 0x01, 0xfc, 0xfa, 0xf5, 0xf9, 0xfe, 0x02, 0x04, 0x05, 0x07, 0x01, 0x05, 0x04, 0xfe, 0x00,
    0x03, 0x02, 0x06, 0x04, 0xfe, 0xf9, 0xfd, 0xfc, 0xfe, 0xfe, 0xfc, 0xfe, 0xfb, 0xfd, 0x00, 0xfe,
    0xf9, 0xf6, 0xf5, 0xfa, 0xfd, 0x00, 0xfa, 0xfd, 0xff, 0xfe, 0xf9, 0xfb, 0xfc, 0xfd, 0xf8, 0xf6,
    0xf8, 0xfa, 0xf5, 0xf3, 0xf3, 0xf9, 0xfc, 0xfe, 0xf8, 0xf9, 0xf9, 0x0c, 0x0a, 0x04, 0x08, 0x07,
    0x05, 0x0a, 0x0c, 0x0d, 0x0a, 0x0e, 0x0b, 0x0f, 0x11, 0x0a, 0x08, 0x0a, 0x09, 0x08, 0x04, 0x05,
    0x03, 0x04, 0x09, 0x04, 0x06, 0x06, 0x0b, 0x08, 0x06, 0x08, 0x0a, 0x0e, 0x0e, 0x09, 0x0a, 0x05,
    0x06, 0x01, 0xfd, 0x03, 0x08, 0x0d, 0x0e, 0x09, 0x0c, 0x0c, 0x09, 0x05, 0x02, 0xff, 0x02, 0x03,
    0x04, 0x06, 0x02, 0x00, 0x00, 0xff, 0x02, 0x04, 0x06, 0x06, 0x01, 0xff, 0x01, 0xfd, 0x00, 0x03,
    0x03, 0x07, 0x07, 0x04, 0x08, 0x09, 0x05, 0x04, 0x04, 0x05, 0x03, 0xff, 0x01, 0x04, 0x08, 0x0c,
    0x0f, 0x0e, 0x0d, 0xfa, 0xf6, 0xfb, 0xf9, 0xfa, 0xf5, 0xf4, 0xf1, 0xf7, 0xf7, 0xf6, 0xf3, 0xf8,
    0xf8, 0xf4, 0xf0, 0xf1, 0xee, 0xf3, 0xf5, 0xf3, 0xf0, 0xf0, 0xee, 0xeb, 0xf1, 0xf1, 0xef, 0xf0,
    0xef, 0xf5, 0xf8, 0xf8, 0xf4, 0xf6, 0xf8, 0xfd, 0xfb, 0xfc, 0xf8, 0xf5, 0xf8, 0xf3, 0xf7, 0xf8,
    0xf9, 0xf5, 0xf1, 0xf1, 0xf5, 0xf1, 0xef, 0xed, 0xea, 0xed, 0xec, 0xec, 0xf2, 0xf4, 0xf3, 0xef,
    0xee, 0xf4, 0xf3, 0xf8, 0xf5, 0xf2, 0xf0, 0xed, 0xed, 0xf1, 0xf5, 0xf6, 0xf3, 0xf3, 0xef, 0xf3,
    0xf9, 0xfa, 0xfa, 0xfa, 0xf9, 0xf6, 0xf4, 0xf8, 0xf7, 0xf4, 0xf9, 0xfc, 0x06, 0x09, 0x0a, 0x05,
    0x03, 0x02, 0x07, 0x09, 0x08, 0x0a, 0x0c, 0x08, 0x06, 0x0a, 0x0a, 0x06, 0x0a, 0x07, 0x07, 0x0b,
    0x0a, 0x09, 0x07, 0x0b, 0x0b, 0x0d, 0x10, 0x0d, 0x08, 0x0a, 0x0a, 0x07, 0x09, 0x08, 0x03, 0x06,
    0x07, 0x07, 0x0a, 0x05, 0x06, 0x09, 0x06, 0x09, 0x04, 0x04, 0x02, 0x02, 0x01, 0x00, 0xfc, 0xfc,
    0x01, 0x05, 0x05, 0x06, 0x09, 0x08, 0x0b, 0x0c, 0x07, 0x06, 0x07, 0x05, 0x04, 0x08, 0x05, 0x07,
    0x0a, 0x0a, 0x09, 0x09, 0x06, 0x07, 0x08, 0x0c, 0x0b, 0x0b, 0x0c, 0x07, 0x04, 0x01, 0x02, 0x06,
    0x08, 0x06, 0x0b, 0x05, 0x04, 0x08, 0xfa, 0xfb, 0xfe, 0xfd, 0xf8, 0xfc, 0xfd, 0xfc, 0xf9, 0xfd,
    0xfa, 0xf6, 0xf4, 0xf7, 0xfa, 0xfc, 0x00, 0xff, 0x01, 0x01, 0x04, 0x03, 0x05, 0x01, 0x03, 0x02,
    0xff, 0xfa, 0xf7, 0xf9, 0xf7, 0xf8, 0xfc, 0xfb, 0xf7, 0xf3, 0xf0, 0xed, 0xf0, 0xef, 0xf4, 0xf4,
    0xf2, 0xf3, 0xf3, 0xf5, 0xf7, 0xfd, 0xfb, 0xfd, 0x00, 0x01, 0x01, 0xfb, 0xfd, 0xfa, 0xfe, 0xfe,
    0xf9, 0xfb, 0xff, 0xff, 0x00, 0x01, 0x01, 0xfd, 0x00, 0xfe, 0x00, 0xfd, 0xf9, 0xfb, 0xfa, 0xf9,
    0xfe, 0x00, 0x01, 0xff, 0x00, 0xfd, 0x01, 0xfc, 0xfd, 0x00, 0xfc, 0xfc, 0xfd, 0xfb, 0xf8, 0xf4,
    0xf9, 0x06, 0x03, 0x02, 0xfe, 0xfe, 0x02, 0x06, 0x07, 0x08, 0x0a, 0x0d, 0x10, 0x13, 0x14, 0x11,
    0x10, 0x0e, 0x0e, 0x0c, 0x08, 0x04, 0x01, 0x00, 0x00, 0x01, 0x00, 0x04, 0x05, 0x05, 0x05, 0x08,
    0x03, 0x04, 0x08, 0x08, 0x07, 0x07, 0x09, 0x0c, 0x08, 0x0b, 0x0a, 0x05, 0x06, 0x06, 0x07, 0x05,
    0x08, 0x08, 0x05, 0x03, 0x05, 0x03, 0x03, 0x01, 0x05, 0x05, 0x09, 0x07, 0x06, 0x07, 0x07, 0x09,
    0x04, 0x02, 0xff, 0x00, 0x04, 0x00, 0xfd, 0xff, 0x02, 0x00, 0x02, 0x01, 0x05, 0x01, 0xfe, 0x01,
    0x03, 0x02, 0xfe, 0x02, 0x00, 0x02, 0x01, 0xfd, 0xfd, 0xf9, 0xff, 0xfc, 0x00, 0xfa, 0xfb, 0xfd,
    0xfe, 0x01, 0x04, 0xff, 0xfc, 0xff, 0xfc, 0xff, 0x00, 0x01, 0x01, 0x00, 0x01, 0xfd, 0xfe, 0xfb,
    0xf9, 0xf7, 0xf6, 0xfb, 0xfe, 0xfe, 0xfd, 0x01, 0x03, 0xfe, 0xfb, 0xfe, 0xfa, 0xf9, 0xf7, 0xf5,
    0xf4, 0xf9, 0xfa, 0xfc, 0xf9, 0xfc, 0x00, 0x00, 0x01, 0xff, 0xfe, 0xfd, 0xfb, 0xfc, 0xff, 0x02,
    0xff, 0x03, 0x03, 0x00, 0xfd, 0xff, 0xfd, 0xff, 0xfd, 0xfe, 0x00, 0xfe, 0x00, 0x00, 0x02, 0x01,
    0xfe, 0xfa, 0xfa, 0xf7, 0xf4, 0xf7, 0xfa, 0xfe, 0xfb, 0xf8, 0xfa, 0xf8, 0xfa, 0xfd, 0xfc, 0xfb,
    0xfe, 0x01, 0x02, 0x03, 0x01, 0x01, 0x04, 0xff, 0x01, 0x01, 0x03, 0x09, 0x0a, 0x08, 0x04, 0x04,
    0x06, 0x08, 0x0a, 0x05, 0x05, 0x03, 0x07, 0x04, 0x04, 0x07, 0x07, 0x06, 0x08, 0x06, 0x09, 0x09,
    0x05, 0x08, 0x06, 0x04, 0x04, 0x08, 0x04, 0x06, 0x08, 0x0b, 0x0c, 0x0d, 0x09, 0x06, 0x02, 0x06,
    0x08, 0x0a, 0x0a, 0x08, 0x08, 0x07, 0x0a, 0x06, 0x06, 0x07, 0x03, 0x02, 0xff, 0x02, 0x01, 0x00,
    0xfd, 0xfc, 0x01, 0x05, 0x03, 0xff, 0x03, 0x01, 0x04, 0x06, 0x06, 0x07, 0x08, 0x05, 0x05, 0x01,
    0x00, 0x01, 0x04, 0x06, 0x05, 0x08, 0x06, 0x05, 0x04, 0x03, 0x02, 0x00, 0xff, 0x00, 0x02, 0x00,
    0xff, 0x02, 0xff, 0x01, 0x03, 0x03, 0x01, 0xfe, 0xfd, 0xff, 0xf8, 0xfa, 0xf9, 0xfa, 0xfc, 0xfa,
    0xfd, 0xfe, 0x01, 0xff, 0x01, 0x00, 0x01, 0xfe, 0x01, 0x04, 0x03, 0x05, 0x04, 0x00, 0x03, 0x02,
    0x02, 0x03, 0xff, 0x02, 0xfd, 0xff, 0xff, 0x00, 0xfe, 0x00, 0x01, 0x01, 0x00, 0xff, 0xfc, 0xf8,
    0xf6, 0xf5, 0xfa, 0xf7, 0xf8, 0xf9, 0xfb, 0xfd, 0xfe, 0xfa, 0xf7, 0xf8, 0xf7, 0xf4, 0xf2, 0xf6,
    0xf6, 0xf9, 0xfa, 0xf8, 0xfc, 0xfa, 0xfd, 0x00, 0xfd, 0xfe, 0x01, 0x03, 0x01, 0xfe, 0xfc, 0xfa,
    0xf9, 0xf6, 0xf6, 0xf9, 0xf6, 0xf4, 0xf2, 0xf4, 0xf8, 0xf9, 0xf7, 0xf9, 0xf7, 0xf8, 0xf8, 0xf6,
    0xfa, 0xfd, 0xfc, 0xfa, 0xfa, 0xf8, 0xf9, 0xfc, 0xfd, 0xfb, 0xfe, 0xff, 0xfd, 0xff, 0xfe, 0x02,
    0x03, 0x02, 0x04, 0x03, 0x00, 0xff, 0xfc, 0xfa, 0xf8, 0xf7, 0xf9, 0xfe, 0xff, 0x02, 0x00, 0x02,
    0x00, 0x02, 0xff, 0xfc, 0xff, 0xfd, 0xfb, 0x00, 0xfd, 0xfc, 0xfa, 0xfa, 0xfa, 0xf8, 0xfc, 0xfb,
    0xfb, 0xfd, 0xff, 0xff, 0x01, 0xff, 0xff, 0x01, 0x00, 0x01, 0x03, 0x02, 0x05, 0x04, 0x07, 0x08,
    0x08, 0x08, 0x09, 0x0b, 0x0c, 0x08, 0x05, 0x06, 0x07, 0x05, 0x01, 0xfd, 0xfd, 0xfe, 0xfb, 0xfd,
    0xfd, 0xfb, 0xfd, 0x00, 0xfd, 0xfb, 0xfa, 0xf9, 0xfc, 0xff, 0x01, 0xfe, 0x02, 0x04, 0x01, 0x03,
    0x05, 0x01, 0xff, 0xfe, 0xff, 0x03, 0x02, 0x04, 0x05, 0x02, 0xff, 0xff, 0xfc, 0xfa, 0xfb, 0xff,
    0xfe, 0xfc, 0xfd, 0xff, 0xfc, 0xff, 0x00, 0x04, 0x01, 0xff, 0x01, 0xff, 0x02, 0x05, 0x02, 0x04,
    0x01, 0xfe, 0x00, 0x01, 0x00, 0xfe, 0xfe, 0xfd, 0xfa, 0xfc, 0xfa, 0xf8, 0xf8, 0xfa, 0xf8, 0xfc,
    0xff, 0xfc, 0xfd, 0xfe, 0xff, 0xfe, 0xfd, 0xff, 0xfd, 0xfe, 0xfb, 0xff, 0xfd, 0xfb, 0xf8, 0xfa,
    0xfd, 0xfb, 0xfa, 0xf9, 0xfd, 0xff, 0xfd, 0xfc, 0xfa, 0xf8, 0xfc, 0xf9, 0xfa, 0xf9, 0xf8, 0xfa,
    0xfb, 0xff, 0xfc, 0xfd, 0xfb, 0xfc, 0xfa, 0xf8, 0xfa, 0xfa, 0xfb, 0xfb, 0xfe, 0xff, 0xfd, 0xfe,
    0xff, 0xfd, 0xfc, 0xfd, 0xfd, 0xfc, 0xfc, 0xfa, 0xfe, 0xfd, 0xfa, 0xfa, 0xfa, 0xfc, 0xff, 0xff,
    0xcf, 0xdd, 0xeb, 0xfa, 0x08, 0x16, 0x24, 0x32, 0xc2, 0xd0, 0xdf, 0xed, 0xfb, 0x09, 0x17, 0x25,
    0x33, 0xc3, 0xd1, 0xe0, 0xee, 0xfc, 0x0a, 0x18, 0x26, 0x34, 0xc4, 0xd2, 0xe0, 0xee, 0xfc, 0x0a,
    0x18, 0x26, 0x33, 0xc5, 0xd2, 0xe0, 0xee, 0xfc, 0x0a, 0x17, 0x25, 0x33, 0xc4, 0xd2, 0xe0, 0xee,
    0xfb, 0x09, 0x17, 0x24, 0x32, 0xc4, 0xd2, 0xdf, 0xed, 0xfa, 0x08, 0x16, 0x23, 0x31, 0xc3, 0xd1,
    0xde, 0xec, 0xf9, 0x07, 0x14, 0x21, 0x2f, 0x3c, 0xcf, 0xdd, 0xea, 0xf7, 0x05, 0x12, 0x1f, 0x2d,
    0x3a, 0xcd, 0xdb, 0xe8, 0xf5, 0x02, 0x10, 0x1d, 0x2a, 0x37, 0xcb, 0xd8, 0xe5, 0xf3, 0x00, 0x0d,
    0x1a, 0x27, 0x34, 0xc8, 0xd6, 0xe3, 0xf0, 0xfd, 0x0a, 0x17, 0x24, 0x31, 0xc5, 0xd2, 0xdf, 0xec,
    0xf9, 0x06, 0x13, 0x20, 0x2d, 0x3a, 0xcf, 0xdc, 0xe9, 0xf5, 0x02, 0x0f, 0x1c, 0x29, 0x35, 0xcb,
    0xd8, 0xe5, 0xf1, 0xfe, 0x0b, 0x17, 0x24, 0x31, 0xc7, 0xd3, 0xe0, 0xed, 0xf9, 0x06, 0x12, 0x1f,
    0x2b, 0x38, 0xcf, 0xdb, 0xe8, 0xf4, 0x01, 0x0d, 0x1a, 0x26, 0x32, 0xca, 0xd6, 0xe2, 0xef, 0xfb,
    0x08, 0x14, 0x20, 0x2d, 0x39, 0xd1, 0xdd, 0xe9, 0xf5, 0x02, 0x0e, 0x1a, 0x26, 0x33, 0xcb, 0xd7,
    0xe3, 0xef, 0xfb, 0x08, 0x14, 0x20, 0x2c, 0x38, 0xd1, 0xdd, 0xe9, 0xf5, 0x01, 0x0d, 0x19, 0x25,
    0x31, 0xca, 0xd6, 0xe2, 0xee, 0xfa, 0x06, 0x12, 0x1e, 0x29, 0x35, 0xcf, 0xdb, 0xe7, 0xf2, 0xfe,
    0x0a, 0x16, 0x22, 0x2d, 0xc8, 0xd3, 0xdf, 0xeb, 0xf7, 0x02, 0x0e, 0x1a, 0x25, 0x31, 0xcc, 0xd7,
    0xe3, 0xee, 0xfa, 0x06, 0x11, 0x1d, 0x28, 0x34, 0xcf, 0xdb, 0xe6, 0xf2, 0xfd, 0x09, 0x14, 0x1f,
    0x2b, 0x36, 0xd2, 0xdd, 0xe9, 0xf4, 0x00, 0x0b, 0x16, 0x22, 0x2d, 0xc9, 0xd4, 0xe0, 0xeb, 0xf6,
    0x02, 0x0d, 0x18, 0x23, 0x2e, 0xcb, 0xd6, 0xe2, 0xed, 0xf8, 0x03, 0x0e, 0x19, 0x24, 0x30, 0xcd,
    0xd8, 0xe3, 0xee, 0xf9, 0x04, 0x0f, 0x1a, 0x25, 0x30, 0xce, 0xd9, 0xe4, 0xef, 0xfa, 0x05, 0x10,
    0x1b, 0x25, 0x30, 0xcf, 0xd9, 0xe4, 0xef, 0xfa, 0x05, 0x10, 0x1a, 0x25, 0x30, 0xcf, 0xda, 0xe4,
    0xef, 0xfa, 0x04, 0x0f, 0x1a, 0x24, 0x2f, 0xce, 0xd9, 0xe4, 0xee, 0xf9, 0x04, 0x0e, 0x19, 0x23,
    0x2e, 0xce, 0xd8, 0xe3, 0xed, 0xf8, 0x02, 0x0d, 0x17, 0x22, 0x2c, 0xcd, 0xd7, 0xe1, 0xec, 0xf6,
    0x01, 0x0b, 0x15, 0x20, 0x2a, 0x34, 0xd5, 0xe0, 0xea, 0xf4, 0xff, 0x09, 0x13, 0x1d, 0x27, 0x32,
    0xd3, 0xdd, 0xe8, 0xf2, 0xfc, 0x06, 0x10, 0x1a, 0x25, 0x2f, 0xd1, 0xdb, 0xe5, 0xef, 0xf9, 0x03,
    0x0d, 0x17, 0x21, 0x2b, 0xce, 0xd8, 0xe2, 0xec, 0xf6, 0x00, 0x0a, 0x14, 0x1d, 0x27, 0x31, 0xd4,
    0xde, 0xe8, 0xf2, 0xfc, 0x06, 0x0f, 0x19, 0x23, 0x2d, 0xd1, 0xda, 0xe4, 0xee, 0xf8, 0x01, 0x0b,
    0x15, 0x1e, 0x28, 0x32, 0xd6, 0xe0, 0xe9, 0xf3, 0xfd, 0x06, 0x10, 0x19, 0x23, 0x2d, 0xd1, 0xdb,
    0xe4, 0xee, 0xf8, 0x01, 0x0b, 0x14, 0x1d, 0x27, 0x30, 0xd6, 0xdf, 0xe9, 0xf2, 0xfc, 0x05, 0x0e,
    0x18, 0x21, 0x2a, 0xd0, 0xda, 0xe3, 0xec, 0xf6, 0xff, 0x08, 0x11, 0x1b, 0x24, 0x2d, 0xd4, 0xdd,
    0xe6, 0xef, 0xf9, 0x02, 0x0b, 0x14, 0x1d, 0x26, 0x2f, 0xd7, 0xe0, 0xe9, 0xf2, 0xfb, 0x04, 0x0d,
    0x16, 0x1f, 0x28, 0xd0, 0xd9, 0xe2, 0xeb, 0xf4, 0xfd, 0x06, 0x0f, 0x18, 0x21, 0x2a, 0xd2, 0xdb,
    0xe4, 0xed, 0xf5, 0xfe, 0x07, 0x10, 0x19, 0x22, 0x2a, 0xd3, 0xdc, 0xe5, 0xee, 0xf6, 0xff, 0x08,
    0x11, 0x19, 0x22, 0x2b, 0xd4, 0xdd, 0xe6, 0xee, 0xf7, 0x00, 0x08, 0x11, 0x19, 0x22, 0x2b, 0xd5,
    0xdd, 0xe6, 0xee, 0xf7, 0xff, 0x08, 0x10, 0x19, 0x21, 0x2a, 0xd4, 0xdd, 0xe5, 0xee, 0xf6, 0xff,
    0x07, 0x10, 0x18, 0x20, 0x29, 0xd4, 0xdc, 0xe5, 0xed, 0xf5, 0xfe, 0x06, 0x0e, 0x17, 0x1f, 0x27,
    0xd3, 0xdb, 0xe3, 0xec, 0xf4, 0xfc, 0x04, 0x0d, 0x15, 0x1d, 0x25, 0x2d, 0xda, 0xe2, 0xea, 0xf2,
    0xfa, 0x02, 0x0a, 0x12, 0x1b, 0x23, 0x2b, 0xd8, 0xe0, 0xe8, 0xf0, 0xf8, 0x00, 0x08, 0x10, 0x18,
    0x20, 0x28, 0xd5, 0xdd, 0xe5, 0xed, 0xf5, 0xfd, 0x05, 0x0d, 0x14, 0x1c, 0x24, 0x2c, 0xda, 0xe2,
    0xea, 0xf2, 0xf9, 0x01, 0x09, 0x11, 0x19, 0x20, 0x28, 0xd7, 0xdf, 0xe6, 0xee, 0xf6, 0xfd, 0x05,
    0x0d, 0x14, 0x1c, 0x24, 0x2b, 0xdb, 0xe2, 0xea, 0xf2, 0xf9, 0x01, 0x08, 0x10, 0x17, 0x1f, 0x26,
    0xd6, 0xde, 0xe6, 0xed, 0xf5, 0xfc, 0x03, 0x0b, 0x12, 0x1a, 0x21, 0x29, 0xd9, 0xe1, 0xe8, 0xf0,
    0xf7, 0xfe, 0x06, 0x0d, 0x14, 0x1c, 0x23, 0x2a, 0xdc, 0xe3, 0xea, 0xf1, 0xf9, 0x00, 0x07, 0x0e,
    0x16, 0x1d, 0x24, 0xd6, 0xdd, 0xe4, 0xec, 0xf3, 0xfa, 0x01, 0x08, 0x0f, 0x17, 0x1e, 0x25, 0xd7,
    0xde, 0xe6, 0xed, 0xf4, 0xfb, 0x02, 0x09, 0x10, 0x17, 0x1e, 0x25, 0xd8, 0xdf, 0xe6, 0xed, 0xf4,
    0xfb, 0x02, 0x09, 0x10, 0x17, 0x1d, 0x24, 0xd8, 0xdf, 0xe6, 0xed, 0xf4, 0xfb, 0x01, 0x08, 0x0f,
    0x16, 0x1d, 0x23, 0xd8, 0xdf, 0xe6, 0xec, 0xf3, 0xfa, 0x01, 0x07, 0x0e, 0x15, 0x1b, 0x22, 0x29,
    0xde, 0xe5, 0xeb, 0xf2, 0xf9, 0xff, 0x06, 0x0c, 0x13, 0x1a, 0x20, 0x27, 0xdd, 0xe3, 0xea, 0xf0,
    0xf7, 0xfd, 0x04, 0x0a, 0x11, 0x17, 0x1e, 0x24, 0xdb, 0xe1, 0xe8, 0xee, 0xf5, 0xfb, 0x01, 0x08,
    0x0e, 0x15, 0x1b, 0x21, 0xd9, 0xdf, 0xe5, 0xec, 0xf2, 0xf8, 0xff, 0x05, 0x0b, 0x11, 0x18, 0x1e,
    0x24, 0xdc, 0xe2, 0xe9, 0xef, 0xf5, 0xfb, 0x02, 0x08, 0x0e, 0x14, 0x1a, 0x20, 0x26, 0xdf, 0xe5,
    0xeb, 0xf2, 0xf8, 0xfe, 0x04, 0x0a, 0x10, 0x16, 0x1c, 0x22, 0xdc, 0xe2, 0xe8, 0xee, 0xf4, 0xfa,
    0x00, 0x06, 0x0c, 0x12, 0x17, 0x1d, 0x23, 0xdd, 0xe3, 0xe9, 0xef, 0xf5, 0xfb, 0x01, 0x07, 0x0d,
    0x12, 0x18, 0x1e, 0x24, 0xdf, 0xe5, 0xea, 0xf0, 0xf6, 0xfc, 0x02, 0x07, 0x0d, 0x13, 0x19, 0x1e,
    0x24, 0xe0, 0xe5, 0xeb, 0xf1, 0xf6, 0xfc, 0x02, 0x07, 0x0d, 0x13, 0x18, 0x1e, 0x23, 0xe0, 0xe5,
    0xeb, 0xf1, 0xf6, 0xfc, 0x01, 0x07, 0x0c, 0x12, 0x18, 0x1d, 0x23, 0xe0, 0xe5, 0xeb, 0xf0, 0xf6,
    0xfb, 0x00, 0x06, 0x0b, 0x11, 0x16, 0x1c, 0x21, 0xdf, 0xe4, 0xea, 0xef, 0xf4, 0xfa, 0xff, 0x04,
    0x0a, 0x0f, 0x14, 0x1a, 0x1f, 0xdd, 0xe3, 0xe8, 0xed, 0xf3, 0xf8, 0xfd, 0x03, 0x08, 0x0d, 0x12,
    0x17, 0x1d, 0x22, 0xe1, 0xe6, 0xeb, 0xf1, 0xf6, 0xfb, 0x00, 0x05, 0x0a, 0x0f, 0x15, 0x1a, 0x1f,
    0xdf, 0xe4, 0xe9, 0xee, 0xf3, 0xf8, 0xfd, 0x02, 0x07, 0x0c, 0x11, 0x16, 0x1b, 0x20, 0xe1, 0xe6,
    0xeb, 0xf0, 0xf5, 0xfa, 0xff, 0x04, 0x09, 0x0e, 0x13, 0x18, 0x1c, 0x21, 0xe3, 0xe8, 0xed, 0xf1,
    0xf6, 0xfb, 0x00, 0x05, 0x0a, 0x0e, 0x13, 0x18, 0x1d, 0xdf, 0xe4, 0xe9, 0xee, 0xf2, 0xf7, 0xfc,
    0x01, 0x05, 0x0a, 0x0f, 0x13, 0x18, 0x1d, 0xe0, 0xe4, 0xe9, 0xee, 0xf3, 0xf7, 0xfc, 0x00, 0x05,
    0x0a, 0x0e, 0x13, 0x17, 0x1c, 0xe0, 0xe5, 0xe9, 0xee, 0xf2, 0xf7, 0xfb, 0x00, 0x04, 0x09, 0x0d,
    0x12, 0x16, 0x1b, 0x1f, 0xe4, 0xe9, 0xed, 0xf1, 0xf6, 0xfa, 0xff, 0x03, 0x08, 0x0c, 0x10, 0x15,
    0x19, 0x1e, 0xe3, 0xe7, 0xec, 0xf0, 0xf5, 0xf9, 0xfd, 0x02, 0x06, 0x0a, 0x0e, 0x13, 0x17, 0x1b,
    0xe2, 0xe6, 0xea, 0xee, 0xf3, 0xf7, 0xfb, 0xff, 0x04, 0x08, 0x0c, 0x10, 0x14, 0x19, 0x1d, 0xe4,
    0xe8, 0xec, 0xf0, 0xf5, 0xf9, 0xfd, 0x01, 0x05, 0x09, 0x0d, 0x11, 0x15, 0x19, 0x1d, 0xe5, 0xea,
    0xee, 0xf2, 0xf6, 0xfa, 0xfe, 0x02, 0x06, 0x0a, 0x0e, 0x12, 0x16, 0x1a, 0xe3, 0xe6, 0xea, 0xee,
    0xf2, 0xf6, 0xfa, 0xfe, 0x02, 0x06, 0x0a, 0x0e, 0x12, 0x16, 0x19, 0xe3, 0xe7, 0xeb, 0xef, 0xf3,
    0xf6, 0xfa, 0xfe, 0x02, 0x06, 0x0a, 0x0d, 0x11, 0x15, 0x19, 0x1c, 0xe7, 0xeb, 0xee, 0xf2, 0xf6,
    0xfa, 0xfd, 0x01, 0x05, 0x09, 0x0c, 0x10, 0x14, 0x17, 0x1b, 0xe6, 0xea, 0xee, 0xf1, 0xf5, 0xf9,
    0xfc, 0x00, 0x03, 0x07, 0x0b, 0x0e, 0x12, 0x15, 0x19, 0xe5, 0xe9, 0xec, 0xf0, 0xf3, 0xf7, 0xfb,
    0xfe, 0x02, 0x05, 0x09, 0x0c, 0x10, 0x13, 0x17, 0x1a, 0xe7, 0xeb, 0xee, 0xf2, 0xf5, 0xf8, 0xfc,
    0xff, 0x03, 0x06, 0x0a, 0x0d, 0x10, 0x14, 0x17, 0x1a, 0xe8, 0xec, 0xef, 0xf3, 0xf6, 0xf9, 0xfd,
    0x00, 0x03, 0x07, 0x0a, 0x0d, 0x10, 0x14, 0x17, 0x1a, 0xe9, 0xec, 0xf0, 0xf3, 0xf6, 0xf9, 0xfd,
    0x00, 0x03, 0x06, 0x0a, 0x0d, 0x10, 0x13, 0x16, 0x19, 0xe9, 0xec, 0xf0, 0xf3, 0xf6, 0xf9, 0xfc,
    0xff, 0x02, 0x06, 0x09, 0x0c, 0x0f, 0x12, 0x15, 0x18, 0xe9, 0xec, 0xef, 0xf2, 0xf5, 0xf8, 0xfb,
    0xfe, 0x01, 0x04, 0x07, 0x0a, 0x0d, 0x10, 0x13, 0x16, 0xe8, 0xeb, 0xee, 0xf1, 0xf4, 0xf7, 0xfa,
    0xfd, 0x00, 0x03, 0x05, 0x08, 0x0b, 0x0e, 0x11, 0x14, 0x17, 0xe9, 0xec, 0xef, 0xf2, 0xf5, 0xf8,
    0xfb, 0xfe, 0x00, 0x03, 0x06, 0x09, 0x0c, 0x0e, 0x11, 0x14, 0x17, 0xea, 0xed, 0xf0, 0xf3, 0xf6,
    0xf8, 0xfb, 0xfe, 0x00, 0x03, 0x06, 0x09, 0x0b, 0x0e, 0x11, 0x13, 0x16, 0xeb, 0xed, 0xf0, 0xf3,
    0xf5, 0xf8, 0xfb, 0xfd, 0x00, 0x03, 0x05, 0x08, 0x0b, 0x0d, 0x10, 0x12, 0x15, 0xea, 0xed, 0xf0,
    0xf2, 0xf5, 0xf7, 0xfa, 0xfd, 0xff, 0x02, 0x04, 0x07, 0x09, 0x0c, 0x0e, 0x11, 0x13, 0x16, 0xec,
    0xef, 0xf1, 0xf4, 0xf6, 0xf9, 0xfb, 0xfe, 0x00, 0x03, 0x05, 0x07, 0x0a, 0x0c, 0x0f, 0x11, 0x13,
    0xeb, 0xed, 0xf0, 0xf2, 0xf5, 0xf7, 0xf9, 0xfc, 0xfe, 0x00, 0x03, 0x05, 0x07, 0x0a, 0x0c, 0x0e,
    0x11, 0x13, 0xec, 0xee, 0xf0, 0xf3, 0xf5, 0xf7, 0xf9, 0xfc, 0xfe, 0x00, 0x02, 0x05, 0x07, 0x09,
    0x0b, 0x0e, 0x10, 0x12, 0x14, 0xee, 0xf0, 0xf2, 0xf5, 0xf7, 0xf9, 0xfb, 0xfd, 0xff, 0x02, 0x04,
    0x06, 0x08, 0x0a, 0x0c, 0x0e, 0x10, 0x13, 0xed, 0xf0, 0xf2, 0xf4, 0xf6, 0xf8, 0xfa, 0xfc, 0xfe,
    0x00, 0x02, 0x04, 0x06, 0x08, 0x0a, 0x0c, 0x0e, 0x10, 0x12, 0xee, 0xf1, 0xf3, 0xf5, 0xf7, 0xf9,
    0xfb, 0xfd, 0xff, 0x00, 0x02, 0x04, 0x06, 0x08, 0x0a, 0x0c, 0x0e, 0x10, 0x12, 0xef, 0xf1, 0xf3,
    0xf5, 0xf7, 0xf9, 0xfa, 0xfc, 0xfe, 0x00, 0x02, 0x04, 0x06, 0x08, 0x09, 0x0b, 0x0d, 0x0f, 0x11,
    0xef, 0xf1, 0xf3, 0xf4, 0xf6, 0xf8, 0xfa, 0xfc, 0xfd, 0xff, 0x01, 0x03, 0x05, 0x06, 0x08, 0x0a,
    0x0c, 0x0d, 0x0f, 0x11, 0xf0, 0xf2, 0xf4, 0xf5, 0xf7, 0xf9, 0xfa, 0xfc, 0xfe, 0x00, 0x01, 0x03,
    0x05, 0x06, 0x08, 0x0a, 0x0b, 0x0d, 0x0e, 0x10, 0xf1, 0xf2, 0xf4, 0xf6, 0xf7, 0xf9, 0xfb, 0xfc,
    0xfe, 0xff, 0x01, 0x03, 0x04, 0x06, 0x07, 0x09, 0x0a, 0x0c, 0x0d, 0x0f, 0xf1, 0xf2, 0xf4, 0xf5,
    0xf7, 0xf8, 0xfa, 0xfc, 0xfd, 0xff, 0x00, 0x02, 0x03, 0x05, 0x06, 0x08, 0x09, 0x0a, 0x0c, 0x0d,
    0x0f, 0xf2, 0xf3, 0xf5, 0xf6, 0xf8, 0xf9, 0xfb, 0xfc, 0xfd, 0xff, 0x00, 0x02, 0x03, 0x04, 0x06,
    0x07, 0x09, 0x0a, 0x0b, 0x0d, 0x0e, 0xf2, 0xf4, 0xf5, 0xf6, 0xf8, 0xf9, 0xfa, 0xfc, 0xfd, 0xff,
    0x00, 0x01, 0x02, 0x04, 0x05, 0x06, 0x08, 0x09, 0x0a, 0x0b, 0x0d, 0xf2, 0xf4, 0xf5, 0xf6, 0xf7,
    0xf9, 0xfa, 0xfb, 0xfc, 0xfe, 0xff, 0x00, 0x01, 0x03, 0x04, 0x05, 0x06, 0x07, 0x09, 0x0a, 0x0b,
    0x0c, 0xf3, 0xf4, 0xf5, 0xf7, 0xf8, 0xf9, 0xfa, 0xfb, 0xfd, 0xfe, 0xff, 0x00, 0x01, 0x02, 0x03,
    0x05, 0x06, 0x07, 0x08, 0x09, 0x0a, 0x0b, 0x0c, 0xf4, 0xf5, 0xf7, 0xf8, 0xf9, 0xfa, 0xfb, 0xfc,
    0xfd, 0xfe, 0xff, 0x00, 0x01, 0x02, 0x04, 0x05, 0x06, 0x07, 0x08, 0x09, 0x0a, 0x0b, 0x0c, 0xf5,
    0xf6, 0xf7, 0xf8, 0xf9, 0xfa, 0xfb, 0xfc, 0xfd, 0xfe, 0xff, 0x00, 0x01, 0x02, 0x03, 0x04, 0x05,
    0x06, 0x07, 0x08, 0x09, 0x0a, 0x0a, 0xf5, 0xf6, 0xf7, 0xf8, 0xf9, 0xfa, 0xfb, 0xfc, 0xfd, 0xfe,
    0xff, 0x00, 0x00, 0x01, 0x02, 0x03, 0x04, 0x05, 0x06, 0x06, 0x07, 0x08, 0x09, 0x0a, 0xf6, 0xf7,
    0xf8, 0xf9, 0xfa, 0xfa, 0xfb, 0xfc, 0xfd, 0xfe, 0xff, 0xff, 0x00, 0x01, 0x02, 0x03, 0x03, 0x04,
    0x05, 0x06, 0x06, 0x07, 0x08, 0x09, 0x09, 0xf7, 0xf8, 0xf9, 0xfa, 0xfa, 0xfb, 0xfc, 0xfd, 0xfd,
    0xfe, 0xff, 0x00, 0x00, 0x01, 0x02, 0x02, 0x03, 0x04, 0x04, 0x05, 0x06, 0x06, 0x07, 0x08, 0x08,
    0xf8, 0xf8, 0xf9, 0xfa, 0xfb, 0xfb, 0xfc, 0xfd, 0xfd, 0xfe, 0xff, 0xff, 0x00, 0x00, 0x01, 0x02,
    0x02, 0x03, 0x04, 0x04, 0x05, 0x05, 0x06, 0x06, 0x07, 0x08, 0xf9, 0xf9, 0xfa, 0xfa, 0xfb, 0xfc,
    0xfc, 0xfd, 0xfd, 0xfe, 0xff, 0xff, 0x00, 0x00, 0x01, 0x01, 0x02, 0x02, 0x03, 0x03, 0x04, 0x04,
    0x05, 0x05, 0x06, 0x06, 0x07, 0xfa, 0xfa, 0xfb, 0xfb, 0xfc, 0xfc, 0xfd, 0xfd, 0xfe, 0xfe, 0xff,
    0xff, 0x00, 0x00, 0x01, 0x01, 0x01, 0x02, 0x02, 0x03, 0x03, 0x04, 0x04, 0x05, 0x05, 0x05, 0x06,
    0xfa, 0xfa, 0xfb, 0xfb, 0xfc, 0xfc, 0xfd, 0xfd, 0xfe, 0xfe, 0xfe, 0xff, 0xff, 0x00, 0x00, 0x00,
    0x01, 0x01, 0x02, 0x02, 0x02, 0x03, 0x03, 0x03, 0x04, 0x04, 0x04, 0x05, 0x05, 0xfb, 0xfb, 0xfc,
    0xfc, 0xfd, 0xfd, 0xfd, 0xfe, 0xfe, 0xfe, 0xff, 0xff, 0xff, 0x00, 0x00, 0x00, 0x01, 0x01, 0x01,
    0x02, 0x02, 0x02, 0x02, 0x03, 0x03, 0x03, 0x04, 0x04, 0x04, 0xfc, 0xfc, 0xfc, 0xfd, 0xfd, 0xfd,
    0xfe, 0xfe, 0xfe, 0xfe, 0xff, 0xff, 0xff, 0xff, 0x00, 0x00, 0x00, 0x00, 0x01, 0x01, 0x01, 0x01,
    0x02, 0x02, 0x02, 0x02, 0x02, 0x03, 0x03, 0x03, 0x03, 0xfd, 0xfd, 0xfd, 0xfe, 0xfe, 0xfe, 0xfe,
    0xfe, 0xff, 0xff, 0xff, 0xff, 0xff, 0x00, 0x00, 0x00, 0x00, 0x00, 0x00, 0x01, 0x01, 0x01, 0x01,
    0x01, 0x01, 0x01, 0x02, 0x02, 0x02, 0x02, 0x02, 0x02, 0xfe, 0xfe, 0xfe, 0xfe, 0xfe, 0xff, 0xff,
    0xff, 0xff, 0xff, 0xff, 0xff, 0x00, 0x00, 0x00, 0x00, 0x00, 0x00, 0x00, 0x00, 0x00, 0x00, 0x01,
    0x01, 0x01, 0x01, 0x01, 0x01, 0x01, 0x01, 0x01, 0x01, 0x01, 0x01, 0xff, 0xff, 0xff, 0xff, 0xff,
    0xff, 0xff, 0xff, 0x00, 0x00, 0x00, 0x00, 0x00, 0x00, 0x00, 0x00, 0x00, 0x00, 0x00, 0x00, 0x00,
    0x00, 0x00, 0x00, 0x00, 0x00, 0x00, 0x00, 0x00, 0x00, 0x00, 0x00, 0x00, 0x00, 0x00, 0x00, 0x00,
};
static const unsigned short sfx_table[SFX_COUNT][2] = {{0, 400}, {800, 1200}, {3200, 800}, {4800, 2400}, {9600, 1000}};   /* byte offset, words */
#define SFX_RATE_PERIOD 443   /* Paula period for the 8000 Hz samples */
/* the jingles, in the order of the Game.snd bits JG_STAGE .. JG_BONUS: (period, ticks) of each note, period 0 = a rest */
static const unsigned short jingle_notes[26][2] = {{566, 7}, {424, 7}, {336, 7}, {283, 7}, {212, 28}, {424, 12}, {504, 12}, {635, 12}, {847, 24}, {424, 6}, {504, 6}, {635, 6}, {755, 6}, {847, 24}, {424, 5}, {336, 5}, {283, 5}, {212, 5}, {283, 5}, {212, 20}, {283, 4}, {212, 4}, {283, 4}, {212, 4}, {283, 4}, {212, 16}};
static const unsigned short jingle_table[5][2] = {{0, 5}, {5, 4}, {9, 5}, {14, 6}, {20, 6}};   /* first note, count */

#endif
